/home/shr25/miniconda3/lib/python3.13/site-packages/torch/cuda/__init__.py:63: FutureWarning: The pynvml package is deprecated. Please install nvidia-ml-py instead. If you did not install pynvml directly, please report this to the maintainers of the package that installed pynvml for you.
  import pynvml  # type: ignore[import]
Traceback (most recent call last):
  File "/home/shr25/service_aware_geometric_optimization/experiments/experiment_duke.py", line 33, in <module>
    from boresight_pathsolver import create_zone_mask
  File "/home/shr25/service_aware_geometric_optimization/src/boresight_pathsolver.py", line 30, in <module>
    from triangulate import (
    ...<4 lines>...
    )
  File "/home/shr25/service_aware_geometric_optimization/src/triangulate.py", line 9, in <module>
    import scipy.stats.qmc as qmc
  File "/home/shr25/miniconda3/lib/python3.13/site-packages/scipy/stats/__init__.py", line 628, in <module>
    from ._stats_py import *
  File "/home/shr25/miniconda3/lib/python3.13/site-packages/scipy/stats/_stats_py.py", line 3751, in <module>
    @_axis_nan_policy_factory(
     ~~~~~~~~~~~~~~~~~~~~~~~~^
        F_onewayResult, n_samples=None, too_small=_f_oneway_is_too_small)
        ^^^^^^^^^^^^^^^^^^^^^^^^^^^^^^^^^^^^^^^^^^^^^^^^^^^^^^^^^^^^^^^^^
  File "/home/shr25/miniconda3/lib/python3.13/site-packages/scipy/stats/_axis_nan_policy.py", line 682, in axis_nan_policy_decorator
    doc = FunctionDoc(axis_nan_policy_wrapper)
  File "/home/shr25/miniconda3/lib/python3.13/site-packages/scipy/_lib/_docscrape.py", line 589, in __init__
    NumpyDocString.__init__(self, doc, config)
    ~~~~~~~~~~~~~~~~~~~~~~~^^^^^^^^^^^^^^^^^^^
  File "/home/shr25/miniconda3/lib/python3.13/site-packages/scipy/_lib/_docscrape.py", line 148, in __init__
    self._parse()
    ~~~~~~~~~~~^^
  File "/home/shr25/miniconda3/lib/python3.13/site-packages/scipy/_lib/_docscrape.py", line 412, in _parse
    self[section] = self._parse_param_list(content)
                    ~~~~~~~~~~~~~~~~~~~~~~^^^^^^^^^
  File "/home/shr25/miniconda3/lib/python3.13/site-packages/scipy/_lib/_docscrape.py", line 225, in _parse_param_list
    content = dedent_lines(content)
  File "/home/shr25/miniconda3/lib/python3.13/site-packages/scipy/_lib/_docscrape.py", line 575, in dedent_lines
    return textwrap.dedent("\n".join(lines)).split("\n")
           ~~~~~~~~~~~~~~~^^^^^^^^^^^^^^^^^^
  File "/home/shr25/miniconda3/lib/python3.13/textwrap.py", line 436, in dedent
    indents = _leading_whitespace_re.findall(text)
KeyboardInterrupt
/home/shr25/miniconda3/lib/python3.13/site-packages/torch/cuda/__init__.py:63: FutureWarning: The pynvml package is deprecated. Please install nvidia-ml-py instead. If you did not install pynvml directly, please report this to the maintainers of the package that installed pynvml for you.
  import pynvml  # type: ignore[import]
[31m2026-05-24 17:56:25 WARN  [HDRFilm] Monochrome mode enabled, setting film output pixel format to 'luminance' (was rgb).
Scene loaded: duke  |  freq=[3.7] GHz
square    : 4 vertices, center=[0.0, 0.0]
circle    : 64 vertices, center=[0.0, 0.0]
splat     : 120 vertices, center=[0.0, 0.0]
l_shape   : 6 vertices, center=[0.0, 0.0]
Experiment: duke  |  32 total runs
Output root: /home/shr25/service_aware_geometric_optimization/results/duke
Building polygons loaded: 152 (excluded from SINR stats)
[  1/32] SKIP  square_medium_n300
[  2/32] SKIP  square_medium_n500
[  3/32] SKIP  square_medium_n700

[  4/32] START square_medium_n1000
Creating polygon
Traceback (most recent call last):
  File "/home/shr25/service_aware_geometric_optimization/experiments/experiment_duke.py", line 333, in <module>
    zone_mask, _, zone_stats = create_zone_mask(
                               ~~~~~~~~~~~~~~~~^
        map_config=MAP_CONFIG,
        ^^^^^^^^^^^^^^^^^^^^^^
    ...<4 lines>...
        exclude_buildings=True,
        ^^^^^^^^^^^^^^^^^^^^^^^
    )
    ^
  File "/home/shr25/service_aware_geometric_optimization/src/boresight_pathsolver.py", line 257, in create_zone_mask
    if prepared_polygon.contains(point):
       ~~~~~~~~~~~~~~~~~~~~~~~~~^^^^^^^
  File "/home/shr25/miniconda3/lib/python3.13/site-packages/shapely/prepared.py", line 33, in contains
    return self.context.contains(other)
           ~~~~~~~~~~~~~~~~~~~~~^^^^^^^
  File "/home/shr25/miniconda3/lib/python3.13/site-packages/shapely/geometry/base.py", line 774, in contains
    return _maybe_unpack(shapely.contains(self, other))
                         ~~~~~~~~~~~~~~~~^^^^^^^^^^^^^
  File "/home/shr25/miniconda3/lib/python3.13/site-packages/shapely/decorators.py", line 88, in wrapped
    return func(*args, **kwargs)
  File "/home/shr25/miniconda3/lib/python3.13/site-packages/shapely/predicates.py", line 608, in contains
    return lib.contains(a, b, **kwargs)
           ~~~~~~~~~~~~^^^^^^^^^^^^^^^^
KeyboardInterrupt
[0m/home/shr25/miniconda3/lib/python3.13/site-packages/torch/cuda/__init__.py:63: FutureWarning: The pynvml package is deprecated. Please install nvidia-ml-py instead. If you did not install pynvml directly, please report this to the maintainers of the package that installed pynvml for you.
  import pynvml  # type: ignore[import]
[31m2026-05-24 21:59:34 WARN  [HDRFilm] Monochrome mode enabled, setting film output pixel format to 'luminance' (was rgb).
Scene loaded: duke  |  freq=[3.7] GHz
square    : 4 vertices, center=[0.0, 0.0]
circle    : 64 vertices, center=[0.0, 0.0]
splat     : 120 vertices, center=[0.0, 0.0]
l_shape   : 6 vertices, center=[0.0, 0.0]
Experiment: duke  |  16 total runs
Output root: /home/shr25/service_aware_geometric_optimization/results/duke
Building polygons loaded: 152 (excluded from SINR stats)

[  1/16] START square_large_n300
Creating polygon
Traceback (most recent call last):
  File "/home/shr25/service_aware_geometric_optimization/experiments/experiment_duke.py", line 332, in <module>
    zone_mask, _, zone_stats = create_zone_mask(
                               ~~~~~~~~~~~~~~~~^
        map_config=MAP_CONFIG,
        ^^^^^^^^^^^^^^^^^^^^^^
    ...<4 lines>...
        exclude_buildings=True,
        ^^^^^^^^^^^^^^^^^^^^^^^
    )
    ^
  File "/home/shr25/service_aware_geometric_optimization/src/boresight_pathsolver.py", line 257, in create_zone_mask
    if prepared_polygon.contains(point):
       ~~~~~~~~~~~~~~~~~~~~~~~~~^^^^^^^
  File "/home/shr25/miniconda3/lib/python3.13/site-packages/shapely/prepared.py", line 33, in contains
    return self.context.contains(other)
           ~~~~~~~~~~~~~~~~~~~~~^^^^^^^
  File "/home/shr25/miniconda3/lib/python3.13/site-packages/shapely/geometry/base.py", line 774, in contains
    return _maybe_unpack(shapely.contains(self, other))
                         ~~~~~~~~~~~~~~~~^^^^^^^^^^^^^
  File "/home/shr25/miniconda3/lib/python3.13/site-packages/shapely/decorators.py", line 88, in wrapped
    return func(*args, **kwargs)
  File "/home/shr25/miniconda3/lib/python3.13/site-packages/shapely/predicates.py", line 551, in contains
    @multithreading_enabled
    
KeyboardInterrupt
[0m/home/shr25/miniconda3/lib/python3.13/site-packages/torch/cuda/__init__.py:63: FutureWarning: The pynvml package is deprecated. Please install nvidia-ml-py instead. If you did not install pynvml directly, please report this to the maintainers of the package that installed pynvml for you.
  import pynvml  # type: ignore[import]
[31m2026-05-24 22:00:11 WARN  [HDRFilm] Monochrome mode enabled, setting film output pixel format to 'luminance' (was rgb).
Scene loaded: duke  |  freq=[3.7] GHz
square    : 4 vertices, center=[0.0, 0.0]
circle    : 64 vertices, center=[0.0, 0.0]
splat     : 120 vertices, center=[0.0, 0.0]
l_shape   : 6 vertices, center=[0.0, 0.0]
Experiment: duke  |  16 total runs
Output root: /home/shr25/service_aware_geometric_optimization/results/duke
Building polygons loaded: 152 (excluded from SINR stats)

[  1/16] START square_large_n300
Creating polygon
  Zone cells: 1934687
seed_bs_positions: cluster 2 has no candidate >= 250.0 m from existing BSs; relaxing separation constraint for this station.
  bs_0: (-397.8, 351.5, 50.0)
  bs_1: (397.8, -354.4, 50.0)
  bs_2: (-325.5, -397.7, 50.0)
  bs_3: (379.0, 380.9, 50.0)
  Jammers: 8 evenly placed at 200 m standoff
  Run 1: BS warm-up (100 iter, inside coverage only)
-700.0

======================================================================
MULTI-TX SIR OPTIMIZATION  (4 transmitters)
======================================================================
Tx Position: [-397.75201416015625, 351.5076599121094, 50.0]
look_at_position: [0.0, 0.0, 1.5]
Tx Position: [397.7600402832031, -354.3757019042969, 50.0]
look_at_position: [0.0, 0.0, 1.5]
Tx Position: [-325.5242614746094, -397.6785583496094, 50.0]
look_at_position: [0.0, 0.0, 1.5]
Tx Position: [378.99468994140625, 380.86126708984375, 50.0]
look_at_position: [0.0, 0.0, 1.5]
  [dbg] mean SINR_dB inside : 4.54485
  [dbg] mean SINR_dB outside: -7.55485
  [dbg] L_in=359.189  L_out=4.89556  L_uniform=477.278  L_min_j=[0]  L_spread=[0]
  Iter   1/100  loss=3639.6187  (8.0s)
  [dbg] mean SINR_dB inside : 3.96359
  [dbg] mean SINR_dB outside: -7.73833
  [dbg] L_in=405.542  L_out=5.82966  L_uniform=541.241  L_min_j=[0]  L_spread=[0]
  Iter   2/100  loss=4109.5449  (1.0s)
  [dbg] mean SINR_dB inside : 4.01163
  [dbg] mean SINR_dB outside: -7.53435
  [dbg] L_in=410.095  L_out=7.67745  L_uniform=552.752  L_min_j=[0]  L_spread=[0]
  Iter   3/100  loss=4156.2212  (1.0s)
  [dbg] mean SINR_dB inside : 3.40677
  [dbg] mean SINR_dB outside: -7.55494
  [dbg] L_in=452.099  L_out=9.16752  L_uniform=606.192  L_min_j=[0]  L_spread=[0]
  Iter   4/100  loss=4581.6064  (1.0s)
  [dbg] mean SINR_dB inside : 3.90915
  [dbg] mean SINR_dB outside: -7.28296
  [dbg] L_in=423.744  L_out=10.1668  L_uniform=574.959  L_min_j=[0]  L_spread=[0]
  Iter   5/100  loss=4294.9404  (1.0s)
  [dbg] mean SINR_dB inside : 4.11965
  [dbg] mean SINR_dB outside: -7.17931
  [dbg] L_in=417.932  L_out=11.1629  L_uniform=573.858  L_min_j=[0]  L_spread=[0]
  Iter   6/100  loss=4236.7036  (1.0s)
  [dbg] mean SINR_dB inside : 3.96497
  [dbg] mean SINR_dB outside: -6.78935
  [dbg] L_in=422.938  L_out=12.0833  L_uniform=576.176  L_min_j=[0]  L_spread=[0]
  Iter   7/100  loss=4286.9976  (1.0s)
  [dbg] mean SINR_dB inside : 3.9462
  [dbg] mean SINR_dB outside: -6.34913
  [dbg] L_in=426.166  L_out=13.6713  L_uniform=581.702  L_min_j=[0]  L_spread=[0]
  Iter   8/100  loss=4319.8330  (1.0s)
  [dbg] mean SINR_dB inside : 4.26646
  [dbg] mean SINR_dB outside: -6.3416
  [dbg] L_in=403.295  L_out=14.4948  L_uniform=551.909  L_min_j=[0]  L_spread=[0]
  Iter   9/100  loss=4088.1411  (1.0s)
  [dbg] mean SINR_dB inside : 4.43771
  [dbg] mean SINR_dB outside: -6.65424
  [dbg] L_in=395.032  L_out=15.6122  L_uniform=543.833  L_min_j=[0]  L_spread=[0]
  Iter  10/100  loss=4004.7026  (1.0s)
  [dbg] mean SINR_dB inside : 3.94218
  [dbg] mean SINR_dB outside: -6.14344
  [dbg] L_in=429.886  L_out=17.1352  L_uniform=588.949  L_min_j=[0]  L_spread=[0]
  Iter  11/100  loss=4357.7554  (0.9s)
  [dbg] mean SINR_dB inside : 3.83492
  [dbg] mean SINR_dB outside: -5.73398
  [dbg] L_in=435.269  L_out=17.7989  L_uniform=594.344  L_min_j=[0]  L_spread=[0]
  Iter  12/100  loss=4412.1226  (1.0s)
  [dbg] mean SINR_dB inside : 4.40858
  [dbg] mean SINR_dB outside: -5.74121
  [dbg] L_in=404.968  L_out=18.8355  L_uniform=562.277  L_min_j=[0]  L_spread=[0]
  Iter  13/100  loss=4105.9033  (1.0s)
  [dbg] mean SINR_dB inside : 4.34644
  [dbg] mean SINR_dB outside: -5.76692
  [dbg] L_in=413.321  L_out=19.2488  L_uniform=575.928  L_min_j=[0]  L_spread=[0]
  Iter  14/100  loss=4190.7988  (1.0s)
  [dbg] mean SINR_dB inside : 4.2086
  [dbg] mean SINR_dB outside: -6.01308
  [dbg] L_in=421.545  L_out=20.0691  L_uniform=585.554  L_min_j=[0]  L_spread=[0]
  Iter  15/100  loss=4274.0088  (1.0s)
  [dbg] mean SINR_dB inside : 4.33878
  [dbg] mean SINR_dB outside: -5.65239
  [dbg] L_in=419.262  L_out=20.467  L_uniform=587.436  L_min_j=[0]  L_spread=[0]
  Iter  16/100  loss=4251.3638  (0.8s)
  [dbg] mean SINR_dB inside : 4.14468
  [dbg] mean SINR_dB outside: -5.44812
  [dbg] L_in=427.673  L_out=21.081  L_uniform=594.653  L_min_j=[0]  L_spread=[0]
  Iter  17/100  loss=4336.1943  (0.8s)
  [dbg] mean SINR_dB inside : 4.51871
  [dbg] mean SINR_dB outside: -4.87692
  [dbg] L_in=404.485  L_out=20.5742  L_uniform=566.726  L_min_j=[0]  L_spread=[0]
  Iter  18/100  loss=4101.5244  (0.8s)
  [dbg] mean SINR_dB inside : 4.4962
  [dbg] mean SINR_dB outside: -5.38237
  [dbg] L_in=409.495  L_out=20.8347  L_uniform=575.66  L_min_j=[0]  L_spread=[0]
  Iter  19/100  loss=4152.5186  (0.8s)
  [dbg] mean SINR_dB inside : 4.78863
  [dbg] mean SINR_dB outside: -5.2184
  [dbg] L_in=392.318  L_out=21.2616  L_uniform=555.547  L_min_j=[0]  L_spread=[0]
  Iter  20/100  loss=3978.7366  (0.8s)
  [dbg] mean SINR_dB inside : 4.62289
  [dbg] mean SINR_dB outside: -4.80321
  [dbg] L_in=404.114  L_out=21.2129  L_uniform=571.09  L_min_j=[0]  L_spread=[0]
  Iter  21/100  loss=4098.2505  (0.8s)
  [dbg] mean SINR_dB inside : 4.81018
  [dbg] mean SINR_dB outside: -4.73772
  [dbg] L_in=391.94  L_out=22.2982  L_uniform=555.848  L_min_j=[0]  L_spread=[0]
  Iter  22/100  loss=3974.9897  (0.8s)
  [dbg] mean SINR_dB inside : 4.7825
  [dbg] mean SINR_dB outside: -4.78995
  [dbg] L_in=396.856  L_out=23.009  L_uniform=564.356  L_min_j=[0]  L_spread=[0]
  Iter  23/100  loss=4024.9985  (0.8s)
  [dbg] mean SINR_dB inside : 5.0125
  [dbg] mean SINR_dB outside: -4.47289
  [dbg] L_in=378.845  L_out=23.1091  L_uniform=539.439  L_min_j=[0]  L_spread=[0]
  Iter  24/100  loss=3842.3982  (0.8s)
  [dbg] mean SINR_dB inside : 5.20945
  [dbg] mean SINR_dB outside: -4.50137
  [dbg] L_in=368.562  L_out=23.7536  L_uniform=528.304  L_min_j=[0]  L_spread=[0]
  Iter  25/100  loss=3738.4551  (0.8s)
  [dbg] mean SINR_dB inside : 4.68348
  [dbg] mean SINR_dB outside: -4.28929
  [dbg] L_in=404.196  L_out=24.0616  L_uniform=574.283  L_min_j=[0]  L_spread=[0]
  Iter  26/100  loss=4099.3892  (0.8s)
  [dbg] mean SINR_dB inside : 4.83953
  [dbg] mean SINR_dB outside: -4.68545
  [dbg] L_in=394.732  L_out=23.9798  L_uniform=562.935  L_min_j=[0]  L_spread=[0]
  Iter  27/100  loss=4003.6111  (0.8s)
  [dbg] mean SINR_dB inside : 4.57893
  [dbg] mean SINR_dB outside: -4.69982
  [dbg] L_in=405.63  L_out=23.3117  L_uniform=572.035  L_min_j=[0]  L_spread=[0]
  Iter  28/100  loss=4113.5049  (0.8s)
  [dbg] mean SINR_dB inside : 5.13471
  [dbg] mean SINR_dB outside: -4.54101
  [dbg] L_in=374.507  L_out=23.6432  L_uniform=536.615  L_min_j=[0]  L_spread=[0]
  Iter  29/100  loss=3798.7329  (0.8s)
  [dbg] mean SINR_dB inside : 5.32842
  [dbg] mean SINR_dB outside: -4.40312
  [dbg] L_in=362.695  L_out=24.7036  L_uniform=522.227  L_min_j=[0]  L_spread=[0]
  Iter  30/100  loss=3679.1748  (1.0s)
  [dbg] mean SINR_dB inside : 5.17926
  [dbg] mean SINR_dB outside: -4.28844
  [dbg] L_in=372.261  L_out=24.6242  L_uniform=534.299  L_min_j=[0]  L_spread=[0]
  Iter  31/100  loss=3776.0408  (0.9s)
  [dbg] mean SINR_dB inside : 5.41968
  [dbg] mean SINR_dB outside: -4.35531
  [dbg] L_in=367.583  L_out=24.3347  L_uniform=536.382  L_min_j=[0]  L_spread=[0]
  Iter  32/100  loss=3729.4707  (0.6s)
  [dbg] mean SINR_dB inside : 5.78535
  [dbg] mean SINR_dB outside: -4.41715
  [dbg] L_in=341.417  L_out=24.3022  L_uniform=501.192  L_min_j=[0]  L_spread=[0]
  Iter  33/100  loss=3464.2856  (0.8s)
  [dbg] mean SINR_dB inside : 5.32957
  [dbg] mean SINR_dB outside: -4.24942
  [dbg] L_in=369.85  L_out=24.024  L_uniform=536.706  L_min_j=[0]  L_spread=[0]
  Iter  34/100  loss=3752.1753  (0.8s)
  [dbg] mean SINR_dB inside : 5.6405
  [dbg] mean SINR_dB outside: -4.18838
  [dbg] L_in=353.866  L_out=24.3513  L_uniform=519.376  L_min_j=[0]  L_spread=[0]
  Iter  35/100  loss=3590.5952  (0.8s)
  [dbg] mean SINR_dB inside : 5.79537
  [dbg] mean SINR_dB outside: -4.121
  [dbg] L_in=340.978  L_out=25.0638  L_uniform=500.8  L_min_j=[0]  L_spread=[0]
  Iter  36/100  loss=3459.8562  (1.1s)
  [dbg] mean SINR_dB inside : 5.59818
  [dbg] mean SINR_dB outside: -4.01265
  [dbg] L_in=362.076  L_out=24.9855  L_uniform=533.877  L_min_j=[0]  L_spread=[0]
  Iter  37/100  loss=3674.1521  (1.0s)
  [dbg] mean SINR_dB inside : 5.6013
  [dbg] mean SINR_dB outside: -4.00587
  [dbg] L_in=363.143  L_out=25.382  L_uniform=536.15  L_min_j=[0]  L_spread=[0]
  Iter  38/100  loss=3685.0466  (0.8s)
  [dbg] mean SINR_dB inside : 5.62443
  [dbg] mean SINR_dB outside: -3.84844
  [dbg] L_in=360.792  L_out=26.8012  L_uniform=532.532  L_min_j=[0]  L_spread=[0]
  Iter  39/100  loss=3661.1721  (0.8s)
  [dbg] mean SINR_dB inside : 5.80507
  [dbg] mean SINR_dB outside: -3.51806
  [dbg] L_in=347.803  L_out=26.9249  L_uniform=514.911  L_min_j=[0]  L_spread=[0]
  Iter  40/100  loss=3529.5168  (0.8s)
  [dbg] mean SINR_dB inside : 5.6973
  [dbg] mean SINR_dB outside: -3.68986
  [dbg] L_in=354.91  L_out=26.2876  L_uniform=524.205  L_min_j=[0]  L_spread=[0]
  Iter  41/100  loss=3601.5254  (0.8s)
  [dbg] mean SINR_dB inside : 5.83475
  [dbg] mean SINR_dB outside: -3.17933
  [dbg] L_in=354.282  L_out=27.2517  L_uniform=529.298  L_min_j=[0]  L_spread=[0]
  Iter  42/100  loss=3595.7524  (0.8s)
  [dbg] mean SINR_dB inside : 5.71709
  [dbg] mean SINR_dB outside: -3.49823
  [dbg] L_in=356.606  L_out=27.9817  L_uniform=528.433  L_min_j=[0]  L_spread=[0]
  Iter  43/100  loss=3618.9072  (0.8s)
  [dbg] mean SINR_dB inside : 5.95851
  [dbg] mean SINR_dB outside: -3.59693
  [dbg] L_in=345.273  L_out=27.9199  L_uniform=516.995  L_min_j=[0]  L_spread=[0]
  Iter  44/100  loss=3504.4333  (1.0s)
  [dbg] mean SINR_dB inside : 5.78887
  [dbg] mean SINR_dB outside: -3.51669
  [dbg] L_in=354.645  L_out=27.172  L_uniform=527.909  L_min_j=[0]  L_spread=[0]
  Iter  45/100  loss=3599.2417  (1.0s)
  [dbg] mean SINR_dB inside : 5.95939
  [dbg] mean SINR_dB outside: -3.28942
  [dbg] L_in=340.48  L_out=27.931  L_uniform=507.454  L_min_j=[0]  L_spread=[0]
  Iter  46/100  loss=3455.5425  (1.0s)
  [dbg] mean SINR_dB inside : 5.73818
  [dbg] mean SINR_dB outside: -3.34402
  [dbg] L_in=354.784  L_out=27.9148  L_uniform=525.831  L_min_j=[0]  L_spread=[0]
  Iter  47/100  loss=3600.4207  (0.8s)
  [dbg] mean SINR_dB inside : 6.01391
  [dbg] mean SINR_dB outside: -3.46397
  [dbg] L_in=342.865  L_out=27.8094  L_uniform=514.756  L_min_j=[0]  L_spread=[0]
  Iter  48/100  loss=3480.1267  (0.8s)
  [dbg] mean SINR_dB inside : 6.21098
  [dbg] mean SINR_dB outside: -3.10167
  [dbg] L_in=328.935  L_out=28.4302  L_uniform=495.925  L_min_j=[0]  L_spread=[0]
  Iter  49/100  loss=3338.9424  (0.8s)
  [dbg] mean SINR_dB inside : 5.89465
  [dbg] mean SINR_dB outside: -2.84833
  [dbg] L_in=348.298  L_out=28.9028  L_uniform=520.169  L_min_j=[0]  L_spread=[0]
  Iter  50/100  loss=3534.9976  (0.8s)
  [dbg] mean SINR_dB inside : 5.84066
  [dbg] mean SINR_dB outside: -3.16009
  [dbg] L_in=349.315  L_out=27.3536  L_uniform=519.669  L_min_j=[0]  L_spread=[0]
  Iter  51/100  loss=3545.1184  (0.8s)
  [dbg] mean SINR_dB inside : 6.26552
  [dbg] mean SINR_dB outside: -3.10489
  [dbg] L_in=328.151  L_out=28.8797  L_uniform=496.904  L_min_j=[0]  L_spread=[0]
  Iter  52/100  loss=3331.1995  (0.8s)
  [dbg] mean SINR_dB inside : 6.25058
  [dbg] mean SINR_dB outside: -3.37759
  [dbg] L_in=332.264  L_out=28.0629  L_uniform=504.457  L_min_j=[0]  L_spread=[0]
  Iter  53/100  loss=3373.0813  (0.6s)
  [dbg] mean SINR_dB inside : 6.22638
  [dbg] mean SINR_dB outside: -2.94396
  [dbg] L_in=330.357  L_out=28.3405  L_uniform=499.528  L_min_j=[0]  L_spread=[0]
  Iter  54/100  loss=3353.5249  (0.6s)
  [dbg] mean SINR_dB inside : 6.45154
  [dbg] mean SINR_dB outside: -2.95745
  [dbg] L_in=319.306  L_out=28.5425  L_uniform=487.69  L_min_j=[0]  L_spread=[0]
  Iter  55/100  loss=3241.8242  (0.8s)
  [dbg] mean SINR_dB inside : 6.34232
  [dbg] mean SINR_dB outside: -2.84464
  [dbg] L_in=328.283  L_out=28.9744  L_uniform=500.691  L_min_j=[0]  L_spread=[0]
  Iter  56/100  loss=3332.9001  (0.8s)
  [dbg] mean SINR_dB inside : 6.44076
  [dbg] mean SINR_dB outside: -2.94606
  [dbg] L_in=326.133  L_out=29.0068  L_uniform=500.857  L_min_j=[0]  L_spread=[0]
  Iter  57/100  loss=3311.4163  (0.8s)
  [dbg] mean SINR_dB inside : 6.37118
  [dbg] mean SINR_dB outside: -2.79647
  [dbg] L_in=328.432  L_out=28.8772  L_uniform=502.32  L_min_j=[0]  L_spread=[0]
  Iter  58/100  loss=3334.5557  (0.6s)
  [dbg] mean SINR_dB inside : 6.39961
  [dbg] mean SINR_dB outside: -2.9146
  [dbg] L_in=324.249  L_out=29.5865  L_uniform=495.251  L_min_j=[0]  L_spread=[0]
  Iter  59/100  loss=3292.0105  (0.8s)
  [dbg] mean SINR_dB inside : 6.63437
  [dbg] mean SINR_dB outside: -2.48935
  [dbg] L_in=315.389  L_out=29.4247  L_uniform=488.12  L_min_j=[0]  L_spread=[0]
  Iter  60/100  loss=3202.7026  (0.8s)
  [dbg] mean SINR_dB inside : 6.54441
  [dbg] mean SINR_dB outside: -2.69984
  [dbg] L_in=322.402  L_out=29.5512  L_uniform=498.284  L_min_j=[0]  L_spread=[0]
  Iter  61/100  loss=3273.8469  (0.8s)
  [dbg] mean SINR_dB inside : 6.72605
  [dbg] mean SINR_dB outside: -2.57089
  [dbg] L_in=314.923  L_out=29.8421  L_uniform=491.434  L_min_j=[0]  L_spread=[0]
  Iter  62/100  loss=3198.3713  (0.8s)
  [dbg] mean SINR_dB inside : 6.57678
  [dbg] mean SINR_dB outside: -2.86296
  [dbg] L_in=321.938  L_out=29.4091  L_uniform=498.798  L_min_j=[0]  L_spread=[0]
  Iter  63/100  loss=3269.2571  (0.6s)
  [dbg] mean SINR_dB inside : 6.33861
  [dbg] mean SINR_dB outside: -3.12191
  [dbg] L_in=338.64  L_out=29.1213  L_uniform=521.504  L_min_j=[0]  L_spread=[0]
  Iter  64/100  loss=3438.5540  (0.8s)
  [dbg] mean SINR_dB inside : 6.5667
  [dbg] mean SINR_dB outside: -2.6064
  [dbg] L_in=322.496  L_out=28.8635  L_uniform=499.457  L_min_j=[0]  L_spread=[0]
  Iter  65/100  loss=3274.9019  (0.8s)
  [dbg] mean SINR_dB inside : 6.52899
  [dbg] mean SINR_dB outside: -2.84171
  [dbg] L_in=324.503  L_out=29.3185  L_uniform=501.853  L_min_j=[0]  L_spread=[0]
  Iter  66/100  loss=3295.2102  (0.6s)
  [dbg] mean SINR_dB inside : 6.88809
  [dbg] mean SINR_dB outside: -2.68381
  [dbg] L_in=301.618  L_out=29.0456  L_uniform=472.071  L_min_j=[0]  L_spread=[0]
  Iter  67/100  loss=3063.3862  (0.8s)
  [dbg] mean SINR_dB inside : 6.52053
  [dbg] mean SINR_dB outside: -2.59957
  [dbg] L_in=324.302  L_out=29.3342  L_uniform=500.906  L_min_j=[0]  L_spread=[0]
  Iter  68/100  loss=3293.1133  (0.8s)
  [dbg] mean SINR_dB inside : 6.73827
  [dbg] mean SINR_dB outside: -2.50116
  [dbg] L_in=311.451  L_out=29.7123  L_uniform=484.906  L_min_j=[0]  L_spread=[0]
  Iter  69/100  loss=3162.9985  (0.8s)
  [dbg] mean SINR_dB inside : 6.58824
  [dbg] mean SINR_dB outside: -2.5435
  [dbg] L_in=319.595  L_out=30.0884  L_uniform=494.531  L_min_j=[0]  L_spread=[0]
  Iter  70/100  loss=3245.4067  (0.8s)
  [dbg] mean SINR_dB inside : 6.49367
  [dbg] mean SINR_dB outside: -2.24431
  [dbg] L_in=326.002  L_out=31.0852  L_uniform=503.114  L_min_j=[0]  L_spread=[0]
  Iter  71/100  loss=3310.3271  (0.8s)
  [dbg] mean SINR_dB inside : 6.68749
  [dbg] mean SINR_dB outside: -2.17361
  [dbg] L_in=312.747  L_out=30.127  L_uniform=485.306  L_min_j=[0]  L_spread=[0]
  Iter  72/100  loss=3175.9958  (0.6s)
  [dbg] mean SINR_dB inside : 6.54644
  [dbg] mean SINR_dB outside: -2.44695
  [dbg] L_in=321.702  L_out=30.6036  L_uniform=496.887  L_min_j=[0]  L_spread=[0]
  Iter  73/100  loss=3266.7063  (0.8s)
  [dbg] mean SINR_dB inside : 6.84263
  [dbg] mean SINR_dB outside: -2.31389
  [dbg] L_in=306.32  L_out=31.5034  L_uniform=479.324  L_min_j=[0]  L_spread=[0]
  Iter  74/100  loss=3111.1357  (0.8s)
  [dbg] mean SINR_dB inside : 6.59868
  [dbg] mean SINR_dB outside: -2.31137
  [dbg] L_in=316.72  L_out=31.738  L_uniform=489.273  L_min_j=[0]  L_spread=[0]
  Iter  75/100  loss=3216.1294  (0.6s)
  [dbg] mean SINR_dB inside : 6.658
  [dbg] mean SINR_dB outside: -2.24935
  [dbg] L_in=317.701  L_out=32.4422  L_uniform=493.895  L_min_j=[0]  L_spread=[0]
  Iter  76/100  loss=3226.3958  (0.6s)
  [dbg] mean SINR_dB inside : 6.64726
  [dbg] mean SINR_dB outside: -2.65074[0m[31m2026-05-24 22:02:18 WARN  [HDRFilm] Monochrome mode enabled, setting film output pixel format to 'luminance' (was rgb).

  [dbg] L_in=314.117  L_out=31.277  L_uniform=486.251  L_min_j=[0]  L_spread=[0]
  Iter  77/100  loss=3189.7974  (0.8s)
  [dbg] mean SINR_dB inside : 6.69912
  [dbg] mean SINR_dB outside: -2.24818
  [dbg] L_in=310.777  L_out=32.0547  L_uniform=481.874  L_min_j=[0]  L_spread=[0]
  Iter  78/100  loss=3155.9580  (0.6s)
  [dbg] mean SINR_dB inside : 6.71018
  [dbg] mean SINR_dB outside: -2.22758
  [dbg] L_in=311.683  L_out=31.5174  L_uniform=484.193  L_min_j=[0]  L_spread=[0]
  Iter  79/100  loss=3165.2463  (0.6s)
  [dbg] mean SINR_dB inside : 6.76242
  [dbg] mean SINR_dB outside: -2.51733
  [dbg] L_in=312.641  L_out=31.6337  L_uniform=488.428  L_min_j=[0]  L_spread=[0]
  Iter  80/100  loss=3175.2576  (0.8s)
  [dbg] mean SINR_dB inside : 6.75488
  [dbg] mean SINR_dB outside: -2.32155
  [dbg] L_in=312.61  L_out=31.9865  L_uniform=488.064  L_min_j=[0]  L_spread=[0]
  Iter  81/100  loss=3174.9033  (0.8s)
  [dbg] mean SINR_dB inside : 6.54322
  [dbg] mean SINR_dB outside: -2.37081
  [dbg] L_in=319.257  L_out=31.7354  L_uniform=491.868  L_min_j=[0]  L_spread=[0]
  Iter  82/100  loss=3241.7544  (0.8s)
  [dbg] mean SINR_dB inside : 6.80336
  [dbg] mean SINR_dB outside: -2.26585
  [dbg] L_in=309.408  L_out=31.6268  L_uniform=483.806  L_min_j=[0]  L_spread=[0]
  Iter  83/100  loss=3142.4651  (0.6s)
  [dbg] mean SINR_dB inside : 6.77279
  [dbg] mean SINR_dB outside: -2.39577
  [dbg] L_in=313.142  L_out=32.9128  L_uniform=489.855  L_min_j=[0]  L_spread=[0]
  Iter  84/100  loss=3180.4077  (0.8s)
  [dbg] mean SINR_dB inside : 6.86055
  [dbg] mean SINR_dB outside: -2.41317
  [dbg] L_in=302.505  L_out=31.4493  L_uniform=472.543  L_min_j=[0]  L_spread=[0]
  Iter  85/100  loss=3072.3030  (0.8s)
  [dbg] mean SINR_dB inside : 6.66059
  [dbg] mean SINR_dB outside: -2.65129
  [dbg] L_in=313.629  L_out=31.6427  L_uniform=485.888  L_min_j=[0]  L_spread=[0]
  Iter  86/100  loss=3184.8792  (0.8s)
  [dbg] mean SINR_dB inside : 6.62408
  [dbg] mean SINR_dB outside: -2.17671
  [dbg] L_in=318.565  L_out=32.6332  L_uniform=494.123  L_min_j=[0]  L_spread=[0]
  Iter  87/100  loss=3235.0642  (0.8s)
  [dbg] mean SINR_dB inside : 6.67601
  [dbg] mean SINR_dB outside: -2.28836
  [dbg] L_in=315.026  L_out=31.5069  L_uniform=489.401  L_min_j=[0]  L_spread=[0]
  Iter  88/100  loss=3199.2017  (0.8s)
  [dbg] mean SINR_dB inside : 6.53083
  [dbg] mean SINR_dB outside: -2.37726
  [dbg] L_in=323.327  L_out=32.0342  L_uniform=499.483  L_min_j=[0]  L_spread=[0]
  Iter  89/100  loss=3283.2136  (0.8s)
  [dbg] mean SINR_dB inside : 6.8493
  [dbg] mean SINR_dB outside: -2.09998
  [dbg] L_in=305.701  L_out=32.2944  L_uniform=478.419  L_min_j=[0]  L_spread=[0]
  Iter  90/100  loss=3104.8560  (0.6s)
  [dbg] mean SINR_dB inside : 6.51857
  [dbg] mean SINR_dB outside: -2.28982
  [dbg] L_in=327.995  L_out=32.9667  L_uniform=508.276  L_min_j=[0]  L_spread=[0]
  Iter  91/100  loss=3330.7781  (0.8s)
  [dbg] mean SINR_dB inside : 6.69943
  [dbg] mean SINR_dB outside: -2.21925
  [dbg] L_in=314.68  L_out=32.4644  L_uniform=489.756  L_min_j=[0]  L_spread=[0]
  Iter  92/100  loss=3195.7759  (1.0s)
  [dbg] mean SINR_dB inside : 7.06538
  [dbg] mean SINR_dB outside: -2.4488
  [dbg] L_in=293.001  L_out=31.2919  L_uniform=462.525  L_min_j=[0]  L_spread=[0]
  Iter  93/100  loss=2976.2656  (1.0s)
  [dbg] mean SINR_dB inside : 6.84173
  [dbg] mean SINR_dB outside: -2.44804
  [dbg] L_in=308.265  L_out=32.4794  L_uniform=483.229  L_min_j=[0]  L_spread=[0]
  Iter  94/100  loss=3130.9690  (0.7s)
  [dbg] mean SINR_dB inside : 6.594
  [dbg] mean SINR_dB outside: -2.36441
  [dbg] L_in=317.777  L_out=32.6252  L_uniform=491.214  L_min_j=[0]  L_spread=[0]
  Iter  95/100  loss=3226.8870  (1.0s)
  [dbg] mean SINR_dB inside : 6.779
  [dbg] mean SINR_dB outside: -2.37793
  [dbg] L_in=311.696  L_out=31.7202  L_uniform=487.275  L_min_j=[0]  L_spread=[0]
  Iter  96/100  loss=3165.6870  (1.0s)
  [dbg] mean SINR_dB inside : 6.74593
  [dbg] mean SINR_dB outside: -2.29853
  [dbg] L_in=308.025  L_out=31.9089  L_uniform=478.472  L_min_j=[0]  L_spread=[0]
  Iter  97/100  loss=3128.0974  (0.7s)
  [dbg] mean SINR_dB inside : 6.79453
  [dbg] mean SINR_dB outside: -2.26867
  [dbg] L_in=311.444  L_out=32.4201  L_uniform=487.548  L_min_j=[0]  L_spread=[0]
  Iter  98/100  loss=3163.1978  (0.7s)
  [dbg] mean SINR_dB inside : 6.91098
  [dbg] mean SINR_dB outside: -2.6996
  [dbg] L_in=301.47  L_out=32.1483  L_uniform=472.683  L_min_j=[0]  L_spread=[0]
  Iter  99/100  loss=3061.9673  (0.7s)
  [dbg] mean SINR_dB inside : 6.99323
  [dbg] mean SINR_dB outside: -2.39328
  [dbg] L_in=299.309  L_out=31.8614  L_uniform=472.02  L_min_j=[0]  L_spread=[0]
  Iter 100/100  loss=3040.2944  (0.7s)

======================================================================
OPTIMIZATION COMPLETE  (89.9s)
  bs_0: Az=320.1°, El=-5.9°, pos=(-401.6, 409.7)
  bs_1: Az=136.7°, El=-7.3°, pos=(426.2, -374.4)
  bs_2: Az=49.8°, El=-5.5°, pos=(-404.8, -483.2)
  bs_3: Az=221.1°, El=-5.9°, pos=(343.5, 423.3)
======================================================================

  Warm-up: 89.9s total, 0.90s/iter
  Run 2: Joint optimization (100 iter, BS positions frozen)
-700.0

======================================================================
MULTI-TX SIR OPTIMIZATION  (4 transmitters)
======================================================================
Pre-created 665 receivers (300 inside + 365 outside) across 4 base stations
Tx Position: [-200.0, -600.0, 50.0]
look_at_position: [-0.0, -0.0, 1.5]
Tx Position: [200.0, -600.0, 50.0]
look_at_position: [-0.0, -0.0, 1.5]
Tx Position: [600.0, -200.0, 50.0]
look_at_position: [-0.0, -0.0, 1.5]
Tx Position: [600.0, 200.0, 50.0]
look_at_position: [-0.0, -0.0, 1.5]
Tx Position: [200.0, 600.0, 50.0]
look_at_position: [-0.0, -0.0, 1.5]
Tx Position: [-200.0, 600.0, 50.0]
look_at_position: [-0.0, -0.0, 1.5]
Tx Position: [-600.0, 200.0, 50.0]
look_at_position: [-0.0, -0.0, 1.5]
Tx Position: [-600.0, -200.0, 50.0]
look_at_position: [-0.0, -0.0, 1.5]
  [dbg] mean SINR_dB inside : -5.44856
  [dbg] mean SINR_dB outside: -17.8866
  [dbg] L_in=903.242  L_out=-124.057  L_uniform=976.78  L_min_j=0.5  L_spread=[0]
  Iter   1/100  loss=6083.0410  (7.9s)
  [dbg] mean SINR_dB inside : -2.55329
  [dbg] mean SINR_dB outside: -13.112
  [dbg] L_in=756.417  L_out=-88.638  L_uniform=874.215  L_min_j=0.475021  L_spread=[0]
  Iter   2/100  loss=5252.3784  (2.8s)
  [dbg] mean SINR_dB inside : -1.87437
  [dbg] mean SINR_dB outside: -12.7176
  [dbg] L_in=716.249  L_out=-86.3195  L_uniform=836.259  L_min_j=0.452174  L_spread=[0]
  Iter   3/100  loss=4950.4243  (3.2s)
  [dbg] mean SINR_dB inside : -1.37883
  [dbg] mean SINR_dB outside: -12.9637
  [dbg] L_in=684.883  L_out=-88.3354  L_uniform=803.877  L_min_j=0.430632  L_spread=[0]
  Iter   4/100  loss=4676.0991  (2.3s)
  [dbg] mean SINR_dB inside : -1.24054
  [dbg] mean SINR_dB outside: -13.0081
  [dbg] L_in=680.419  L_out=-88.974  L_uniform=803.328  L_min_j=0.41037  L_spread=[0]
  Iter   5/100  loss=4633.9414  (1.9s)
  [dbg] mean SINR_dB inside : -0.976884
  [dbg] mean SINR_dB outside: -13.2681
  [dbg] L_in=664.86  L_out=-90.916  L_uniform=788.087  L_min_j=0.391499  L_spread=[0]
  Iter   6/100  loss=4488.5293  (1.7s)
  [dbg] mean SINR_dB inside : -0.662604
  [dbg] mean SINR_dB outside: -12.4061
  [dbg] L_in=649.661  L_out=-84.7963  L_uniform=776.43  L_min_j=0.374061  L_spread=[0]
  Iter   7/100  loss=4426.9663  (1.9s)
  [dbg] mean SINR_dB inside : -0.435752
  [dbg] mean SINR_dB outside: -12.1618
  [dbg] L_in=636.671  L_out=-82.928  L_uniform=763.858  L_min_j=0.358268  L_spread=[0]
  Iter   8/100  loss=4340.4775  (1.9s)
  [dbg] mean SINR_dB inside : -0.0722504
  [dbg] mean SINR_dB outside: -12.313
  [dbg] L_in=618.211  L_out=-83.6137  L_uniform=748.203  L_min_j=0.343848  L_spread=[0]
  Iter   9/100  loss=4184.3696  (1.9s)
  [dbg] mean SINR_dB inside : 0.0191305
  [dbg] mean SINR_dB outside: -11.9465
  [dbg] L_in=615.003  L_out=-80.8752  L_uniform=747.092  L_min_j=0.330865  L_spread=[0]
  Iter  10/100  loss=4185.9814  (1.9s)
  [dbg] mean SINR_dB inside : 0.0948769
  [dbg] mean SINR_dB outside: -11.954
  [dbg] L_in=613.461  L_out=-80.9546  L_uniform=748.392  L_min_j=0.31961  L_spread=[0]
  Iter  11/100  loss=4172.9780  (2.0s)
  [dbg] mean SINR_dB inside : 0.457963
  [dbg] mean SINR_dB outside: -11.8981
  [dbg] L_in=588.697  L_out=-80.7804  L_uniform=719.721  L_min_j=0.309987  L_spread=[0]
  Iter  12/100  loss=3973.7417  (1.9s)
  [dbg] mean SINR_dB inside : 0.683589
  [dbg] mean SINR_dB outside: -12.0259
  [dbg] L_in=570.238  L_out=-81.7556  L_uniform=695.632  L_min_j=0.301882  L_spread=[0]
  Iter  13/100  loss=3813.9104  (1.9s)
  [dbg] mean SINR_dB inside : 0.664875
  [dbg] mean SINR_dB outside: -11.7795
  [dbg] L_in=574.346  L_out=-79.8451  L_uniform=702.784  L_min_j=0.29513  L_spread=[0]
  Iter  14/100  loss=3866.5925  (1.9s)
  [dbg] mean SINR_dB inside : 0.617831
  [dbg] mean SINR_dB outside: -11.6092
  [dbg] L_in=576.464  L_out=-78.7175  L_uniform=704.352  L_min_j=0.289511  L_spread=[0]
  Iter  15/100  loss=3894.9724  (1.9s)
  [dbg] mean SINR_dB inside : 0.763965
  [dbg] mean SINR_dB outside: -11.6087
  [dbg] L_in=574.637  L_out=-78.8405  L_uniform=708.969  L_min_j=0.284805  L_spread=[0]
  Iter  16/100  loss=3879.5874  (1.9s)
  [dbg] mean SINR_dB inside : 0.959563
  [dbg] mean SINR_dB outside: -11.5698
  [dbg] L_in=564.679  L_out=-78.8997  L_uniform=700.058  L_min_j=0.280835  L_spread=[0]
  Iter  17/100  loss=3798.4395  (1.9s)
  [dbg] mean SINR_dB inside : 1.28272
  [dbg] mean SINR_dB outside: -11.7466
  [dbg] L_in=545.794  L_out=-80.1712  L_uniform=680.307  L_min_j=0.277515  L_spread=[0]
  Iter  18/100  loss=3632.6736  (2.4s)
  [dbg] mean SINR_dB inside : 0.921983
  [dbg] mean SINR_dB outside: -11.4785
  [dbg] L_in=569.703  L_out=-78.4988  L_uniform=707.995  L_min_j=0.274825  L_spread=[0]
  Iter  19/100  loss=3843.4358  (2.0s)
  [dbg] mean SINR_dB inside : 1.29531
  [dbg] mean SINR_dB outside: -11.5631
  [dbg] L_in=547.38  L_out=-79.1728  L_uniform=684.173  L_min_j=0.272821  L_spread=[0]
  Iter  20/100  loss=3655.7327  (2.0s)
  [dbg] mean SINR_dB inside : 1.3482
  [dbg] mean SINR_dB outside: -11.2057
  [dbg] L_in=547.847  L_out=-76.6526  L_uniform=688.033  L_min_j=0.271456  L_spread=[0]
  Iter  21/100  loss=3685.0525  (1.9s)
  [dbg] mean SINR_dB inside : 1.47572
  [dbg] mean SINR_dB outside: -11.0991
  [dbg] L_in=536.814  L_out=-75.9811  L_uniform=673.001  L_min_j=0.270584  L_spread=[0]
  Iter  22/100  loss=3601.9971  (2.0s)
  [dbg] mean SINR_dB inside : 1.35791
  [dbg] mean SINR_dB outside: -11.3153
  [dbg] L_in=548.362  L_out=-77.3934  L_uniform=689.596  L_min_j=0.270151  L_spread=[0]
  Iter  23/100  loss=3681.9216  (1.9s)
  [dbg] mean SINR_dB inside : 1.43487
  [dbg] mean SINR_dB outside: -10.916
  [dbg] L_in=540.951  L_out=-74.619  L_uniform=679.021  L_min_j=0.270104  L_spread=[0]
  Iter  24/100  loss=3649.3210  (2.1s)
  [dbg] mean SINR_dB inside : 1.41589
  [dbg] mean SINR_dB outside: -10.8292
  [dbg] L_in=545.841  L_out=-74.1353  L_uniform=687.754  L_min_j=0.270341  L_spread=[0]
  Iter  25/100  loss=3694.1472  (2.0s)
  [dbg] mean SINR_dB inside : 1.79241
  [dbg] mean SINR_dB outside: -10.9758
  [dbg] L_in=515.983  L_out=-74.9946  L_uniform=648.665  L_min_j=0.270945  L_spread=[0]
  Iter  26/100  loss=3442.7842  (1.9s)
  [dbg] mean SINR_dB inside : 1.64383
  [dbg] mean SINR_dB outside: -10.6889
  [dbg] L_in=528.914  L_out=-72.8743  L_uniform=666.42  L_min_j=0.27184  L_spread=[0]
  Iter  27/100  loss=3569.2100  (2.4s)
  [dbg] mean SINR_dB inside : 1.52386
  [dbg] mean SINR_dB outside: -10.9136
  [dbg] L_in=540.308  L_out=-74.3206  L_uniform=682.628  L_min_j=0.272918  L_spread=[0]
  Iter  28/100  loss=3647.5205  (2.0s)
  [dbg] mean SINR_dB inside : 1.85002
  [dbg] mean SINR_dB outside: -10.5625
  [dbg] L_in=514.668  L_out=-71.7603  L_uniform=649.166  L_min_j=0.274135  L_spread=[0]
  Iter  29/100  loss=3464.6604  (1.9s)
  [dbg] mean SINR_dB inside : 1.61254
  [dbg] mean SINR_dB outside: -10.9651
  [dbg] L_in=535.521  L_out=-74.8222  L_uniform=677.919  L_min_j=0.275505  L_spread=[0]
  Iter  30/100  loss=3603.7373  (1.9s)
  [dbg] mean SINR_dB inside : 1.49773
  [dbg] mean SINR_dB outside: -10.7823
  [dbg] L_in=543.139  L_out=-73.7087  L_uniform=686.852  L_min_j=0.27696  L_spread=[0]
  Iter  31/100  loss=3676.7144  (1.9s)
  [dbg] mean SINR_dB inside : 1.68377
  [dbg] mean SINR_dB outside: -10.8254
  [dbg] L_in=534.379  L_out=-74.0217  L_uniform=679.531  L_min_j=0.278402  L_spread=[0]
  Iter  32/100  loss=3602.7710  (1.9s)
  [dbg] mean SINR_dB inside : 1.77383
  [dbg] mean SINR_dB outside: -10.8484
  [dbg] L_in=526.963  L_out=-74.1413  L_uniform=669.609  L_min_j=0.279783  L_spread=[0]
  Iter  33/100  loss=3541.2507  (1.9s)
  [dbg] mean SINR_dB inside : 2.1529
  [dbg] mean SINR_dB outside: -10.9409
  [dbg] L_in=504.327  L_out=-74.6956  L_uniform=644.835  L_min_j=0.281111  L_spread=[0]
  Iter  34/100  loss=3352.1448  (2.0s)
  [dbg] mean SINR_dB inside : 1.91678
  [dbg] mean SINR_dB outside: -10.6922
  [dbg] L_in=522.608  L_out=-72.975  L_uniform=668.662  L_min_j=0.282438  L_spread=[0]
  Iter  35/100  loss=3517.9827  (1.9s)
  [dbg] mean SINR_dB inside : 2.43292
  [dbg] mean SINR_dB outside: -10.6786
  [dbg] L_in=485.297  L_out=-72.7213  L_uniform=621.729  L_min_j=0.283691  L_spread=[0]
  Iter  36/100  loss=3217.3350  (1.7s)
  [dbg] mean SINR_dB inside : 2.40912
  [dbg] mean SINR_dB outside: -10.6658
  [dbg] L_in=488.651  L_out=-72.5967  L_uniform=627.179  L_min_j=0.284975  L_spread=[0]
  Iter  37/100  loss=3245.9578  (1.9s)
  [dbg] mean SINR_dB inside : 2.47878
  [dbg] mean SINR_dB outside: -10.524
  [dbg] L_in=484.975  L_out=-71.6948  L_uniform=623.524  L_min_j=0.286237  L_spread=[0]
  Iter  38/100  loss=3225.2073  (1.9s)
  [dbg] mean SINR_dB inside : 2.59178
  [dbg] mean SINR_dB outside: -10.541
  [dbg] L_in=482.767  L_out=-71.603  L_uniform=625.088  L_min_j=0.287531  L_spread=[0]
  Iter  39/100  loss=3208.6118  (1.9s)
  [dbg] mean SINR_dB inside : 2.62626
  [dbg] mean SINR_dB outside: -10.4319
  [dbg] L_in=475.122  L_out=-70.8363  L_uniform=611.623  L_min_j=0.288818  L_spread=[0]
  Iter  40/100  loss=3153.7737  (1.9s)
  [dbg] mean SINR_dB inside : 2.62718
  [dbg] mean SINR_dB outside: -10.4589
  [dbg] L_in=478.58  L_out=-70.8624  L_uniform=618.588  L_min_j=0.290033  L_spread=[0]
  Iter  41/100  loss=3181.8762  (1.7s)
  [dbg] mean SINR_dB inside : 2.43323
  [dbg] mean SINR_dB outside: -10.4386
  [dbg] L_in=494.615  L_out=-70.6234  L_uniform=640.389  L_min_j=0.291321  L_spread=[0]
  Iter  42/100  loss=3314.7263  (1.9s)
  [dbg] mean SINR_dB inside : 2.68021
  [dbg] mean SINR_dB outside: -10.3148
  [dbg] L_in=476.084  L_out=-69.6236  L_uniform=616.387  L_min_j=0.292622  L_spread=[0]
  Iter  43/100  loss=3174.0750  (1.9s)
  [dbg] mean SINR_dB inside : 2.55941
  [dbg] mean SINR_dB outside: -10.2473
  [dbg] L_in=486.574  L_out=-69.207  L_uniform=630.997  L_min_j=0.294038  L_spread=[0]
  Iter  44/100  loss=3263.6243  (2.0s)
  [dbg] mean SINR_dB inside : 2.6669
  [dbg] mean SINR_dB outside: -10.1673
  [dbg] L_in=479.549  L_out=-68.4177  L_uniform=622.618  L_min_j=0.295445  L_spread=[0]
  Iter  45/100  loss=3214.4744  (1.9s)
  [dbg] mean SINR_dB inside : 2.71129
  [dbg] mean SINR_dB outside: -10.2683
  [dbg] L_in=482.285  L_out=-68.9587  L_uniform=630.424  L_min_j=0.296897  L_spread=[0]
  Iter  46/100  loss=3231.7329  (1.9s)
  [dbg] mean SINR_dB inside : 2.94817
  [dbg] mean SINR_dB outside: -10.0005
  [dbg] L_in=468.943  L_out=-66.7914  L_uniform=616.138  L_min_j=0.298387  L_spread=[0]
  Iter  47/100  loss=3145.2466  (1.9s)
  [dbg] mean SINR_dB inside : 2.93527
  [dbg] mean SINR_dB outside: -10.0548
  [dbg] L_in=470.669  L_out=-67.4429  L_uniform=618.913  L_min_j=0.299868  L_spread=[0]
  Iter  48/100  loss=3152.8132  (1.9s)
  [dbg] mean SINR_dB inside : 3.00375
  [dbg] mean SINR_dB outside: -9.95077
  [dbg] L_in=463.154  L_out=-66.66  L_uniform=607.453  L_min_j=0.301374  L_spread=[0]
  Iter  49/100  loss=3099.3757  (1.7s)
  [dbg] mean SINR_dB inside : 2.87862
  [dbg] mean SINR_dB outside: -9.83943
  [dbg] L_in=472.325  L_out=-65.8295  L_uniform=619.27  L_min_j=0.302963  L_spread=[0]
  Iter  50/100  loss=3182.2283  (1.9s)
  [dbg] mean SINR_dB inside : 3.1672
  [dbg] mean SINR_dB outside: -9.82721
  [dbg] L_in=457.846  L_out=-65.8808  L_uniform=605.308  L_min_j=0.304605  L_spread=[0]
  Iter  51/100  loss=3064.4873  (1.9s)
  [dbg] mean SINR_dB inside : 2.73391
  [dbg] mean SINR_dB outside: -9.90369
  [dbg] L_in=482.453  L_out=-66.4775  L_uniform=631.945  L_min_j=0.306273  L_spread=[0]
  Iter  52/100  loss=3258.0474  (1.9s)
  [dbg] mean SINR_dB inside : 3.29651
  [dbg] mean SINR_dB outside: -10.2189
  [dbg] L_in=451.564  L_out=-68.504  L_uniform=599.406  L_min_j=0.307886  L_spread=[0]
  Iter  53/100  loss=2987.4131  (1.9s)
  [dbg] mean SINR_dB inside : 3.12898
  [dbg] mean SINR_dB outside: -9.79454
  [dbg] L_in=463.863  L_out=-65.7552  L_uniform=615.363  L_min_j=0.309457  L_spread=[0]
  Iter  54/100  loss=3114.8889  (1.9s)
  [dbg] mean SINR_dB inside : 3.445
  [dbg] mean SINR_dB outside: -10.0351
  [dbg] L_in=439.811  L_out=-67.5724  L_uniform=583.514  L_min_j=0.31105  L_spread=[0]
  Iter  55/100  loss=2901.1187  (1.9s)
  [dbg] mean SINR_dB inside : 3.35354
  [dbg] mean SINR_dB outside: -9.82198
  [dbg] L_in=448.293  L_out=-66.0447  L_uniform=595.794  L_min_j=0.312617  L_spread=[0]
  Iter  56/100  loss=2985.4741  (1.9s)
  [dbg] mean SINR_dB inside : 3.44594
  [dbg] mean SINR_dB outside: -10.0761
  [dbg] L_in=441.026  L_out=-67.8879  L_uniform=585.991  L_min_j=0.314117  L_spread=[0]
  Iter  57/100  loss=2907.9268  (1.9s)
  [dbg] mean SINR_dB inside : 3.57746
  [dbg] mean SINR_dB outside: -10.1136
  [dbg] L_in=434.831  L_out=-67.9339  L_uniform=580.312  L_min_j=0.315547  L_spread=[0]
  Iter  58/100  loss=2857.3430  (2.0s)
  [dbg] mean SINR_dB inside : 3.5081
  [dbg] mean SINR_dB outside: -9.94987
  [dbg] L_in=436.601  L_out=-66.6677  L_uniform=580.32  L_min_j=0.316867  L_spread=[0]
  Iter  59/100  loss=2884.1614  (1.9s)
  [dbg] mean SINR_dB inside : 3.25024
  [dbg] mean SINR_dB outside: -9.63562
  [dbg] L_in=453.911  L_out=-64.6968  L_uniform=601.729  L_min_j=0.318212  L_spread=[0]
  Iter  60/100  loss=3044.4956  (1.9s)
  [dbg] mean SINR_dB inside : 3.55236
  [dbg] mean SINR_dB outside: -9.74816
  [dbg] L_in=441.545  L_out=-65.2483  L_uniform=592.463  L_min_j=0.319507  L_spread=[0]
  Iter  61/100  loss=2939.1257  (1.9s)
  [dbg] mean SINR_dB inside : 3.57415
  [dbg] mean SINR_dB outside: -9.78969
  [dbg] L_in=436.367  L_out=-65.6639  L_uniform=583.22  L_min_j=0.320767  L_spread=[0]
  Iter  62/100  loss=2892.6169  (1.9s)
  [dbg] mean SINR_dB inside : 3.45913
  [dbg] mean SINR_dB outside: -9.81161
  [dbg] L_in=444.615  L_out=-65.766  L_uniform=593.846  L_min_j=0.322016  L_spread=[0]
  Iter  63/100  loss=2958.6462  (1.9s)
  [dbg] mean SINR_dB inside : 3.75033
  [dbg] mean SINR_dB outside: -9.63828
  [dbg] L_in=425.699  L_out=-64.3115  L_uniform=570.805  L_min_j=0.323256  L_spread=[0]
  Iter  64/100  loss=2819.5532  (1.9s)
  [dbg] mean SINR_dB inside : 3.58998
  [dbg] mean SINR_dB outside: -9.77982
  [dbg] L_in=437.774  L_out=-65.1842  L_uniform=586.844  L_min_j=0.324452  L_spread=[0]
  Iter  65/100  loss=2909.0320  (1.9s)
  [dbg] mean SINR_dB inside : 3.49955
  [dbg] mean SINR_dB outside: -9.66434
  [dbg] L_in=443.358  L_out=-64.366  L_uniform=593.402  L_min_j=0.325618  L_spread=[0]
  Iter  66/100  loss=2962.5427  (1.9s)
  [dbg] mean SINR_dB inside : 3.38618
  [dbg] mean SINR_dB outside: -9.71416
  [dbg] L_in=451.985  L_out=-64.8713  L_uniform=604.861  L_min_j=0.326743  L_spread=[0]
  Iter  67/100  loss=3027.6550  (1.9s)
  [dbg] mean SINR_dB inside : 3.62893
  [dbg] mean SINR_dB outside: -9.69769
  [dbg] L_in=437.135  L_out=-64.8514  L_uniform=587.541  L_min_j=0.327851  L_spread=[0]
  Iter  68/100  loss=2907.3174  (1.9s)
  [dbg] mean SINR_dB inside : 3.62627
  [dbg] mean SINR_dB outside: -9.90426
  [dbg] L_in=437.77  L_out=-65.9778  L_uniform=588.675  L_min_j=0.328942  L_spread=[0]
  Iter  69/100  loss=2901.2488  (1.9s)
  [dbg] mean SINR_dB inside : 3.73916
  [dbg] mean SINR_dB outside: -9.97583
  [dbg] L_in=427.579  L_out=-66.551  L_uniform=574.013  L_min_j=0.330011  L_spread=[0]
  Iter  70/100  loss=2812.5198  (2.5s)
  [dbg] mean SINR_dB inside : 3.72136
  [dbg] mean SINR_dB outside: -9.47295
  [dbg] L_in=431.101  L_out=-62.8215  L_uniform=580.157  L_min_j=0.331008  L_spread=[0]
  Iter  71/100  loss=2878.6104  (1.9s)
  [dbg] mean SINR_dB inside : 3.93628
  [dbg] mean SINR_dB outside: -9.63208
  [dbg] L_in=416.439  L_out=-64.0253  L_uniform=561.657  L_min_j=0.331938  L_spread=[0]
  Iter  72/100  loss=2747.4216  (1.9s)
  [dbg] mean SINR_dB inside : 3.93915
  [dbg] mean SINR_dB outside: -9.66978
  [dbg] L_in=421.499  L_out=-64.3087  L_uniform=571.913  L_min_j=0.332824  L_spread=[0]
  Iter  73/100  loss=2786.0955  (1.9s)
  [dbg] mean SINR_dB inside : 3.98805
  [dbg] mean SINR_dB outside: -9.58862
  [dbg] L_in=416.368  L_out=-63.5852  L_uniform=564.099  L_min_j=0.33366  L_spread=[0]
  Iter  74/100  loss=2751.4985  (1.9s)
  [dbg] mean SINR_dB inside : 3.81442
  [dbg] mean SINR_dB outside: -9.59046
  [dbg] L_in=426.169  L_out=-63.71  L_uniform=575  L_min_j=0.334462  L_spread=[0]
  Iter  75/100  loss=2829.7532  (1.9s)
  [dbg] mean SINR_dB inside : 3.69398
  [dbg] mean SINR_dB outside: -9.23625
  [dbg] L_in=433.491  L_out=-61.1858  L_uniform=583.561  L_min_j=0.335198  L_spread=[0]
  Iter  76/100  loss=2914.4297  (1.9s)
  [dbg] mean SINR_dB inside : 3.59357
  [dbg] mean SINR_dB outside: -9.67895
  [dbg] L_in=440.555  L_out=-64.4859  L_uniform=592.594  L_min_j=0.335882  L_spread=[0]
  Iter  77/100  loss=2938.8398  (1.9s)
  [dbg] mean SINR_dB inside : 3.93253
  [dbg] mean SINR_dB outside: -9.54372
  [dbg] L_in=418.143  L_out=-63.4747  L_uniform=564.877  L_min_j=0.336521  L_spread=[0]
  Iter  78/100  loss=2766.8845  (1.9s)
  [dbg] mean SINR_dB inside : 3.81893
  [dbg] mean SINR_dB outside: -9.46633
  [dbg] L_in=424.68  L_out=-62.8078  L_uniform=572.25  L_min_j=0.337114  L_spread=[0]
  Iter  79/100  loss=2826.5854  (1.9s)
  [dbg] mean SINR_dB inside : 3.99579
  [dbg] mean SINR_dB outside: -9.46933
  [dbg] L_in=416.721  L_out=-63.0378  L_uniform=565.208  L_min_j=0.337665  L_spread=[0]
  Iter  80/100  loss=2759.9080  (1.9s)
  [dbg] mean SINR_dB inside : 3.84733
  [dbg] mean SINR_dB outside: -9.55952
  [dbg] L_in=421.812  L_out=-63.3409  L_uniform=567.952  L_min_j=0.33817  L_spread=[0]
  Iter  81/100  loss=2797.8848  (1.9s)
  [dbg] mean SINR_dB inside : 3.88718
  [dbg] mean SINR_dB outside: -9.754
  [dbg] L_in=425.093  L_out=-65.0882  L_uniform=576.51  L_min_j=0.338628  L_spread=[0]
  Iter  82/100  loss=2807.5122  (1.9s)
  [dbg] mean SINR_dB inside : 3.66979
  [dbg] mean SINR_dB outside: -9.71351
  [dbg] L_in=434.625  L_out=-64.6666  L_uniform=584.606  L_min_j=0.339051  L_spread=[0]
  Iter  83/100  loss=2888.7961  (1.9s)
  [dbg] mean SINR_dB inside : 3.5865
  [dbg] mean SINR_dB outside: -9.54599
  [dbg] L_in=441.321  L_out=-63.556  L_uniform=593.772  L_min_j=0.33943  L_spread=[0]
  Iter  84/100  loss=2954.3894  (1.9s)
  [dbg] mean SINR_dB inside : 3.80803
  [dbg] mean SINR_dB outside: -9.65835
  [dbg] L_in=428.252  L_out=-64.212  L_uniform=578.849  L_min_j=0.339782  L_spread=[0]
  Iter  85/100  loss=2841.7844  (1.9s)
  [dbg] mean SINR_dB inside : 3.86158
  [dbg] mean SINR_dB outside: -9.45712
  [dbg] L_in=420.986  L_out=-62.6919  L_uniform=567.008  L_min_j=0.340097  L_spread=[0]
  Iter  86/100  loss=2797.6709  (1.7s)
  [dbg] mean SINR_dB inside : 3.91857
  [dbg] mean SINR_dB outside: -9.68358
  [dbg] L_in=416.564  L_out=-64.5448  L_uniform=561.029  L_min_j=0.340371  L_spread=[0]
  Iter  87/100  loss=2743.1687  (1.7s)
  [dbg] mean SINR_dB inside : 3.75754
  [dbg] mean SINR_dB outside: -9.45609
  [dbg] L_in=430.526  L_out=-62.7164  L_uniform=580.849  L_min_j=0.340613  L_spread=[0]
  Iter  88/100  loss=2875.1311  (1.7s)
  [dbg] mean SINR_dB inside : 3.7144
  [dbg] mean SINR_dB outside: -9.63554
  [dbg] L_in=430.897  L_out=-64.0709  L_uniform=579.412  L_min_j=0.340823  L_spread=[0]
  Iter  89/100  loss=2864.4048  (1.9s)
  [dbg] mean SINR_dB inside : 3.72006
  [dbg] mean SINR_dB outside: -9.8506
  [dbg] L_in=428.785  L_out=-65.5999  L_uniform=575.478  L_min_j=0.341005  L_spread=[0]
  Iter  90/100  loss=2831.8315  (1.7s)
  [dbg] mean SINR_dB inside : 3.81176
  [dbg] mean SINR_dB outside: -9.21861
  [dbg] L_in=424.826  L_out=-61.2278  L_uniform=572.184  L_min_j=0.341159  L_spread=[0]
  Iter  91/100  loss=2843.5505  (1.9s)
  [dbg] mean SINR_dB inside : 3.66515
  [dbg] mean SINR_dB outside: -9.68849
  [dbg] L_in=433.441  L_out=-64.498  L_uniform=582.007  L_min_j=0.341292  L_spread=[0]
  Iter  92/100  loss=2880.7461  (1.9s)
  [dbg] mean SINR_dB inside : 4.01642
  [dbg] mean SINR_dB outside: -9.4281
  [dbg] L_in=412.601  L_out=-62.7459  L_uniform=558.002  L_min_j=0.341401  L_spread=[0]
  Iter  93/100  loss=2729.1475  (1.9s)
  [dbg] mean SINR_dB inside : 3.85506
  [dbg] mean SINR_dB outside: -9.69552
  [dbg] L_in=424.073  L_out=-64.6221  L_uniform=572.853  L_min_j=0.34149  L_spread=[0]
  Iter  94/100  loss=2803.6509  (1.9s)
  [dbg] mean SINR_dB inside : 3.86285
  [dbg] mean SINR_dB outside: -9.6023
  [dbg] L_in=423.474  L_out=-63.8336  L_uniform=572.052  L_min_j=0.341559  L_spread=[0]
  Iter  95/100  loss=2806.6621  (2.4s)
  [dbg] mean SINR_dB inside : 3.72628
  [dbg] mean SINR_dB outside: -9.42763
  [dbg] L_in=428.446  L_out=-62.7285  L_uniform=575.107  L_min_j=0.341611  L_spread=[0]
  Iter  96/100  loss=2857.7954  (1.9s)
  [dbg] mean SINR_dB inside : 3.83068
  [dbg] mean SINR_dB outside: -9.7409
  [dbg] L_in=421.667  L_out=-64.9038  L_uniform=566.816  L_min_j=0.341647  L_spread=[0]
  Iter  97/100  loss=2780.9768  (1.9s)
  [dbg] mean SINR_dB inside : 3.96992
  [dbg] mean SINR_dB outside: -9.49528
  [dbg] L_in=419.903  L_out=-63.0294  L_uniform=570.281  L_min_j=0.341671  L_spread=[0]
  Iter  98/100  loss=2785.9548  (1.7s)
  [dbg] mean SINR_dB inside : 3.81323
  [dbg] mean SINR_dB outside: -9.37282
  [dbg] L_in=424.169  L_out=-62.3788  L_uniform=570.948  L_min_j=0.341684  L_spread=[0]
  Iter  99/100  loss=2826.6572  (1.7s)
  [dbg] mean SINR_dB inside : 3.80554
  [dbg] mean SINR_dB outside: -9.44673
  [dbg] L_in=425.999  L_out=-62.8166  L_uniform=574.21  L_min_j=0.34169  L_spread=[0]
  Iter 100/100  loss=2837.2478  (1.9s)

======================================================================
OPTIMIZATION COMPLETE  (200.5s)
  bs_0: Az=317.5°, El=-7.7°, pos=(-383.0, 355.9)
  bs_1: Az=136.0°, El=-8.3°, pos=(390.2, -353.6)
  bs_2: Az=48.0°, El=-7.4°, pos=(-358.7, -378.3)
  bs_3: Az=218.0°, El=-7.7°, pos=(360.0, 391.7)
  jam_1 [OFF gate=0.191]: Az=70.0°, El=-90.0°, pos=(-154.8, -663.2, 5.0), pwr=18.6 dBm
  jam_2 [ON  gate=0.871]: Az=112.1°, El=-90.0°, pos=(196.9, -594.9, 25.9), pwr=22.6 dBm
  jam_3 [OFF gate=0.147]: Az=161.3°, El=-90.0°, pos=(657.7, -192.6, 5.0), pwr=18.4 dBm
  jam_4 [OFF gate=0.152]: Az=198.1°, El=-90.0°, pos=(592.5, 300.2, 11.8), pwr=18.4 dBm
  jam_5 [OFF gate=0.447]: Az=251.4°, El=-90.0°, pos=(288.3, 575.0, 14.8), pwr=19.7 dBm
  jam_6 [OFF gate=0.167]: Az=286.9°, El=-90.0°, pos=(-278.1, 619.9, 19.0), pwr=18.4 dBm
  jam_7 [ON  gate=0.548]: Az=338.3°, El=-90.0°, pos=(-596.0, 72.3, 26.4), pwr=20.1 dBm
  jam_8 [OFF gate=0.211]: Az=21.6°, El=-90.0°, pos=(-611.6, -193.5, 8.4), pwr=18.7 dBm
======================================================================

  Joint:   200.5s total, 2.01s/iter
  Evaluating...

======================================================================
BS PARAMETERS  —  BEFORE / AFTER
======================================================================
  Name           Param         Initial   Optimised       Delta
  ----------------------------------------------------------------
  bs_0           Azimuth      +320.10°    +317.48°      -2.62°
                 Elevation      -5.88°      -7.70°      -1.82°
                 X (m)          -401.6      -383.0       +18.5
                 Y (m)          +409.7      +355.9       -53.8
                 Power dBm      +35.00      +39.98       +4.98
  ----------------------------------------------------------------
  bs_1           Azimuth      +136.71°    +135.97°      -0.74°
                 Elevation      -7.29°      -8.29°      -1.01°
                 X (m)          +426.2      +390.2       -36.1
                 Y (m)          -374.4      -353.6       +20.7
                 Power dBm      +35.00      +40.00       +5.00
  ----------------------------------------------------------------
  bs_2           Azimuth       +49.82°     +48.05°      -1.77°
                 Elevation      -5.51°      -7.39°      -1.88°
                 X (m)          -404.8      -358.7       +46.1
                 Y (m)          -483.2      -378.3      +104.9
                 Power dBm      +35.00      +40.00       +5.00
  ----------------------------------------------------------------
  bs_3           Azimuth      +221.12°    +217.98°      -3.14°
                 Elevation      -5.91°      -7.70°      -1.79°
                 X (m)          +343.5      +360.0       +16.5
                 Y (m)          +423.3      +391.7       -31.6
                 Power dBm      +35.00      +39.89       +4.89
  ----------------------------------------------------------------
======================================================================

Computing RadioMap for optimized BS configuration...
Computing RadioMap for 2/8 active jammers...
[verify] jam_interference_map: mean=3.005e-11 W  | mean SINR shift (BS-only − BS+Jam) = +0.494 dB

======================================================================
BS-ONLY SINR CONTAINMENT  (gamma = +0.0 dB)
======================================================================
  bs_0:
    rho_leak  (outside >= gamma):  49.3%
    rho_hole  (inside  <  gamma):  22.8%
    SINR inside  mean / p10: +8.0 / -13.7 dB
    SINR outside mean / p10: -5.3 / -25.3 dB

  bs_1:
    rho_leak  (outside >= gamma):  49.3%
    rho_hole  (inside  <  gamma):  22.8%
    SINR inside  mean / p10: +8.0 / -13.7 dB
    SINR outside mean / p10: -5.3 / -25.3 dB

  bs_2:
    rho_leak  (outside >= gamma):  49.3%
    rho_hole  (inside  <  gamma):  22.8%
    SINR inside  mean / p10: +8.0 / -13.7 dB
    SINR outside mean / p10: -5.3 / -25.3 dB

  bs_3:
    rho_leak  (outside >= gamma):  49.3%
    rho_hole  (inside  <  gamma):  22.8%
    SINR inside  mean / p10: +8.0 / -13.7 dB
    SINR outside mean / p10: -5.3 / -25.3 dB

======================================================================
BS+JAMMER SINR CONTAINMENT  (gamma = +0.0 dB)
======================================================================
  bs_0:
    rho_leak  (outside >= gamma):  45.9%
    rho_hole  (inside  <  gamma):  22.9%
    SINR inside  mean / p10: +7.9 / -13.7 dB
    SINR outside mean / p10: -6.1 / -25.9 dB

  bs_1:
    rho_leak  (outside >= gamma):  45.9%
    rho_hole  (inside  <  gamma):  22.9%
    SINR inside  mean / p10: +7.9 / -13.7 dB
    SINR outside mean / p10: -6.1 / -25.9 dB

  bs_2:
    rho_leak  (outside >= gamma):  45.9%
    rho_hole  (inside  <  gamma):  22.9%
    SINR inside  mean / p10: +7.9 / -13.7 dB
    SINR outside mean / p10: -6.1 / -25.9 dB

  bs_3:
    rho_leak  (outside >= gamma):  45.9%
    rho_hole  (inside  <  gamma):  22.9%
    SINR inside  mean / p10: +7.9 / -13.7 dB
    SINR outside mean / p10: -6.1 / -25.9 dB

======================================================================

  Saved → ../results/duke/square_large_n300

[  2/16] START square_large_n500
Creating polygon
  Zone cells: 1934687
seed_bs_positions: cluster 2 has no candidate >= 250.0 m from existing BSs; relaxing separation constraint for this station.
  bs_0: (-397.8, 351.5, 50.0)
  bs_1: (397.8, -354.4, 50.0)
  bs_2: (-325.5, -397.7, 50.0)
  bs_3: (379.0, 380.9, 50.0)
  Jammers: 8 evenly placed at 200 m standoff
  Run 1: BS warm-up (100 iter, inside coverage only)
-700.0

======================================================================
MULTI-TX SIR OPTIMIZATION  (4 transmitters)
======================================================================
Tx Position: [-397.75201416015625, 351.5076599121094, 50.0]
look_at_position: [0.0, 0.0, 1.5]
Tx Position: [397.7600402832031, -354.3757019042969, 50.0]
look_at_position: [0.0, 0.0, 1.5]
Tx Position: [-325.5242614746094, -397.6785583496094, 50.0]
look_at_position: [0.0, 0.0, 1.5]
Tx Position: [378.99468994140625, 380.86126708984375, 50.0]
look_at_position: [0.0, 0.0, 1.5]
  [dbg] mean SINR_dB inside : 4.18602
  [dbg] mean SINR_dB outside: -7.23152
  [dbg] L_in=376.885  L_out=3.14598  L_uniform=494.987  L_min_j=[0]  L_spread=[0]
  Iter   1/100  loss=3818.3516  (5.5s)
  [dbg] mean SINR_dB inside : 4.17747
  [dbg] mean SINR_dB outside: -7.5951
  [dbg] L_in=388.876  L_out=3.9007  L_uniform=518.555  L_min_j=[0]  L_spread=[0]
  Iter   2/100  loss=3940.6169  (1.3s)
  [dbg] mean SINR_dB inside : 4.09668
  [dbg] mean SINR_dB outside: -7.53182
  [dbg] L_in=404.382  L_out=4.66835  L_uniform=545.574  L_min_j=[0]  L_spread=[0]
  Iter   3/100  loss=4098.3770  (1.1s)
  [dbg] mean SINR_dB inside : 3.97803
  [dbg] mean SINR_dB outside: -7.80108
  [dbg] L_in=417.596  L_out=5.85287  L_uniform=566.093  L_min_j=[0]  L_spread=[0]
  Iter   4/100  loss=4232.5732  (1.1s)
  [dbg] mean SINR_dB inside : 3.87314
  [dbg] mean SINR_dB outside: -7.14479
  [dbg] L_in=428.636  L_out=6.6194  L_uniform=582.913  L_min_j=[0]  L_spread=[0]
  Iter   5/100  loss=4344.6479  (1.2s)
  [dbg] mean SINR_dB inside : 4.16079
  [dbg] mean SINR_dB outside: -7.10102
  [dbg] L_in=412.926  L_out=7.43299  L_uniform=565.876  L_min_j=[0]  L_spread=[0]
  Iter   6/100  loss=4185.8472  (1.1s)
  [dbg] mean SINR_dB inside : 4.10235
  [dbg] mean SINR_dB outside: -7.1364
  [dbg] L_in=417.538  L_out=8.29088  L_uniform=572.208  L_min_j=[0]  L_spread=[0]
  Iter   7/100  loss=4232.6045  (1.1s)
  [dbg] mean SINR_dB inside : 4.23679
  [dbg] mean SINR_dB outside: -6.77917
  [dbg] L_in=412.61  L_out=9.44135  L_uniform=569.043  L_min_j=[0]  L_spread=[0]
  Iter   8/100  loss=4183.0078  (1.2s)
  [dbg] mean SINR_dB inside : 4.29562
  [dbg] mean SINR_dB outside: -6.36311
  [dbg] L_in=406.151  L_out=10.2968  L_uniform=559.058  L_min_j=[0]  L_spread=[0]
  Iter   9/100  loss=4117.4185  (1.2s)
  [dbg] mean SINR_dB inside : 4.40165
  [dbg] mean SINR_dB outside: -6.10274
  [dbg] L_in=405.696  L_out=11.2169  L_uniform=563.406  L_min_j=[0]  L_spread=[0]
  Iter  10/100  loss=4113.3037  (1.2s)
  [dbg] mean SINR_dB inside : 4.43832
  [dbg] mean SINR_dB outside: -6.2168
  [dbg] L_in=406.059  L_out=11.3917  L_uniform=565.928  L_min_j=[0]  L_spread=[0]
  Iter  11/100  loss=4117.1821  (1.2s)
  [dbg] mean SINR_dB inside : 4.44566
  [dbg] mean SINR_dB outside: -6.13654
  [dbg] L_in=407.031  L_out=12.3838  L_uniform=568.267  L_min_j=[0]  L_spread=[0]
  Iter  12/100  loss=4127.1387  (1.1s)
  [dbg] mean SINR_dB inside : 4.54667
  [dbg] mean SINR_dB outside: -5.41197
  [dbg] L_in=402.313  L_out=13.4686  L_uniform=563.795  L_min_j=[0]  L_spread=[0]
  Iter  13/100  loss=4079.5054  (1.1s)
  [dbg] mean SINR_dB inside : 4.30736
  [dbg] mean SINR_dB outside: -5.40652
  [dbg] L_in=418.011  L_out=13.8124  L_uniform=583.455  L_min_j=[0]  L_spread=[0]
  Iter  14/100  loss=4238.4521  (1.4s)
  [dbg] mean SINR_dB inside : 4.25965
  [dbg] mean SINR_dB outside: -5.05504
  [dbg] L_in=420.753  L_out=15.1481  L_uniform=586.592  L_min_j=[0]  L_spread=[0]
  Iter  15/100  loss=4266.1846  (1.5s)
  [dbg] mean SINR_dB inside : 4.6917
  [dbg] mean SINR_dB outside: -5.00423
  [dbg] L_in=399.49  L_out=15.8701  L_uniform=565.277  L_min_j=[0]  L_spread=[0]
  Iter  16/100  loss=4051.4282  (1.4s)
  [dbg] mean SINR_dB inside : 4.68433
  [dbg] mean SINR_dB outside: -4.88104
  [dbg] L_in=399.663  L_out=16.3008  L_uniform=565.265  L_min_j=[0]  L_spread=[0]
  Iter  17/100  loss=4053.1594  (1.5s)
  [dbg] mean SINR_dB inside : 4.56094
  [dbg] mean SINR_dB outside: -4.70971
  [dbg] L_in=407.964  L_out=16.9  L_uniform=575.872  L_min_j=[0]  L_spread=[0]
  Iter  18/100  loss=4137.2266  (1.5s)
  [dbg] mean SINR_dB inside : 4.73053
  [dbg] mean SINR_dB outside: -4.54683
  [dbg] L_in=396.272  L_out=16.6784  L_uniform=560.719  L_min_j=[0]  L_spread=[0]
  Iter  19/100  loss=4018.7932  (1.5s)
  [dbg] mean SINR_dB inside : 4.69792
  [dbg] mean SINR_dB outside: -4.63973
  [dbg] L_in=398.459  L_out=17.6285  L_uniform=563.55  L_min_j=[0]  L_spread=[0]
  Iter  20/100  loss=4040.9431  (1.5s)
  [dbg] mean SINR_dB inside : 4.67439
  [dbg] mean SINR_dB outside: -4.36613
  [dbg] L_in=402.078  L_out=18.1795  L_uniform=569.654  L_min_j=[0]  L_spread=[0]
  Iter  21/100  loss=4077.7417  (1.4s)
  [dbg] mean SINR_dB inside : 4.78969
  [dbg] mean SINR_dB outside: -4.33167
  [dbg] L_in=394.624  L_out=18.6592  L_uniform=560.346  L_min_j=[0]  L_spread=[0]
  Iter  22/100  loss=4002.2773  (1.3s)
  [dbg] mean SINR_dB inside : 4.72633
  [dbg] mean SINR_dB outside: -4.30228
  [dbg] L_in=400.005  L_out=19.0605  L_uniform=568.04  L_min_j=[0]  L_spread=[0]
  Iter  23/100  loss=4056.8589  (1.1s)
  [dbg] mean SINR_dB inside : 4.96441
  [dbg] mean SINR_dB outside: -4.20025
  [dbg] L_in=384.23  L_out=19.9731  L_uniform=547.986  L_min_j=[0]  L_spread=[0]
  Iter  24/100  loss=3897.0999  (1.1s)
  [dbg] mean SINR_dB inside : 4.97664
  [dbg] mean SINR_dB outside: -4.05127
  [dbg] L_in=384.481  L_out=20.6647  L_uniform=549.081  L_min_j=[0]  L_spread=[0]
  Iter  25/100  loss=3899.7156  (1.2s)
  [dbg] mean SINR_dB inside : 5.11675
  [dbg] mean SINR_dB outside: -3.95842
  [dbg] L_in=377.967  L_out=20.8869  L_uniform=542.782  L_min_j=[0]  L_spread=[0]
  Iter  26/100  loss=3833.9436  (0.9s)
  [dbg] mean SINR_dB inside : 5.22446
  [dbg] mean SINR_dB outside: -4.10994
  [dbg] L_in=375.658  L_out=21.0959  L_uniform=543.316  L_min_j=[0]  L_spread=[0]
  Iter  27/100  loss=3810.9087  (1.1s)
  [dbg] mean SINR_dB inside : 5.36794
  [dbg] mean SINR_dB outside: -3.73765
  [dbg] L_in=369.436  L_out=21.065  L_uniform=537.676  L_min_j=[0]  L_spread=[0]
  Iter  28/100  loss=3748.1230  (1.1s)
  [dbg] mean SINR_dB inside : 5.26889
  [dbg] mean SINR_dB outside: -3.89734
  [dbg] L_in=371.628  L_out=21.3045  L_uniform=537.377  L_min_j=[0]  L_spread=[0]
  Iter  29/100  loss=3770.0139  (1.1s)
  [dbg] mean SINR_dB inside : 5.38971
  [dbg] mean SINR_dB outside: -3.80032
  [dbg] L_in=367.536  L_out=21.0395  L_uniform=534.927  L_min_j=[0]  L_spread=[0]
  Iter  30/100  loss=3728.8501  (1.1s)
  [dbg] mean SINR_dB inside : 5.81915
  [dbg] mean SINR_dB outside: -3.55562
  [dbg] L_in=347.451  L_out=21.8042  L_uniform=514.887  L_min_j=[0]  L_spread=[0]
  Iter  31/100  loss=3525.9939  (1.2s)
  [dbg] mean SINR_dB inside : 5.61902
  [dbg] mean SINR_dB outside: -3.87874
  [dbg] L_in=358.169  L_out=21.9835  L_uniform=527.044  L_min_j=[0]  L_spread=[0]
  Iter  32/100  loss=3634.3972  (1.1s)
  [dbg] mean SINR_dB inside : 5.50099
  [dbg] mean SINR_dB outside: -3.78567
  [dbg] L_in=360.339  L_out=21.7131  L_uniform=525.845  L_min_j=[0]  L_spread=[0]
  Iter  33/100  loss=3655.9731  (1.1s)
  [dbg] mean SINR_dB inside : 5.50731
  [dbg] mean SINR_dB outside: -3.73911
  [dbg] L_in=361.2  L_out=22.0578  L_uniform=527.875  L_min_j=[0]  L_spread=[0]
  Iter  34/100  loss=3664.7871  (1.2s)
  [dbg] mean SINR_dB inside : 5.60152
  [dbg] mean SINR_dB outside: -3.5777
  [dbg] L_in=359.27  L_out=21.8912  L_uniform=528.493  L_min_j=[0]  L_spread=[0]
  Iter  35/100  loss=3645.5486  (1.1s)
  [dbg] mean SINR_dB inside : 5.74972
  [dbg] mean SINR_dB outside: -3.51716
  [dbg] L_in=349.772  L_out=22.5157  L_uniform=516.429  L_min_j=[0]  L_spread=[0]
  Iter  36/100  loss=3549.3635  (1.2s)
  [dbg] mean SINR_dB inside : 5.81712
  [dbg] mean SINR_dB outside: -3.62839
  [dbg] L_in=347.911  L_out=22.3754  L_uniform=515.842  L_min_j=[0]  L_spread=[0]
  Iter  37/100  loss=3530.6909  (1.2s)
  [dbg] mean SINR_dB inside : 5.82908
  [dbg] mean SINR_dB outside: -3.46236
  [dbg] L_in=349.833  L_out=22.3339  L_uniform=520.296  L_min_j=[0]  L_spread=[0]
  Iter  38/100  loss=3550.3633  (0.9s)
  [dbg] mean SINR_dB inside : 5.98597
  [dbg] mean SINR_dB outside: -3.43343
  [dbg] L_in=339.816  L_out=23.4388  L_uniform=507.551  L_min_j=[0]  L_spread=[0]
  Iter  39/100  loss=3448.9104  (1.2s)
  [dbg] mean SINR_dB inside : 5.96201
  [dbg] mean SINR_dB outside: -3.28109
  [dbg] L_in=347.746  L_out=23.4905  L_uniform=522.315  L_min_j=[0]  L_spread=[0]
  Iter  40/100  loss=3529.6958  (1.1s)
  [dbg] mean SINR_dB inside : 6.01016
  [dbg] mean SINR_dB outside: -3.42285
  [dbg] L_in=341.983  L_out=22.709  L_uniform=513.01  L_min_j=[0]  L_spread=[0]
  Iter  41/100  loss=3471.1331  (1.2s)
  [dbg] mean SINR_dB inside : 5.99801
  [dbg] mean SINR_dB outside: -3.30513
  [dbg] L_in=342.367  L_out=23.2012  L_uniform=513.248  L_min_j=[0]  L_spread=[0]
  Iter  42/100  loss=3474.9927  (1.2s)
  [dbg] mean SINR_dB inside : 6.07358
  [dbg] mean SINR_dB outside: -3.4709
  [dbg] L_in=337.2  L_out=22.9829  L_uniform=506.422  L_min_j=[0]  L_spread=[0]
  Iter  43/100  loss=3422.6433  (1.1s)
  [dbg] mean SINR_dB inside : 6.29215
  [dbg] mean SINR_dB outside: -3.23997
  [dbg] L_in=324.936  L_out=24.051  L_uniform=491.89  L_min_j=[0]  L_spread=[0]
  Iter  44/100  loss=3298.5498  (1.1s)
  [dbg] mean SINR_dB inside : 6.20295
  [dbg] mean SINR_dB outside: -2.95272
  [dbg] L_in=330.764  L_out=24.9629  L_uniform=499.482  L_min_j=[0]  L_spread=[0]
  Iter  45/100  loss=3357.5850  (1.2s)
  [dbg] mean SINR_dB inside : 6.09079
  [dbg] mean SINR_dB outside: -3.14124
  [dbg] L_in=340.798  L_out=24.587  L_uniform=514.473  L_min_j=[0]  L_spread=[0]
  Iter  46/100  loss=3459.4246  (1.1s)
  [dbg] mean SINR_dB inside : 6.27329
  [dbg] mean SINR_dB outside: -3.01235
  [dbg] L_in=329.135  L_out=24.7543  L_uniform=499.487  L_min_j=[0]  L_spread=[0]
  Iter  47/100  loss=3341.3037  (0.9s)
  [dbg] mean SINR_dB inside : 6.44411
  [dbg] mean SINR_dB outside: -2.82648
  [dbg] L_in=319.022  L_out=25.8653  L_uniform=487.024  L_min_j=[0]  L_spread=[0]
  Iter  48/100  loss=3238.9268  (1.1s)
  [dbg] mean SINR_dB inside : 6.25513
  [dbg] mean SINR_dB outside: -2.73953
  [dbg] L_in=331.902  L_out=24.9958  L_uniform=504.255  L_min_j=[0]  L_spread=[0]
  Iter  49/100  loss=3369.4502  (1.1s)
  [dbg] mean SINR_dB inside : 6.51775
  [dbg] mean SINR_dB outside: -2.98567
  [dbg] L_in=317.21  L_out=25.0803  L_uniform=486.738  L_min_j=[0]  L_spread=[0]
  Iter  50/100  loss=3220.7712  (1.2s)
  [dbg] mean SINR_dB inside : 6.36941
  [dbg] mean SINR_dB outside: -3.0844
  [dbg] L_in=333.462  L_out=25.0761  L_uniform=512.6  L_min_j=[0]  L_spread=[0]
  Iter  51/100  loss=3385.8752  (1.1s)
  [dbg] mean SINR_dB inside : 6.67651
  [dbg] mean SINR_dB outside: -2.63193
  [dbg] L_in=312.158  L_out=26.2188  L_uniform=483.824  L_min_j=[0]  L_spread=[0]
  Iter  52/100  loss=3169.9673  (1.2s)
  [dbg] mean SINR_dB inside : 6.46131
  [dbg] mean SINR_dB outside: -2.84786
  [dbg] L_in=323.925  L_out=25.3907  L_uniform=497.66  L_min_j=[0]  L_spread=[0]
  Iter  53/100  loss=3289.0146  (1.2s)
  [dbg] mean SINR_dB inside : 6.57386
  [dbg] mean SINR_dB outside: -2.79905
  [dbg] L_in=315.372  L_out=26.3901  L_uniform=485.646  L_min_j=[0]  L_spread=[0]
  Iter  54/100  loss=3202.2842  (1.1s)
  [dbg] mean SINR_dB inside : 6.58205
  [dbg] mean SINR_dB outside: -3.00501
  [dbg] L_in=316.854  L_out=26.2506  L_uniform=489.048  L_min_j=[0]  L_spread=[0]
  Iter  55/100  loss=3217.4438  (0.9s)
  [dbg] mean SINR_dB inside : 6.43574
  [dbg] mean SINR_dB outside: -2.72259
  [dbg] L_in=325.433  L_out=26.4194  L_uniform=499.587  L_min_j=[0]  L_spread=[0]
  Iter  56/100  loss=3304.2849  (1.1s)
  [dbg] mean SINR_dB inside : 6.60111
  [dbg] mean SINR_dB outside: -2.85589
  [dbg] L_in=318.36  L_out=26.855  L_uniform=492.914  L_min_j=[0]  L_spread=[0]
  Iter  57/100  loss=3232.8870  (1.2s)
  [dbg] mean SINR_dB inside : 6.63873
  [dbg] mean SINR_dB outside: -2.69187
  [dbg] L_in=314.242  L_out=26.4095  L_uniform=486.357  L_min_j=[0]  L_spread=[0]
  Iter  58/100  loss=3191.0527  (1.1s)
  [dbg] mean SINR_dB inside : 6.61739
  [dbg] mean SINR_dB outside: -2.56588
  [dbg] L_in=313.074  L_out=26.4509  L_uniform=483.087  L_min_j=[0]  L_spread=[0]
  Iter  59/100  loss=3179.0452  (1.1s)
  [dbg] mean SINR_dB inside : 6.74906
  [dbg] mean SINR_dB outside: -2.38287
  [dbg] L_in=307.82  L_out=27.5289  L_uniform=478.46  L_min_j=[0]  L_spread=[0]
  Iter  60/100  loss=3126.0449  (1.1s)
  [dbg] mean SINR_dB inside : 6.70035
  [dbg] mean SINR_dB outside: -2.47241
  [dbg] L_in=309.278  L_out=27.8256  L_uniform=479.249  L_min_j=[0]  L_spread=[0]
  Iter  61/100  loss=3140.7075  (1.1s)
  [dbg] mean SINR_dB inside : 6.58298
  [dbg] mean SINR_dB outside: -2.49299
  [dbg] L_in=318.531  L_out=27.4409  L_uniform=492.47  L_min_j=[0]  L_spread=[0]
  Iter  62/100  loss=3234.5564  (1.1s)
  [dbg] mean SINR_dB inside : 6.74407
  [dbg] mean SINR_dB outside: -2.53246
  [dbg] L_in=310.888  L_out=28.1289  L_uniform=484.464  L_min_j=[0]  L_spread=[0]
  Iter  63/100  loss=3157.3303  (0.9s)
  [dbg] mean SINR_dB inside : 6.78897
  [dbg] mean SINR_dB outside: -2.34929
  [dbg] L_in=311.54  L_out=27.4877  L_uniform=487.785  L_min_j=[0]  L_spread=[0]
  Iter  64/100  loss=3164.1804  (0.9s)
  [dbg] mean SINR_dB inside : 6.77655
  [dbg] mean SINR_dB outside: -2.5854
  [dbg] L_in=307.688  L_out=27.2568  L_uniform=479.547  L_min_j=[0]  L_spread=[0]
  Iter  65/100  loss=3124.8330  (0.9s)
  [dbg] mean SINR_dB inside : 6.73626
  [dbg] mean SINR_dB outside: -2.52456
  [dbg] L_in=313.86  L_out=27.7574  L_uniform=490.056  L_min_j=[0]  L_spread=[0]
  Iter  66/100  loss=3187.6104  (1.2s)
  [dbg] mean SINR_dB inside : 7.00864
  [dbg] mean SINR_dB outside: -2.33447
  [dbg] L_in=302.466  L_out=28.1025  L_uniform=479.395  L_min_j=[0]  L_spread=[0]
  Iter  67/100  loss=3072.5955  (1.2s)
  [dbg] mean SINR_dB inside : 6.82794
  [dbg] mean SINR_dB outside: -2.55107
  [dbg] L_in=310.753  L_out=27.7835  L_uniform=487.98  L_min_j=[0]  L_spread=[0]
  Iter  68/100  loss=3156.3323  (1.1s)
  [dbg] mean SINR_dB inside : 6.7498
  [dbg] mean SINR_dB outside: -2.5785
  [dbg] L_in=311.661  L_out=27.4346  L_uniform=486.294  L_min_j=[0]  L_spread=[0]
  Iter  69/100  loss=3165.2429  (1.1s)
  [dbg] mean SINR_dB inside : 6.93611
  [dbg] mean SINR_dB outside: -2.66256
  [dbg] L_in=305.24  L_out=27.8371  L_uniform=481.804  L_min_j=[0]  L_spread=[0]
  Iter  70/100  loss=3100.5850  (0.9s)
  [dbg] mean SINR_dB inside : 6.98255
  [dbg] mean SINR_dB outside: -2.5117
  [dbg] L_in=300.89  L_out=28.1854  L_uniform=475.118  L_min_j=[0]  L_spread=[0]
  Iter  71/100  loss=3056.4106  (0.9s)
  [dbg] mean SINR_dB inside : 6.80897
  [dbg] mean SINR_dB outside: -2.31695
  [dbg] L_in=311.299  L_out=27.9192  L_uniform=488.225  L_min_j=[0]  L_spread=[0]
  Iter  72/100  loss=3161.8142  (1.1s)
  [dbg] mean SINR_dB inside : 7.04936
  [dbg] mean SINR_dB outside: -2.3806
  [dbg] L_in=299.201  L_out=28.1358  L_uniform=474.659  L_min_j=[0]  L_spread=[0]
  Iter  73/100  loss=3039.4795  (0.9s)
  [dbg] mean SINR_dB inside : 6.98068
  [dbg] mean SINR_dB outside: -2.54535
  [dbg] L_in=304.745  L_out=28.1733  L_uniform=482.781  L_min_j=[0]  L_spread=[0]
  Iter  74/100  loss=3095.7234  (0.9s)
  [dbg] mean SINR_dB inside : 7.13873
  [dbg] mean SINR_dB outside: -2.537
  [dbg] L_in=293.208  L_out=28.1655  L_uniform=466.609  L_min_j=[0]  L_spread=[0]
  Iter  75/100  loss=2978.7441  (1.1s)
  [dbg] mean SINR_dB inside : 7.04717
  [dbg] mean SINR_dB outside: -2.46284
  [dbg] L_in=300.226  L_out=28.1686  L_uniform=476.607  L_min_j=[0]  L_spread=[0]
  Iter  76/100  loss=3049.9233  (1.1s)
  [dbg] mean SINR_dB inside : 7.12034
  [dbg] mean SINR_dB outside: -2.50998
  [dbg] L_in=298.376  L_out=27.7585  L_uniform=476.124  L_min_j=[0]  L_spread=[0]
  Iter  77/100  loss=3031.3706  (1.1s)
  [dbg] mean SINR_dB inside : 7.12143
  [dbg] mean SINR_dB outside: -2.53016
  [dbg] L_in=294.004  L_out=28.9651  L_uniform=467.479  L_min_j=[0]  L_spread=[0]
  Iter  78/100  loss=2986.7922  (1.2s)
  [dbg] mean SINR_dB inside : 7.09142
  [dbg] mean SINR_dB outside: -2.4648
  [dbg] L_in=296.843  L_out=29.6194  L_uniform=471.809  L_min_j=[0]  L_spread=[0]
  Iter  79/100  loss=3015.6150  (1.2s)
  [dbg] mean SINR_dB inside : 7.10747
  [dbg] mean SINR_dB outside: -2.61684
  [dbg] L_in=295.244  L_out=28.1506  L_uniform=469.339  L_min_j=[0]  L_spread=[0]
  Iter  80/100  loss=2999.3752  (1.2s)
  [dbg] mean SINR_dB inside : 6.97912
  [dbg] mean SINR_dB outside: -2.48371
  [dbg] L_in=305.65  L_out=28.7746  L_uniform=484.439  L_min_j=[0]  L_spread=[0]
  Iter  81/100  loss=3104.9441  (1.2s)
  [dbg] mean SINR_dB inside : 7.12423
  [dbg] mean SINR_dB outside: -2.19113
  [dbg] L_in=291.934  L_out=28.5005  L_uniform=463.375  L_min_j=[0]  L_spread=[0]
  Iter  82/100  loss=2965.6755  (1.2s)
  [dbg] mean SINR_dB inside : 6.91084
  [dbg] mean SINR_dB outside: -2.34245
  [dbg] L_in=308.844  L_out=28.3728  L_uniform=487.915  L_min_j=[0]  L_spread=[0]
  Iter  83/100  loss=3137.2295  (1.2s)
  [dbg] mean SINR_dB inside : 7.04025
  [dbg] mean SINR_dB outside: -2.37514
  [dbg] L_in=299.303  L_out=29.0565  L_uniform=474.519  L_min_j=[0]  L_spread=[0]
  Iter  84/100  loss=3040.4780  (0.9s)
  [dbg] mean SINR_dB inside : 7.02103
  [dbg] mean SINR_dB outside: -2.34773
  [dbg] L_in=299.373  L_out=29.0464  L_uniform=473.773  L_min_j=[0]  L_spread=[0]
  Iter  85/100  loss=3041.1060  (1.2s)[0m[31m2026-05-24 22:09:10 WARN  [HDRFilm] Monochrome mode enabled, setting film output pixel format to 'luminance' (was rgb).

  [dbg] mean SINR_dB inside : 6.97416
  [dbg] mean SINR_dB outside: -2.42394
  [dbg] L_in=304.163  L_out=28.4631  L_uniform=481.292  L_min_j=[0]  L_spread=[0]
  Iter  86/100  loss=3089.7595  (1.1s)
  [dbg] mean SINR_dB inside : 6.85409
  [dbg] mean SINR_dB outside: -2.58358
  [dbg] L_in=307.976  L_out=28.5781  L_uniform=483.603  L_min_j=[0]  L_spread=[0]
  Iter  87/100  loss=3128.1248  (1.2s)
  [dbg] mean SINR_dB inside : 7.10091
  [dbg] mean SINR_dB outside: -2.693
  [dbg] L_in=297.537  L_out=28.3963  L_uniform=473.595  L_min_j=[0]  L_spread=[0]
  Iter  88/100  loss=3022.7314  (0.9s)
  [dbg] mean SINR_dB inside : 7.16351
  [dbg] mean SINR_dB outside: -2.29719
  [dbg] L_in=294.168  L_out=28.5033  L_uniform=469.58  L_min_j=[0]  L_spread=[0]
  Iter  89/100  loss=2988.6353  (1.1s)
  [dbg] mean SINR_dB inside : 6.92407
  [dbg] mean SINR_dB outside: -2.30363
  [dbg] L_in=303.872  L_out=28.8972  L_uniform=478.546  L_min_j=[0]  L_spread=[0]
  Iter  90/100  loss=3086.5757  (0.9s)
  [dbg] mean SINR_dB inside : 7.05609
  [dbg] mean SINR_dB outside: -2.14088
  [dbg] L_in=297.836  L_out=29.7318  L_uniform=472.256  L_min_j=[0]  L_spread=[0]
  Iter  91/100  loss=3025.5874  (0.9s)
  [dbg] mean SINR_dB inside : 6.95763
  [dbg] mean SINR_dB outside: -2.38603
  [dbg] L_in=303.076  L_out=29.1872  L_uniform=478.424  L_min_j=[0]  L_spread=[0]
  Iter  92/100  loss=3078.5991  (1.1s)
  [dbg] mean SINR_dB inside : 7.00604
  [dbg] mean SINR_dB outside: -2.64599
  [dbg] L_in=300.75  L_out=28.5845  L_uniform=475.892  L_min_j=[0]  L_spread=[0]
  Iter  93/100  loss=3055.0850  (1.1s)
  [dbg] mean SINR_dB inside : 7.17056
  [dbg] mean SINR_dB outside: -2.28631
  [dbg] L_in=294.702  L_out=29.7265  L_uniform=471.018  L_min_j=[0]  L_spread=[0]
  Iter  94/100  loss=2994.1184  (1.2s)
  [dbg] mean SINR_dB inside : 6.86306
  [dbg] mean SINR_dB outside: -2.30787
  [dbg] L_in=310.609  L_out=29.5001  L_uniform=489.353  L_min_j=[0]  L_spread=[0]
  Iter  95/100  loss=3155.0234  (1.2s)
  [dbg] mean SINR_dB inside : 7.1752
  [dbg] mean SINR_dB outside: -2.30198
  [dbg] L_in=291.415  L_out=28.7404  L_uniform=464.66  L_min_j=[0]  L_spread=[0]
  Iter  96/100  loss=2960.6118  (0.9s)
  [dbg] mean SINR_dB inside : 7.08408
  [dbg] mean SINR_dB outside: -2.33288
  [dbg] L_in=299.878  L_out=28.7832  L_uniform=477.597  L_min_j=[0]  L_spread=[0]
  Iter  97/100  loss=3046.5439  (0.9s)
  [dbg] mean SINR_dB inside : 7.05153
  [dbg] mean SINR_dB outside: -2.50926
  [dbg] L_in=300.38  L_out=27.9623  L_uniform=477.099  L_min_j=[0]  L_spread=[0]
  Iter  98/100  loss=3051.5117  (1.2s)
  [dbg] mean SINR_dB inside : 6.96714
  [dbg] mean SINR_dB outside: -2.38109
  [dbg] L_in=303.951  L_out=28.8128  L_uniform=480.62  L_min_j=[0]  L_spread=[0]
  Iter  99/100  loss=3087.5708  (0.9s)
  [dbg] mean SINR_dB inside : 7.20062
  [dbg] mean SINR_dB outside: -2.26153
  [dbg] L_in=290.515  L_out=28.6154  L_uniform=463.936  L_min_j=[0]  L_spread=[0]
  Iter 100/100  loss=2951.5432  (0.9s)

======================================================================
OPTIMIZATION COMPLETE  (118.4s)
  bs_0: Az=321.9°, El=-6.0°, pos=(-421.5, 375.4)
  bs_1: Az=136.1°, El=-7.4°, pos=(420.7, -364.7)
  bs_2: Az=49.9°, El=-5.8°, pos=(-394.9, -471.2)
  bs_3: Az=221.2°, El=-6.1°, pos=(353.3, 419.3)
======================================================================

  Warm-up: 118.4s total, 1.18s/iter
  Run 2: Joint optimization (100 iter, BS positions frozen)
-700.0

======================================================================
MULTI-TX SIR OPTIMIZATION  (4 transmitters)
======================================================================
Pre-created 1108 receivers (500 inside + 608 outside) across 4 base stations
Tx Position: [-200.0, -600.0, 50.0]
look_at_position: [-0.0, -0.0, 1.5]
Tx Position: [200.0, -600.0, 50.0]
look_at_position: [-0.0, -0.0, 1.5]
Tx Position: [600.0, -200.0, 50.0]
look_at_position: [-0.0, -0.0, 1.5]
Tx Position: [600.0, 200.0, 50.0]
look_at_position: [-0.0, -0.0, 1.5]
Tx Position: [200.0, 600.0, 50.0]
look_at_position: [-0.0, -0.0, 1.5]
Tx Position: [-200.0, 600.0, 50.0]
look_at_position: [-0.0, -0.0, 1.5]
Tx Position: [-600.0, 200.0, 50.0]
look_at_position: [-0.0, -0.0, 1.5]
Tx Position: [-600.0, -200.0, 50.0]
look_at_position: [-0.0, -0.0, 1.5]
  [dbg] mean SINR_dB inside : -5.07433
  [dbg] mean SINR_dB outside: -18.2942
  [dbg] L_in=884.234  L_out=-125.105  L_uniform=964.406  L_min_j=0.5  L_spread=[0]
  Iter   1/100  loss=5919.2637  (6.4s)
  [dbg] mean SINR_dB inside : -1.69192
  [dbg] mean SINR_dB outside: -13.4405
  [dbg] L_in=698.157  L_out=-87.6622  L_uniform=811.307  L_min_j=0.475021  L_spread=[0]
  Iter   2/100  loss=4789.7642  (2.5s)
  [dbg] mean SINR_dB inside : -1.49712
  [dbg] mean SINR_dB outside: -13.0194
  [dbg] L_in=688.911  L_out=-85.2829  L_uniform=804.733  L_min_j=0.452413  L_spread=[0]
  Iter   3/100  loss=4738.9297  (2.4s)
  [dbg] mean SINR_dB inside : -1.11372
  [dbg] mean SINR_dB outside: -12.6672
  [dbg] L_in=668.988  L_out=-83.4934  L_uniform=788.126  L_min_j=0.431254  L_spread=[0]
  Iter   4/100  loss=4595.7842  (2.6s)
  [dbg] mean SINR_dB inside : -0.904703
  [dbg] mean SINR_dB outside: -12.8888
  [dbg] L_in=656.318  L_out=-85.2681  L_uniform=775.329  L_min_j=0.41175  L_spread=[0]
  Iter   5/100  loss=4475.3965  (2.4s)
  [dbg] mean SINR_dB inside : -0.548237
  [dbg] mean SINR_dB outside: -12.8829
  [dbg] L_in=638.097  L_out=-85.6756  L_uniform=760.079  L_min_j=0.393745  L_spread=[0]
  Iter   6/100  loss=4324.0264  (2.4s)
  [dbg] mean SINR_dB inside : -0.437684
  [dbg] mean SINR_dB outside: -12.9591
  [dbg] L_in=631.648  L_out=-86.6199  L_uniform=753.702  L_min_j=0.377393  L_spread=[0]
  Iter   7/100  loss=4262.3564  (2.5s)
  [dbg] mean SINR_dB inside : -0.174224
  [dbg] mean SINR_dB outside: -12.8072
  [dbg] L_in=616.898  L_out=-86.0695  L_uniform=739.643  L_min_j=0.362595  L_spread=[0]
  Iter   8/100  loss=4148.4507  (2.3s)
  [dbg] mean SINR_dB inside : -0.123366
  [dbg] mean SINR_dB outside: -12.8518
  [dbg] L_in=613.591  L_out=-86.5691  L_uniform=735.993  L_min_j=0.349396  L_spread=[0]
  Iter   9/100  loss=4116.6348  (2.4s)
  [dbg] mean SINR_dB inside : 0.294984
  [dbg] mean SINR_dB outside: -12.5997
  [dbg] L_in=586.049  L_out=-85.0738  L_uniform=705.101  L_min_j=0.337822  L_spread=[0]
  Iter  10/100  loss=3908.1650  (2.8s)
  [dbg] mean SINR_dB inside : 0.334145
  [dbg] mean SINR_dB outside: -12.4583
  [dbg] L_in=587.47  L_out=-84.3573  L_uniform=710.188  L_min_j=0.327939  L_spread=[0]
  Iter  11/100  loss=3927.2043  (2.8s)
  [dbg] mean SINR_dB inside : 0.511453
  [dbg] mean SINR_dB outside: -12.2458
  [dbg] L_in=576.61  L_out=-83.0563  L_uniform=698.601  L_min_j=0.319721  L_spread=[0]
  Iter  12/100  loss=3852.1768  (2.4s)
  [dbg] mean SINR_dB inside : 0.601604
  [dbg] mean SINR_dB outside: -12.3589
  [dbg] L_in=575.529  L_out=-84.0447  L_uniform=701.565  L_min_j=0.31312  L_spread=[0]
  Iter  13/100  loss=3833.9385  (3.3s)
  [dbg] mean SINR_dB inside : 0.519479
  [dbg] mean SINR_dB outside: -12.531
  [dbg] L_in=579.453  L_out=-85.3752  L_uniform=704.74  L_min_j=0.307947  L_spread=[0]
  Iter  14/100  loss=3852.3430  (2.5s)
  [dbg] mean SINR_dB inside : 0.58798
  [dbg] mean SINR_dB outside: -12.2945
  [dbg] L_in=580.158  L_out=-83.8038  L_uniform=710.041  L_min_j=0.303978  L_spread=[0]
  Iter  15/100  loss=3874.2263  (2.4s)
  [dbg] mean SINR_dB inside : 0.710789
  [dbg] mean SINR_dB outside: -12.5496
  [dbg] L_in=575.095  L_out=-85.586  L_uniform=706.878  L_min_j=0.301021  L_spread=[0]
  Iter  16/100  loss=3815.5916  (2.4s)
  [dbg] mean SINR_dB inside : 0.889894
  [dbg] mean SINR_dB outside: -12.3562
  [dbg] L_in=564.108  L_out=-84.2948  L_uniform=695.003  L_min_j=0.298944  L_spread=[0]
  Iter  17/100  loss=3739.4160  (2.4s)
  [dbg] mean SINR_dB inside : 0.749361
  [dbg] mean SINR_dB outside: -12.4471
  [dbg] L_in=577.571  L_out=-85.01  L_uniform=714.005  L_min_j=0.297558  L_spread=[0]
  Iter  18/100  loss=3841.8660  (2.4s)
  [dbg] mean SINR_dB inside : 0.840598
  [dbg] mean SINR_dB outside: -12.3532
  [dbg] L_in=571.69  L_out=-84.2652  L_uniform=707.39  L_min_j=0.29676  L_spread=[0]
  Iter  19/100  loss=3801.6067  (2.4s)
  [dbg] mean SINR_dB inside : 1.14308
  [dbg] mean SINR_dB outside: -12.1672
  [dbg] L_in=550.8  L_out=-82.9849  L_uniform=682.551  L_min_j=0.296414  L_spread=[0]
  Iter  20/100  loss=3644.8083  (2.6s)
  [dbg] mean SINR_dB inside : 0.981143
  [dbg] mean SINR_dB outside: -12.412
  [dbg] L_in=563.376  L_out=-84.7467  L_uniform=698.656  L_min_j=0.296538  L_spread=[0]
  Iter  21/100  loss=3729.4060  (2.5s)
  [dbg] mean SINR_dB inside : 1.24743
  [dbg] mean SINR_dB outside: -12.1257
  [dbg] L_in=547.006  L_out=-82.5853  L_uniform=680.766  L_min_j=0.296873  L_spread=[0]
  Iter  22/100  loss=3618.2686  (2.4s)
  [dbg] mean SINR_dB inside : 1.56231
  [dbg] mean SINR_dB outside: -11.9757
  [dbg] L_in=526.693  L_out=-81.5354  L_uniform=657.516  L_min_j=0.297363  L_spread=[0]
  Iter  23/100  loss=3463.9392  (2.4s)
  [dbg] mean SINR_dB inside : 1.31287
  [dbg] mean SINR_dB outside: -11.8576
  [dbg] L_in=548.608  L_out=-80.6035  L_uniform=687.597  L_min_j=0.29823  L_spread=[0]
  Iter  24/100  loss=3651.5898  (2.4s)
  [dbg] mean SINR_dB inside : 1.33475
  [dbg] mean SINR_dB outside: -11.9255
  [dbg] L_in=545.355  L_out=-80.9756  L_uniform=682.301  L_min_j=0.299325  L_spread=[0]
  Iter  25/100  loss=3621.3171  (2.4s)
  [dbg] mean SINR_dB inside : 1.42684
  [dbg] mean SINR_dB outside: -11.6237
  [dbg] L_in=541.108  L_out=-78.6557  L_uniform=678.896  L_min_j=0.3005  L_spread=[0]
  Iter  26/100  loss=3610.1963  (2.4s)
  [dbg] mean SINR_dB inside : 1.67898
  [dbg] mean SINR_dB outside: -11.6627
  [dbg] L_in=523.431  L_out=-79.0062  L_uniform=657.383  L_min_j=0.301858  L_spread=[0]
  Iter  27/100  loss=3463.1213  (2.4s)
  [dbg] mean SINR_dB inside : 1.64905
  [dbg] mean SINR_dB outside: -11.4502
  [dbg] L_in=528.126  L_out=-77.3412  L_uniform=665.138  L_min_j=0.303411  L_spread=[0]
  Iter  28/100  loss=3518.1121  (2.4s)
  [dbg] mean SINR_dB inside : 1.63954
  [dbg] mean SINR_dB outside: -11.3772
  [dbg] L_in=528.907  L_out=-76.7335  L_uniform=666.177  L_min_j=0.305232  L_spread=[0]
  Iter  29/100  loss=3530.5396  (2.4s)
  [dbg] mean SINR_dB inside : 1.47731
  [dbg] mean SINR_dB outside: -11.3444
  [dbg] L_in=541.826  L_out=-76.3785  L_uniform=683.114  L_min_j=0.307271  L_spread=[0]
  Iter  30/100  loss=3639.1365  (2.4s)
  [dbg] mean SINR_dB inside : 1.82301
  [dbg] mean SINR_dB outside: -11.4012
  [dbg] L_in=518.591  L_out=-76.7122  L_uniform=655.553  L_min_j=0.309445  L_spread=[0]
  Iter  31/100  loss=3447.1570  (2.4s)
  [dbg] mean SINR_dB inside : 1.76541
  [dbg] mean SINR_dB outside: -11.1265
  [dbg] L_in=523.622  L_out=-74.7608  L_uniform=662.482  L_min_j=0.311845  L_spread=[0]
  Iter  32/100  loss=3507.6155  (2.5s)
  [dbg] mean SINR_dB inside : 2.03044
  [dbg] mean SINR_dB outside: -11.1961
  [dbg] L_in=507.738  L_out=-75.1744  L_uniform=645.083  L_min_j=0.314429  L_spread=[0]
  Iter  33/100  loss=3374.6716  (2.4s)
  [dbg] mean SINR_dB inside : 2.05042
  [dbg] mean SINR_dB outside: -11.0264
  [dbg] L_in=507.334  L_out=-74.0374  L_uniform=645.347  L_min_j=0.317187  L_spread=[0]
  Iter  34/100  loss=3382.8306  (2.5s)
  [dbg] mean SINR_dB inside : 2.04609
  [dbg] mean SINR_dB outside: -11.0167
  [dbg] L_in=509.934  L_out=-73.8564  L_uniform=650.315  L_min_j=0.320127  L_spread=[0]
  Iter  35/100  loss=3405.9407  (2.5s)
  [dbg] mean SINR_dB inside : 2.01291
  [dbg] mean SINR_dB outside: -10.8816
  [dbg] L_in=510.105  L_out=-73.0948  L_uniform=648.868  L_min_j=0.323198  L_spread=[0]
  Iter  36/100  loss=3414.7798  (3.2s)
  [dbg] mean SINR_dB inside : 2.34809
  [dbg] mean SINR_dB outside: -10.8669
  [dbg] L_in=490.781  L_out=-72.9365  L_uniform=628.197  L_min_j=0.326249  L_spread=[0]
  Iter  37/100  loss=3259.6990  (3.0s)
  [dbg] mean SINR_dB inside : 2.05264
  [dbg] mean SINR_dB outside: -10.8
  [dbg] L_in=512.138  L_out=-72.372  L_uniform=655.077  L_min_j=0.329283  L_spread=[0]
  Iter  38/100  loss=3438.8916  (2.4s)
  [dbg] mean SINR_dB inside : 2.427
  [dbg] mean SINR_dB outside: -11.0203
  [dbg] L_in=485.487  L_out=-74.0787  L_uniform=621.811  L_min_j=0.332317  L_spread=[0]
  Iter  39/100  loss=3205.2903  (2.8s)
  [dbg] mean SINR_dB inside : 2.25926
  [dbg] mean SINR_dB outside: -10.7646
  [dbg] L_in=497.496  L_out=-72.3975  L_uniform=636.886  L_min_j=0.3353  L_spread=[0]
  Iter  40/100  loss=3319.6787  (2.4s)
  [dbg] mean SINR_dB inside : 2.20602
  [dbg] mean SINR_dB outside: -10.7337
  [dbg] L_in=499.77  L_out=-72.2229  L_uniform=638.584  L_min_j=0.338129  L_spread=[0]
  Iter  41/100  loss=3339.7861  (2.4s)
  [dbg] mean SINR_dB inside : 2.56082
  [dbg] mean SINR_dB outside: -10.8092
  [dbg] L_in=478.212  L_out=-72.7968  L_uniform=614.359  L_min_j=0.340896  L_spread=[0]
  Iter  42/100  loss=3159.1675  (2.4s)
  [dbg] mean SINR_dB inside : 2.57828
  [dbg] mean SINR_dB outside: -10.6678
  [dbg] L_in=479.984  L_out=-71.7263  L_uniform=618.825  L_min_j=0.343602  L_spread=[0]
  Iter  43/100  loss=3184.4934  (2.4s)
  [dbg] mean SINR_dB inside : 2.48207
  [dbg] mean SINR_dB outside: -10.6642
  [dbg] L_in=485.725  L_out=-71.6737  L_uniform=625.219  L_min_j=0.346303  L_spread=[0]
  Iter  44/100  loss=3231.5845  (2.8s)
  [dbg] mean SINR_dB inside : 2.65469
  [dbg] mean SINR_dB outside: -10.5057
  [dbg] L_in=474.602  L_out=-70.3653  L_uniform=612.089  L_min_j=0.34892  L_spread=[0]
  Iter  45/100  loss=3154.3740  (2.4s)
  [dbg] mean SINR_dB inside : 2.6897
  [dbg] mean SINR_dB outside: -10.6455
  [dbg] L_in=473.279  L_out=-71.2491  L_uniform=611.295  L_min_j=0.351444  L_spread=[0]
  Iter  46/100  loss=3134.8679  (3.1s)
  [dbg] mean SINR_dB inside : 2.76383
  [dbg] mean SINR_dB outside: -10.4813
  [dbg] L_in=471.522  L_out=-70.0502  L_uniform=611.678  L_min_j=0.35389  L_spread=[0]
  Iter  47/100  loss=3132.8428  (2.4s)
  [dbg] mean SINR_dB inside : 2.86665
  [dbg] mean SINR_dB outside: -10.3258
  [dbg] L_in=464.498  L_out=-68.6778  L_uniform=603.014  L_min_j=0.35636  L_spread=[0]
  Iter  48/100  loss=3089.5039  (2.3s)
  [dbg] mean SINR_dB inside : 2.96997
  [dbg] mean SINR_dB outside: -10.3095
  [dbg] L_in=460.428  L_out=-68.5387  L_uniform=600.269  L_min_j=0.358787  L_spread=[0]
  Iter  49/100  loss=3058.0615  (2.1s)
  [dbg] mean SINR_dB inside : 2.7986
  [dbg] mean SINR_dB outside: -10.2548
  [dbg] L_in=470.924  L_out=-67.8699  L_uniform=612.299  L_min_j=0.361161  L_spread=[0]
  Iter  50/100  loss=3149.9238  (2.3s)
  [dbg] mean SINR_dB inside : 2.85904
  [dbg] mean SINR_dB outside: -10.2632
  [dbg] L_in=467.856  L_out=-68.0128  L_uniform=609.325  L_min_j=0.363512  L_spread=[0]
  Iter  51/100  loss=3123.6489  (2.3s)
  [dbg] mean SINR_dB inside : 2.88415
  [dbg] mean SINR_dB outside: -10.3565
  [dbg] L_in=469.068  L_out=-68.5851  L_uniform=613.056  L_min_j=0.365817  L_spread=[0]
  Iter  52/100  loss=3127.9956  (2.3s)
  [dbg] mean SINR_dB inside : 3.16307
  [dbg] mean SINR_dB outside: -10.1039
  [dbg] L_in=452.399  L_out=-66.7795  L_uniform=594.21  L_min_j=0.368085  L_spread=[0]
  Iter  53/100  loss=3010.8154  (2.3s)
  [dbg] mean SINR_dB inside : 2.97914
  [dbg] mean SINR_dB outside: -9.99567
  [dbg] L_in=465.95  L_out=-65.9647  L_uniform=611.782  L_min_j=0.370263  L_spread=[0]
  Iter  54/100  loss=3129.1279  (2.3s)
  [dbg] mean SINR_dB inside : 3.06893
  [dbg] mean SINR_dB outside: -9.98507
  [dbg] L_in=460.857  L_out=-65.7495  L_uniform=606.253  L_min_j=0.372326  L_spread=[0]
  Iter  55/100  loss=3089.9846  (2.3s)
  [dbg] mean SINR_dB inside : 3.17028
  [dbg] mean SINR_dB outside: -9.96418
  [dbg] L_in=453.841  L_out=-65.5917  L_uniform=597.481  L_min_j=0.374342  L_spread=[0]
  Iter  56/100  loss=3034.5608  (2.3s)
  [dbg] mean SINR_dB inside : 3.29952
  [dbg] mean SINR_dB outside: -9.92872
  [dbg] L_in=445.802  L_out=-65.3524  L_uniform=588.073  L_min_j=0.376275  L_spread=[0]
  Iter  57/100  loss=2971.6970  (2.3s)
  [dbg] mean SINR_dB inside : 3.2715
  [dbg] mean SINR_dB outside: -10.1966
  [dbg] L_in=446.057  L_out=-67.2733  L_uniform=587.137  L_min_j=0.378126  L_spread=[0]
  Iter  58/100  loss=2954.4329  (2.3s)
  [dbg] mean SINR_dB inside : 3.31901
  [dbg] mean SINR_dB outside: -10.0333
  [dbg] L_in=445.203  L_out=-66.0681  L_uniform=587.878  L_min_j=0.37987  L_spread=[0]
  Iter  59/100  loss=2959.7341  (2.3s)
  [dbg] mean SINR_dB inside : 3.31483
  [dbg] mean SINR_dB outside: -10.1086
  [dbg] L_in=446.373  L_out=-66.5805  L_uniform=589.991  L_min_j=0.381534  L_spread=[0]
  Iter  60/100  loss=2964.1777  (2.3s)
  [dbg] mean SINR_dB inside : 3.15482
  [dbg] mean SINR_dB outside: -9.87117
  [dbg] L_in=455.256  L_out=-64.9132  L_uniform=599.525  L_min_j=0.383128  L_spread=[0]
  Iter  61/100  loss=3052.8713  (2.3s)
  [dbg] mean SINR_dB inside : 3.22309
  [dbg] mean SINR_dB outside: -9.95608
  [dbg] L_in=451.947  L_out=-65.7164  L_uniform=596.431  L_min_j=0.384604  L_spread=[0]
  Iter  62/100  loss=3018.0537  (2.3s)
  [dbg] mean SINR_dB inside : 3.15605
  [dbg] mean SINR_dB outside: -9.98949
  [dbg] L_in=457.832  L_out=-65.851  L_uniform=604.731  L_min_j=0.386003  L_spread=[0]
  Iter  63/100  loss=3064.6172  (2.3s)
  [dbg] mean SINR_dB inside : 3.41292
  [dbg] mean SINR_dB outside: -9.93934
  [dbg] L_in=440.877  L_out=-65.4617  L_uniform=584.039  L_min_j=0.387327  L_spread=[0]
  Iter  64/100  loss=2930.8052  (2.4s)
  [dbg] mean SINR_dB inside : 3.17766
  [dbg] mean SINR_dB outside: -9.98049
  [dbg] L_in=456.72  L_out=-65.776  L_uniform=603.625  L_min_j=0.388581  L_spread=[0]
  Iter  65/100  loss=3056.3667  (2.3s)
  [dbg] mean SINR_dB inside : 3.21816
  [dbg] mean SINR_dB outside: -9.9551
  [dbg] L_in=457.337  L_out=-65.5235  L_uniform=606.961  L_min_j=0.389771  L_spread=[0]
  Iter  66/100  loss=3064.1587  (2.3s)
  [dbg] mean SINR_dB inside : 3.43559
  [dbg] mean SINR_dB outside: -9.57673
  [dbg] L_in=439.864  L_out=-62.9541  L_uniform=583.165  L_min_j=0.390893  L_spread=[0]
  Iter  67/100  loss=2947.6865  (2.3s)
  [dbg] mean SINR_dB inside : 3.71281
  [dbg] mean SINR_dB outside: -9.43926
  [dbg] L_in=422.563  L_out=-61.7445  L_uniform=562.658  L_min_j=0.391965  L_spread=[0]
  Iter  68/100  loss=2819.3264  (2.3s)
  [dbg] mean SINR_dB inside : 3.44229
  [dbg] mean SINR_dB outside: -9.82608
  [dbg] L_in=439.057  L_out=-64.6395  L_uniform=581.906  L_min_j=0.392988  L_spread=[0]
  Iter  69/100  loss=2924.2527  (2.3s)
  [dbg] mean SINR_dB inside : 3.35305
  [dbg] mean SINR_dB outside: -9.72143
  [dbg] L_in=447.522  L_out=-63.7524  L_uniform=594.271  L_min_j=0.393948  L_spread=[0]
  Iter  70/100  loss=3002.0762  (2.3s)
  [dbg] mean SINR_dB inside : 3.55329
  [dbg] mean SINR_dB outside: -9.7298
  [dbg] L_in=432.705  L_out=-63.8383  L_uniform=574.863  L_min_j=0.394874  L_spread=[0]
  Iter  71/100  loss=2880.7446  (2.3s)
  [dbg] mean SINR_dB inside : 3.43753
  [dbg] mean SINR_dB outside: -9.85964
  [dbg] L_in=439.376  L_out=-64.78  L_uniform=582.296  L_min_j=0.395745  L_spread=[0]
  Iter  72/100  loss=2925.4355  (2.3s)
  [dbg] mean SINR_dB inside : 3.52813
  [dbg] mean SINR_dB outside: -9.81982
  [dbg] L_in=435.775  L_out=-64.3604  L_uniform=579.718  L_min_j=0.396563  L_spread=[0]
  Iter  73/100  loss=2900.5696  (3.1s)
  [dbg] mean SINR_dB inside : 3.47137
  [dbg] mean SINR_dB outside: -10.052
  [dbg] L_in=437.598  L_out=-65.9442  L_uniform=580.486  L_min_j=0.397314  L_spread=[0]
  Iter  74/100  loss=2899.3943  (2.6s)
  [dbg] mean SINR_dB inside : 3.51305
  [dbg] mean SINR_dB outside: -9.99371
  [dbg] L_in=436.926  L_out=-65.9011  L_uniform=581.267  L_min_j=0.398009  L_spread=[0]
  Iter  75/100  loss=2894.5247  (2.1s)
  [dbg] mean SINR_dB inside : 3.28682
  [dbg] mean SINR_dB outside: -9.8542
  [dbg] L_in=450.852  L_out=-64.71  L_uniform=597.537  L_min_j=0.398659  L_spread=[0]
  Iter  76/100  loss=3019.4700  (2.3s)
  [dbg] mean SINR_dB inside : 3.46063
  [dbg] mean SINR_dB outside: -9.83606
  [dbg] L_in=442.214  L_out=-64.5885  L_uniform=589.171  L_min_j=0.399256  L_spread=[0]
  Iter  77/100  loss=2950.7451  (2.3s)
  [dbg] mean SINR_dB inside : 3.47934
  [dbg] mean SINR_dB outside: -9.67816
  [dbg] L_in=442.451  L_out=-63.3665  L_uniform=590.594  L_min_j=0.399803  L_spread=[0]
  Iter  78/100  loss=2965.0046  (2.3s)
  [dbg] mean SINR_dB inside : 3.45461
  [dbg] mean SINR_dB outside: -9.85852
  [dbg] L_in=442.682  L_out=-64.5571  L_uniform=589.789  L_min_j=0.400307  L_spread=[0]
  Iter  79/100  loss=2954.8660  (2.4s)
  [dbg] mean SINR_dB inside : 3.51384
  [dbg] mean SINR_dB outside: -9.51205
  [dbg] L_in=437.19  L_out=-62.3489  L_uniform=581.82  L_min_j=0.400771  L_spread=[0]
  Iter  80/100  loss=2932.2166  (2.3s)
  [dbg] mean SINR_dB inside : 3.39104
  [dbg] mean SINR_dB outside: -9.86615
  [dbg] L_in=446.328  L_out=-65.0221  L_uniform=593.819  L_min_j=0.401187  L_spread=[0]
  Iter  81/100  loss=2979.7808  (2.3s)
  [dbg] mean SINR_dB inside : 3.38258
  [dbg] mean SINR_dB outside: -9.56008
  [dbg] L_in=447.139  L_out=-62.6269  L_uniform=595.026  L_min_j=0.401565  L_spread=[0]
  Iter  82/100  loss=3010.3425  (2.1s)
  [dbg] mean SINR_dB inside : 3.68698
  [dbg] mean SINR_dB outside: -9.78659
  [dbg] L_in=426.653  L_out=-64.1967  L_uniform=569.549  L_min_j=0.401901  L_spread=[0]
  Iter  83/100  loss=2828.2104  (2.3s)
  [dbg] mean SINR_dB inside : 3.35637
  [dbg] mean SINR_dB outside: -9.92381
  [dbg] L_in=447.274  L_out=-65.0769  L_uniform=593.957  L_min_j=0.402206  L_spread=[0]
  Iter  84/100  loss=2986.8193  (2.3s)
  [dbg] mean SINR_dB inside : 3.70723
  [dbg] mean SINR_dB outside: -9.88731
  [dbg] L_in=422.887  L_out=-64.8627  L_uniform=563.031  L_min_j=0.402478  L_spread=[0]
  Iter  85/100  loss=2790.7739  (2.3s)
  [dbg] mean SINR_dB inside : 3.52011
  [dbg] mean SINR_dB outside: -9.68636
  [dbg] L_in=436.642  L_out=-63.5554  L_uniform=581.058  L_min_j=0.402723  L_spread=[0]
  Iter  86/100  loss=2915.6895  (2.3s)
  [dbg] mean SINR_dB inside : 3.35996
  [dbg] mean SINR_dB outside: -9.8965
  [dbg] L_in=448.354  L_out=-65.1097  L_uniform=596.282  L_min_j=0.402943  L_spread=[0]
  Iter  87/100  loss=2995.3630  (2.3s)
  [dbg] mean SINR_dB inside : 3.42743
  [dbg] mean SINR_dB outside: -9.68648
  [dbg] L_in=442.767  L_out=-63.412  L_uniform=588.575  L_min_j=0.403137  L_spread=[0]
  Iter  88/100  loss=2966.8701  (2.1s)
  [dbg] mean SINR_dB inside : 3.48249
  [dbg] mean SINR_dB outside: -9.54747
  [dbg] L_in=438.704  L_out=-62.5577  L_uniform=583.262  L_min_j=0.40331  L_spread=[0]
  Iter  89/100  loss=2942.3833  (2.3s)
  [dbg] mean SINR_dB inside : 3.67792
  [dbg] mean SINR_dB outside: -9.59787
  [dbg] L_in=426.865  L_out=-62.7936  L_uniform=569.505  L_min_j=0.403457  L_spread=[0]
  Iter  90/100  loss=2843.9331  (2.3s)
  [dbg] mean SINR_dB inside : 3.36947
  [dbg] mean SINR_dB outside: -9.69437
  [dbg] L_in=447.036  L_out=-63.5861  L_uniform=594.138  L_min_j=0.403582  L_spread=[0]
  Iter  91/100  loss=2999.8428  (2.3s)
  [dbg] mean SINR_dB inside : 3.70337
  [dbg] mean SINR_dB outside: -9.80357
  [dbg] L_in=426.773  L_out=-64.3473  L_uniform=570.635  L_min_j=0.403683  L_spread=[0]
  Iter  92/100  loss=2827.7769  (2.3s)
  [dbg] mean SINR_dB inside : 3.60295
  [dbg] mean SINR_dB outside: -9.81026
  [dbg] L_in=431.657  L_out=-64.3865  L_uniform=575.303  L_min_j=0.403766  L_spread=[0]
  Iter  93/100  loss=2866.9219  (2.1s)
  [dbg] mean SINR_dB inside : 3.58211
  [dbg] mean SINR_dB outside: -9.74208
  [dbg] L_in=435.835  L_out=-63.8229  L_uniform=582.601  L_min_j=0.40383  L_spread=[0]
  Iter  94/100  loss=2906.7097  (2.1s)
  [dbg] mean SINR_dB inside : 3.54176
  [dbg] mean SINR_dB outside: -9.79422
  [dbg] L_in=436.217  L_out=-64.0981  L_uniform=581.309  L_min_j=0.403881  L_spread=[0]
  Iter  95/100  loss=2906.8870  (2.7s)
  [dbg] mean SINR_dB inside : 3.44064
  [dbg] mean SINR_dB outside: -9.64364
  [dbg] L_in=441.665  L_out=-63.1509  L_uniform=587.047  L_min_j=0.403919  L_spread=[0]
  Iter  96/100  loss=2960.5129  (2.6s)
  [dbg] mean SINR_dB inside : 3.50819
  [dbg] mean SINR_dB outside: -9.70489
  [dbg] L_in=437.21  L_out=-63.819  L_uniform=581.584  L_min_j=0.403944  L_spread=[0]
  Iter  97/100  loss=2917.6450  (2.1s)
  [dbg] mean SINR_dB inside : 3.69135
  [dbg] mean SINR_dB outside: -9.96427
  [dbg] L_in=425.338  L_out=-65.4556  L_uniform=567.151  L_min_j=0.403961  L_spread=[0]
  Iter  98/100  loss=2804.8662  (2.3s)
  [dbg] mean SINR_dB inside : 3.43664
  [dbg] mean SINR_dB outside: -9.71816
  [dbg] L_in=444.016  L_out=-63.8166  L_uniform=591.549  L_min_j=0.40397  L_spread=[0]
  Iter  99/100  loss=2973.1206  (2.3s)
  [dbg] mean SINR_dB inside : 3.4469
  [dbg] mean SINR_dB outside: -9.89789
  [dbg] L_in=440.58  L_out=-65.0334  L_uniform=585.189  L_min_j=0.403974  L_spread=[0]
  Iter 100/100  loss=2932.8237  (2.1s)

======================================================================
OPTIMIZATION COMPLETE  (246.7s)
  bs_0: Az=320.6°, El=-7.0°, pos=(-383.3, 345.6)
  bs_1: Az=134.0°, El=-8.1°, pos=(387.9, -361.4)
  bs_2: Az=48.4°, El=-7.6°, pos=(-358.4, -398.7)
  bs_3: Az=218.6°, El=-7.1°, pos=(368.1, 378.9)
  jam_1 [OFF gate=0.187]: Az=70.3°, El=-90.0°, pos=(-175.6, -661.7, 5.0), pwr=18.6 dBm
  jam_2 [ON  gate=0.840]: Az=110.5°, El=-90.0°, pos=(188.7, -616.6, 29.3), pwr=22.2 dBm
  jam_3 [OFF gate=0.149]: Az=162.1°, El=-90.0°, pos=(608.1, -215.4, 7.5), pwr=18.4 dBm
  jam_4 [OFF gate=0.178]: Az=196.6°, El=-90.0°, pos=(631.2, 252.4, 5.8), pwr=18.5 dBm
  jam_5 [ON  gate=0.749]: Az=250.1°, El=-90.0°, pos=(274.7, 554.9, 25.2), pwr=21.2 dBm
  jam_6 [OFF gate=0.204]: Az=287.0°, El=-90.0°, pos=(-235.7, 609.3, 18.0), pwr=18.6 dBm
  jam_7 [ON  gate=0.666]: Az=338.7°, El=-90.0°, pos=(-616.2, 171.5, 26.2), pwr=20.7 dBm
  jam_8 [OFF gate=0.258]: Az=20.7°, El=-90.0°, pos=(-596.5, -165.2, 18.3), pwr=18.9 dBm
======================================================================

  Joint:   246.7s total, 2.47s/iter
  Evaluating...

======================================================================
BS PARAMETERS  —  BEFORE / AFTER
======================================================================
  Name           Param         Initial   Optimised       Delta
  ----------------------------------------------------------------
  bs_0           Azimuth      +321.93°    +320.62°      -1.31°
                 Elevation      -5.97°      -7.04°      -1.07°
                 X (m)          -421.5      -383.3       +38.2
                 Y (m)          +375.4      +345.6       -29.8
                 Power dBm      +35.00      +40.00       +5.00
  ----------------------------------------------------------------
  bs_1           Azimuth      +136.14°    +133.96°      -2.19°
                 Elevation      -7.38°      -8.15°      -0.77°
                 X (m)          +420.7      +387.9       -32.8
                 Y (m)          -364.7      -361.4        +3.3
                 Power dBm      +35.00      +40.00       +5.00
  ----------------------------------------------------------------
  bs_2           Azimuth       +49.89°     +48.42°      -1.47°
                 Elevation      -5.77°      -7.58°      -1.81°
                 X (m)          -394.9      -358.4       +36.5
                 Y (m)          -471.2      -398.7       +72.5
                 Power dBm      +35.00      +39.93       +4.93
  ----------------------------------------------------------------
  bs_3           Azimuth      +221.16°    +218.57°      -2.59°
                 Elevation      -6.07°      -7.13°      -1.06°
                 X (m)          +353.3      +368.1       +14.8
                 Y (m)          +419.3      +378.9       -40.4
                 Power dBm      +35.00      +40.00       +5.00
  ----------------------------------------------------------------
======================================================================

Computing RadioMap for optimized BS configuration...
Computing RadioMap for 3/8 active jammers...
[verify] jam_interference_map: mean=3.680e-11 W  | mean SINR shift (BS-only − BS+Jam) = +0.624 dB

======================================================================
BS-ONLY SINR CONTAINMENT  (gamma = +0.0 dB)
======================================================================
  bs_0:
    rho_leak  (outside >= gamma):  48.6%
    rho_hole  (inside  <  gamma):  22.8%
    SINR inside  mean / p10: +7.8 / -13.8 dB
    SINR outside mean / p10: -5.5 / -25.4 dB

  bs_1:
    rho_leak  (outside >= gamma):  48.6%
    rho_hole  (inside  <  gamma):  22.8%
    SINR inside  mean / p10: +7.8 / -13.8 dB
    SINR outside mean / p10: -5.5 / -25.4 dB

  bs_2:
    rho_leak  (outside >= gamma):  48.6%
    rho_hole  (inside  <  gamma):  22.8%
    SINR inside  mean / p10: +7.8 / -13.8 dB
    SINR outside mean / p10: -5.5 / -25.4 dB

  bs_3:
    rho_leak  (outside >= gamma):  48.6%
    rho_hole  (inside  <  gamma):  22.8%
    SINR inside  mean / p10: +7.8 / -13.8 dB
    SINR outside mean / p10: -5.5 / -25.4 dB

======================================================================
BS+JAMMER SINR CONTAINMENT  (gamma = +0.0 dB)
======================================================================
  bs_0:
    rho_leak  (outside >= gamma):  45.1%
    rho_hole  (inside  <  gamma):  22.8%
    SINR inside  mean / p10: +7.7 / -13.8 dB
    SINR outside mean / p10: -6.5 / -26.3 dB

  bs_1:
    rho_leak  (outside >= gamma):  45.1%
    rho_hole  (inside  <  gamma):  22.8%
    SINR inside  mean / p10: +7.7 / -13.8 dB
    SINR outside mean / p10: -6.5 / -26.3 dB

  bs_2:
    rho_leak  (outside >= gamma):  45.1%
    rho_hole  (inside  <  gamma):  22.8%
    SINR inside  mean / p10: +7.7 / -13.8 dB
    SINR outside mean / p10: -6.5 / -26.3 dB

  bs_3:
    rho_leak  (outside >= gamma):  45.1%
    rho_hole  (inside  <  gamma):  22.8%
    SINR inside  mean / p10: +7.7 / -13.8 dB
    SINR outside mean / p10: -6.5 / -26.3 dB

======================================================================

  Saved → ../results/duke/square_large_n500

[  3/16] START square_large_n700
Creating polygon
  Zone cells: 1934687
seed_bs_positions: cluster 2 has no candidate >= 250.0 m from existing BSs; relaxing separation constraint for this station.
  bs_0: (-397.8, 351.5, 50.0)
  bs_1: (397.8, -354.4, 50.0)
  bs_2: (-325.5, -397.7, 50.0)
  bs_3: (379.0, 380.9, 50.0)
  Jammers: 8 evenly placed at 200 m standoff
  Run 1: BS warm-up (100 iter, inside coverage only)
-700.0

======================================================================
MULTI-TX SIR OPTIMIZATION  (4 transmitters)
======================================================================
Tx Position: [-397.75201416015625, 351.5076599121094, 50.0]
look_at_position: [0.0, 0.0, 1.5]
Tx Position: [397.7600402832031, -354.3757019042969, 50.0]
look_at_position: [0.0, 0.0, 1.5]
Tx Position: [-325.5242614746094, -397.6785583496094, 50.0]
look_at_position: [0.0, 0.0, 1.5]
Tx Position: [378.99468994140625, 380.86126708984375, 50.0]
look_at_position: [0.0, 0.0, 1.5]
  [dbg] mean SINR_dB inside : 4.32182
  [dbg] mean SINR_dB outside: -8.25937
  [dbg] L_in=370.532  L_out=3.35451  L_uniform=489.005  L_min_j=[0]  L_spread=[0]
  Iter   1/100  loss=3754.2202  (7.0s)
  [dbg] mean SINR_dB inside : 4.00948
  [dbg] mean SINR_dB outside: -8.24881
  [dbg] L_in=402.531  L_out=4.21904  L_uniform=537.497  L_min_j=[0]  L_spread=[0]
  Iter   2/100  loss=4079.0615  (1.5s)
  [dbg] mean SINR_dB inside : 3.98684
  [dbg] mean SINR_dB outside: -8.46883
  [dbg] L_in=411.986  L_out=5.14609  L_uniform=555.294  L_min_j=[0]  L_spread=[0]
  Iter   3/100  loss=4175.3872  (1.6s)
  [dbg] mean SINR_dB inside : 3.77223
  [dbg] mean SINR_dB outside: -8.39543
  [dbg] L_in=430.118  L_out=6.502  L_uniform=580.795  L_min_j=[0]  L_spread=[0]
  Iter   4/100  loss=4359.2617  (1.6s)
  [dbg] mean SINR_dB inside : 3.87139
  [dbg] mean SINR_dB outside: -8.38863
  [dbg] L_in=430.674  L_out=7.49227  L_uniform=586.899  L_min_j=[0]  L_spread=[0]
  Iter   5/100  loss=4365.4312  (1.6s)
  [dbg] mean SINR_dB inside : 3.74209
  [dbg] mean SINR_dB outside: -8.08813
  [dbg] L_in=441.726  L_out=8.35271  L_uniform=602.49  L_min_j=[0]  L_spread=[0]
  Iter   6/100  loss=4477.5117  (1.6s)
  [dbg] mean SINR_dB inside : 4.10395
  [dbg] mean SINR_dB outside: -7.80364
  [dbg] L_in=418.824  L_out=9.3985  L_uniform=574.853  L_min_j=[0]  L_spread=[0]
  Iter   7/100  loss=4245.7280  (1.6s)
  [dbg] mean SINR_dB inside : 4.05229
  [dbg] mean SINR_dB outside: -7.51184
  [dbg] L_in=424.566  L_out=10.2267  L_uniform=583.778  L_min_j=[0]  L_spread=[0]
  Iter   8/100  loss=4304.0356  (1.6s)
  [dbg] mean SINR_dB inside : 4.15652
  [dbg] mean SINR_dB outside: -7.26153
  [dbg] L_in=432.183  L_out=11.6539  L_uniform=604.216  L_min_j=[0]  L_spread=[0]
  Iter   9/100  loss=4382.2529  (1.4s)
  [dbg] mean SINR_dB inside : 4.34021
  [dbg] mean SINR_dB outside: -7.4838
  [dbg] L_in=423.499  L_out=12.1122  L_uniform=595.965  L_min_j=[0]  L_spread=[0]
  Iter  10/100  loss=4294.5898  (1.2s)
  [dbg] mean SINR_dB inside : 4.28876
  [dbg] mean SINR_dB outside: -7.18884
  [dbg] L_in=414.983  L_out=12.9207  L_uniform=576.41  L_min_j=[0]  L_spread=[0]
  Iter  11/100  loss=4207.4746  (1.2s)
  [dbg] mean SINR_dB inside : 4.4046
  [dbg] mean SINR_dB outside: -6.91616
  [dbg] L_in=410.681  L_out=14.2897  L_uniform=573.528  L_min_j=[0]  L_spread=[0]
  Iter  12/100  loss=4164.1650  (1.2s)
  [dbg] mean SINR_dB inside : 4.24186
  [dbg] mean SINR_dB outside: -6.91926
  [dbg] L_in=421.133  L_out=15.1765  L_uniform=586.409  L_min_j=[0]  L_spread=[0]
  Iter  13/100  loss=4269.9688  (1.3s)
  [dbg] mean SINR_dB inside : 4.48554
  [dbg] mean SINR_dB outside: -6.74377
  [dbg] L_in=408.294  L_out=16.5334  L_uniform=572.759  L_min_j=[0]  L_spread=[0]
  Iter  14/100  loss=4140.2158  (1.2s)
  [dbg] mean SINR_dB inside : 4.50934
  [dbg] mean SINR_dB outside: -6.53586
  [dbg] L_in=406.534  L_out=17.6681  L_uniform=570.427  L_min_j=[0]  L_spread=[0]
  Iter  15/100  loss=4122.3799  (1.2s)
  [dbg] mean SINR_dB inside : 4.54106
  [dbg] mean SINR_dB outside: -6.34521
  [dbg] L_in=405.292  L_out=18.3459  L_uniform=569.514  L_min_j=[0]  L_spread=[0]
  Iter  16/100  loss=4109.8726  (1.2s)
  [dbg] mean SINR_dB inside : 4.7593
  [dbg] mean SINR_dB outside: -5.86371
  [dbg] L_in=392.256  L_out=19.1122  L_uniform=554.066  L_min_j=[0]  L_spread=[0]
  Iter  17/100  loss=3977.9668  (1.2s)
  [dbg] mean SINR_dB inside : 4.8007
  [dbg] mean SINR_dB outside: -5.85214
  [dbg] L_in=389.093  L_out=19.7961  L_uniform=549.77  L_min_j=[0]  L_spread=[0]
  Iter  18/100  loss=3945.9026  (1.2s)
  [dbg] mean SINR_dB inside : 4.49972
  [dbg] mean SINR_dB outside: -5.62272
  [dbg] L_in=410.54  L_out=20.7661  L_uniform=578.007  L_min_j=[0]  L_spread=[0]
  Iter  19/100  loss=4163.2036  (1.2s)
  [dbg] mean SINR_dB inside : 4.72494
  [dbg] mean SINR_dB outside: -5.77785
  [dbg] L_in=398.91  L_out=21.4668  L_uniform=565.751  L_min_j=[0]  L_spread=[0]
  Iter  20/100  loss=4045.6785  (1.2s)
  [dbg] mean SINR_dB inside : 4.75488
  [dbg] mean SINR_dB outside: -5.60715
  [dbg] L_in=397.875  L_out=21.9274  L_uniform=565.134  L_min_j=[0]  L_spread=[0]
  Iter  21/100  loss=4035.2637  (1.6s)
  [dbg] mean SINR_dB inside : 4.85493
  [dbg] mean SINR_dB outside: -5.51358
  [dbg] L_in=405.649  L_out=22.4098  L_uniform=585.526  L_min_j=[0]  L_spread=[0]
  Iter  22/100  loss=4115.0396  (1.5s)
  [dbg] mean SINR_dB inside : 4.83884
  [dbg] mean SINR_dB outside: -5.35225
  [dbg] L_in=405.018  L_out=22.8524  L_uniform=583.525  L_min_j=[0]  L_spread=[0]
  Iter  23/100  loss=4108.5342  (1.6s)
  [dbg] mean SINR_dB inside : 5.03078
  [dbg] mean SINR_dB outside: -5.11168
  [dbg] L_in=385.58  L_out=22.9848  L_uniform=553.868  L_min_j=[0]  L_spread=[0]
  Iter  24/100  loss=3911.1846  (1.4s)
  [dbg] mean SINR_dB inside : 5.07905
  [dbg] mean SINR_dB outside: -5.17188
  [dbg] L_in=383.672  L_out=23.1736  L_uniform=552.378  L_min_j=[0]  L_spread=[0]
  Iter  25/100  loss=3891.9600  (1.2s)
  [dbg] mean SINR_dB inside : 5.12007
  [dbg] mean SINR_dB outside: -5.04934
  [dbg] L_in=382.244  L_out=23.6242  L_uniform=551.523  L_min_j=[0]  L_spread=[0]
  Iter  26/100  loss=3877.5942  (1.2s)
  [dbg] mean SINR_dB inside : 5.1876
  [dbg] mean SINR_dB outside: -5.17437
  [dbg] L_in=379.088  L_out=23.7604  L_uniform=548.449  L_min_j=[0]  L_spread=[0]
  Iter  27/100  loss=3845.7212  (1.2s)
  [dbg] mean SINR_dB inside : 5.26825
  [dbg] mean SINR_dB outside: -4.93594
  [dbg] L_in=373.587  L_out=24.0936  L_uniform=541.296  L_min_j=[0]  L_spread=[0]
  Iter  28/100  loss=3790.0042  (1.2s)
  [dbg] mean SINR_dB inside : 5.26464
  [dbg] mean SINR_dB outside: -5.04359
  [dbg] L_in=375.388  L_out=24.4271  L_uniform=544.747  L_min_j=[0]  L_spread=[0]
  Iter  29/100  loss=3808.3572  (1.2s)
  [dbg] mean SINR_dB inside : 5.53724
  [dbg] mean SINR_dB outside: -4.78371
  [dbg] L_in=361.37  L_out=24.767  L_uniform=529.561  L_min_j=[0]  L_spread=[0]
  Iter  30/100  loss=3666.6548  (1.2s)
  [dbg] mean SINR_dB inside : 5.57072
  [dbg] mean SINR_dB outside: -5.18806
  [dbg] L_in=362.082  L_out=24.9763  L_uniform=532.598  L_min_j=[0]  L_spread=[0]
  Iter  31/100  loss=3674.0801  (1.2s)
  [dbg] mean SINR_dB inside : 5.51238
  [dbg] mean SINR_dB outside: -5.06102
  [dbg] L_in=364.312  L_out=24.6312  L_uniform=534.349  L_min_j=[0]  L_spread=[0]
  Iter  32/100  loss=3696.5532  (1.2s)
  [dbg] mean SINR_dB inside : 5.59022
  [dbg] mean SINR_dB outside: -4.58975
  [dbg] L_in=357.598  L_out=25.0268  L_uniform=524.587  L_min_j=[0]  L_spread=[0]
  Iter  33/100  loss=3628.4399  (1.2s)
  [dbg] mean SINR_dB inside : 5.57308
  [dbg] mean SINR_dB outside: -4.53098
  [dbg] L_in=359.767  L_out=25.4885  L_uniform=528.134  L_min_j=[0]  L_spread=[0]
  Iter  34/100  loss=3650.4797  (1.2s)
  [dbg] mean SINR_dB inside : 5.71874
  [dbg] mean SINR_dB outside: -4.63331
  [dbg] L_in=353.414  L_out=25.3612  L_uniform=522.228  L_min_j=[0]  L_spread=[0]
  Iter  35/100  loss=3586.3635  (1.2s)
  [dbg] mean SINR_dB inside : 5.48482
  [dbg] mean SINR_dB outside: -4.6844
  [dbg] L_in=364.043  L_out=25.2676  L_uniform=532.59  L_min_j=[0]  L_spread=[0]
  Iter  36/100  loss=3693.6907  (1.2s)
  [dbg] mean SINR_dB inside : 5.80994
  [dbg] mean SINR_dB outside: -4.43974
  [dbg] L_in=350.73  L_out=25.4644  L_uniform=521.126  L_min_j=[0]  L_spread=[0]
  Iter  37/100  loss=3559.4175  (1.2s)
  [dbg] mean SINR_dB inside : 5.61945
  [dbg] mean SINR_dB outside: -4.67779
  [dbg] L_in=360.055  L_out=25.6227  L_uniform=530.963  L_min_j=[0]  L_spread=[0]
  Iter  38/100  loss=3653.6509  (1.0s)
  [dbg] mean SINR_dB inside : 5.73358
  [dbg] mean SINR_dB outside: -4.21645
  [dbg] L_in=355.874  L_out=26.1767  L_uniform=527.896  L_min_j=[0]  L_spread=[0]
  Iter  39/100  loss=3611.5344  (1.2s)
  [dbg] mean SINR_dB inside : 5.75744
  [dbg] mean SINR_dB outside: -4.54192
  [dbg] L_in=354.406  L_out=25.5293  L_uniform=526.131  L_min_j=[0]  L_spread=[0]
  Iter  40/100  loss=3596.6736  (1.2s)
  [dbg] mean SINR_dB inside : 5.92534
  [dbg] mean SINR_dB outside: -4.26605
  [dbg] L_in=344.231  L_out=26.6728  L_uniform=513.572  L_min_j=[0]  L_spread=[0]
  Iter  41/100  loss=3493.6680  (1.2s)
  [dbg] mean SINR_dB inside : 5.92645
  [dbg] mean SINR_dB outside: -4.35569
  [dbg] L_in=347.05  L_out=26.4266  L_uniform=519.295  L_min_j=[0]  L_spread=[0]
  Iter  42/100  loss=3522.4314  (1.2s)
  [dbg] mean SINR_dB inside : 5.94352
  [dbg] mean SINR_dB outside: -4.12382
  [dbg] L_in=346.783  L_out=26.5531  L_uniform=519.526  L_min_j=[0]  L_spread=[0]
  Iter  43/100  loss=3519.7810  (1.2s)
  [dbg] mean SINR_dB inside : 6.06104
  [dbg] mean SINR_dB outside: -4.07181
  [dbg] L_in=339.139  L_out=27.2118  L_uniform=509.662  L_min_j=[0]  L_spread=[0]
  Iter  44/100  loss=3442.3562  (1.2s)
  [dbg] mean SINR_dB inside : 5.96073
  [dbg] mean SINR_dB outside: -4.26915
  [dbg] L_in=346.413  L_out=27.1874  L_uniform=519.633  L_min_j=[0]  L_spread=[0]
  Iter  45/100  loss=3516.0972  (1.2s)
  [dbg] mean SINR_dB inside : 6.17394
  [dbg] mean SINR_dB outside: -4.13059
  [dbg] L_in=334.601  L_out=27.2847  L_uniform=505.827  L_min_j=[0]  L_spread=[0]
  Iter  46/100  loss=3396.5879  (1.2s)
  [dbg] mean SINR_dB inside : 6.24725
  [dbg] mean SINR_dB outside: -3.99672
  [dbg] L_in=330.704  L_out=27.9382  L_uniform=501.356  L_min_j=[0]  L_spread=[0]
  Iter  47/100  loss=3357.1794  (1.2s)
  [dbg] mean SINR_dB inside : 6.24586
  [dbg] mean SINR_dB outside: -4.02624
  [dbg] L_in=334.039  L_out=27.9237  L_uniform=507.971  L_min_j=[0]  L_spread=[0]
  Iter  48/100  loss=3391.1843  (1.0s)
  [dbg] mean SINR_dB inside : 6.22275
  [dbg] mean SINR_dB outside: -3.7751
  [dbg] L_in=335.697  L_out=28.0286  L_uniform=510.269  L_min_j=[0]  L_spread=[0]
  Iter  49/100  loss=3407.9956  (1.2s)
  [dbg] mean SINR_dB inside : 6.23743
  [dbg] mean SINR_dB outside: -3.80363
  [dbg] L_in=334.335  L_out=28.5361  L_uniform=508.226  L_min_j=[0]  L_spread=[0]
  Iter  50/100  loss=3394.1702  (1.2s)
  [dbg] mean SINR_dB inside : 6.40356
  [dbg] mean SINR_dB outside: -3.62672
  [dbg] L_in=326.892  L_out=28.6483  L_uniform=500.861  L_min_j=[0]  L_spread=[0]
  Iter  51/100  loss=3319.0012  (1.2s)
  [dbg] mean SINR_dB inside : 6.37148
  [dbg] mean SINR_dB outside: -3.92118
  [dbg] L_in=330.512  L_out=28.9755  L_uniform=506.648  L_min_j=[0]  L_spread=[0]
  Iter  52/100  loss=3355.7847  (1.2s)
  [dbg] mean SINR_dB inside : 6.58524
  [dbg] mean SINR_dB outside: -3.47958
  [dbg] L_in=317.629  L_out=29.636  L_uniform=490.612  L_min_j=[0]  L_spread=[0]
  Iter  53/100  loss=3225.3540  (1.2s)
  [dbg] mean SINR_dB inside : 6.68177
  [dbg] mean SINR_dB outside: -3.53769
  [dbg] L_in=315.104  L_out=29.9888  L_uniform=489.856  L_min_j=[0]  L_spread=[0]
  Iter  54/100  loss=3200.0244  (1.2s)
  [dbg] mean SINR_dB inside : 6.69848
  [dbg] mean SINR_dB outside: -3.48798
  [dbg] L_in=313.785  L_out=30.1816  L_uniform=488.002  L_min_j=[0]  L_spread=[0]
  Iter  55/100  loss=3186.6484  (1.2s)
  [dbg] mean SINR_dB inside : 6.54908
  [dbg] mean SINR_dB outside: -3.27061
  [dbg] L_in=324.594  L_out=30.6368  L_uniform=502.951  L_min_j=[0]  L_spread=[0]
  Iter  56/100  loss=3296.2358  (1.0s)
  [dbg] mean SINR_dB inside : 6.5121
  [dbg] mean SINR_dB outside: -3.47806
  [dbg] L_in=326.617  L_out=30.6558  L_uniform=505.369  L_min_j=[0]  L_spread=[0]
  Iter  57/100  loss=3316.7024  (1.0s)
  [dbg] mean SINR_dB inside : 6.53806
  [dbg] mean SINR_dB outside: -3.34141
  [dbg] L_in=325.661  L_out=31.6548  L_uniform=504.594  L_min_j=[0]  L_spread=[0]
  Iter  58/100  loss=3307.0686  (1.2s)
  [dbg] mean SINR_dB inside : 6.696
  [dbg] mean SINR_dB outside: -3.28784
  [dbg] L_in=315.052  L_out=31.8024  L_uniform=490.435  L_min_j=[0]  L_spread=[0]
  Iter  59/100  loss=3199.5620  (1.2s)
  [dbg] mean SINR_dB inside : 6.57642
  [dbg] mean SINR_dB outside: -3.20174
  [dbg] L_in=320.903  L_out=31.5387  L_uniform=496.855  L_min_j=[0]  L_spread=[0]
  Iter  60/100  loss=3258.7119  (1.0s)
  [dbg] mean SINR_dB inside : 6.62023
  [dbg] mean SINR_dB outside: -3.26863
  [dbg] L_in=320.796  L_out=31.7305  L_uniform=498.643  L_min_j=[0]  L_spread=[0]
  Iter  61/100  loss=3257.8215  (1.2s)
  [dbg] mean SINR_dB inside : 6.82333
  [dbg] mean SINR_dB outside: -3.06212
  [dbg] L_in=309.826  L_out=32.5154  L_uniform=485.746  L_min_j=[0]  L_spread=[0]
  Iter  62/100  loss=3146.8337  (1.2s)
  [dbg] mean SINR_dB inside : 6.65385
  [dbg] mean SINR_dB outside: -3.22194
  [dbg] L_in=320.931  L_out=32.1493  L_uniform=500.383  L_min_j=[0]  L_spread=[0]
  Iter  63/100  loss=3259.3503  (1.0s)
  [dbg] mean SINR_dB inside : 6.7715
  [dbg] mean SINR_dB outside: -3.47487
  [dbg] L_in=315.285  L_out=32.868  L_uniform=494.38  L_min_j=[0]  L_spread=[0]
  Iter  64/100  loss=3202.2876  (1.2s)
  [dbg] mean SINR_dB inside : 6.71473
  [dbg] mean SINR_dB outside: -3.15092
  [dbg] L_in=320.784  L_out=32.3821  L_uniform=502.962  L_min_j=[0]  L_spread=[0]
  Iter  65/100  loss=3258.1326  (1.2s)
  [dbg] mean SINR_dB inside : 6.74143
  [dbg] mean SINR_dB outside: -3.13507
  [dbg] L_in=315.145  L_out=32.2577  L_uniform=492.732  L_min_j=[0]  L_spread=[0]
  Iter  66/100  loss=3200.7183  (1.0s)
  [dbg] mean SINR_dB inside : 6.65131
  [dbg] mean SINR_dB outside: -3.1344
  [dbg] L_in=322.22  L_out=32.5639  L_uniform=502.877  L_min_j=[0]  L_spread=[0]
  Iter  67/100  loss=3272.4844  (1.2s)
  [dbg] mean SINR_dB inside : 6.65507
  [dbg] mean SINR_dB outside: -3.11364
  [dbg] L_in=319.912  L_out=32.9902  L_uniform=498.532  L_min_j=[0]  L_spread=[0]
  Iter  68/100  loss=3248.9746  (1.2s)
  [dbg] mean SINR_dB inside : 6.80328
  [dbg] mean SINR_dB outside: -3.12267
  [dbg] L_in=312.823  L_out=32.8215  L_uniform=490.946  L_min_j=[0]  L_spread=[0]
  Iter  69/100  loss=3177.3223  (1.0s)
  [dbg] mean SINR_dB inside : 6.98426
  [dbg] mean SINR_dB outside: -3.21987
  [dbg] L_in=303.286  L_out=32.4029  L_uniform=479.856  L_min_j=[0]  L_spread=[0]
  Iter  70/100  loss=3080.8411  (1.0s)
  [dbg] mean SINR_dB inside : 6.84217
  [dbg] mean SINR_dB outside: -3.2536
  [dbg] L_in=309.473  L_out=32.1242  L_uniform=485.958  L_min_j=[0]  L_spread=[0]
  Iter  71/100  loss=3143.3247  (1.3s)
  [dbg] mean SINR_dB inside : 7.00415
  [dbg] mean SINR_dB outside: -3.13562
  [dbg] L_in=302.692  L_out=32.8324  L_uniform=479.546  L_min_j=[0]  L_spread=[0]
  Iter  72/100  loss=3074.8733  (1.2s)
  [dbg] mean SINR_dB inside : 6.93557
  [dbg] mean SINR_dB outside: -3.45046
  [dbg] L_in=307.085  L_out=32.3457  L_uniform=485.318  L_min_j=[0]  L_spread=[0]
  Iter  73/100  loss=3119.3787  (1.2s)
  [dbg] mean SINR_dB inside : 6.94686
  [dbg] mean SINR_dB outside: -3.2931
  [dbg] L_in=304.234  L_out=32.8662  L_uniform=480.133  L_min_j=[0]  L_spread=[0]
  Iter  74/100  loss=3090.3584  (1.2s)
  [dbg] mean SINR_dB inside : 6.83551
  [dbg] mean SINR_dB outside: -3.34756
  [dbg] L_in=313.059  L_out=32.4868  L_uniform=492.793  L_min_j=[0]  L_spread=[0]
  Iter  75/100  loss=3179.8730  (1.0s)
  [dbg] mean SINR_dB inside : 6.92674
  [dbg] mean SINR_dB outside: -3.15301
  [dbg] L_in=306.885  L_out=32.7328  L_uniform=484.525  L_min_j=[0]  L_spread=[0]
  Iter  76/100  loss=3117.3044  (1.2s)
  [dbg] mean SINR_dB inside : 7.05371
  [dbg] mean SINR_dB outside: -3.1321
  [dbg] L_in=301.406  L_out=32.9582  L_uniform=479.135  L_min_j=[0]  L_spread=[0]
  Iter  77/100  loss=3061.9727  (1.2s)
  [dbg] mean SINR_dB inside : 6.94941
  [dbg] mean SINR_dB outside: -3.20855
  [dbg] L_in=308.031  L_out=32.8176  L_uniform=487.818  L_min_j=[0]  L_spread=[0]
  Iter  78/100  loss=3129.0962  (1.2s)
  [dbg] mean SINR_dB inside : 6.90615
  [dbg] mean SINR_dB outside: -3.0864
  [dbg] L_in=307.723  L_out=32.7309  L_uniform=485.281  L_min_j=[0]  L_spread=[0]
  Iter  79/100  loss=3125.7595  (1.0s)
  [dbg] mean SINR_dB inside : 6.98298
  [dbg] mean SINR_dB outside: -3.03416
  [dbg] L_in=306.225  L_out=32.4608  L_uniform=485.636  L_min_j=[0]  L_spread=[0]
  Iter  80/100  loss=3110.8179  (1.2s)
  [dbg] mean SINR_dB inside : 6.84137
  [dbg] mean SINR_dB outside: -3.24866
  [dbg] L_in=313.512  L_out=32.389  L_uniform=494.016  L_min_j=[0]  L_spread=[0]
  Iter  81/100  loss=3184.5203  (1.2s)
  [dbg] mean SINR_dB inside : 7.14241
  [dbg] mean SINR_dB outside: -2.87568
  [dbg] L_in=297.334  L_out=33.0185  L_uniform=474.892  L_min_j=[0]  L_spread=[0]
  Iter  82/100  loss=3020.8296  (1.0s)
  [dbg] mean SINR_dB inside : 6.99756
  [dbg] mean SINR_dB outside: -2.99652
  [dbg] L_in=302.295  L_out=33.0524  L_uniform=478.476  L_min_j=[0]  L_spread=[0]
  Iter  83/100  loss=3070.7969  (1.0s)
  [dbg] mean SINR_dB inside : 7.02154
  [dbg] mean SINR_dB outside: -3.19295
  [dbg] L_in=304.131  L_out=33.0278  L_uniform=483.188  L_min_j=[0]  L_spread=[0]
  Iter  84/100  loss=3089.6260  (1.0s)
  [dbg] mean SINR_dB inside : 7.08246
  [dbg] mean SINR_dB outside: -3.13964
  [dbg] L_in=299.608  L_out=32.918  L_uniform=476.841  L_min_j=[0]  L_spread=[0]
  Iter  85/100  loss=3043.7617  (1.0s)
  [dbg] mean SINR_dB inside : 7.05098
  [dbg] mean SINR_dB outside: -3.32968
  [dbg] L_in=302.539  L_out=32.8571  L_uniform=481.342  L_min_j=[0]  L_spread=[0]
  Iter  86/100  loss=3073.5217  (1.2s)
  [dbg] mean SINR_dB inside : 7.11605
  [dbg] mean SINR_dB outside: -3.23945
  [dbg] L_in=298.301  L_out=32.9312  L_uniform=475.671  L_min_j=[0]  L_spread=[0]
  Iter  87/100  loss=3030.5759  (1.2s)
  [dbg] mean SINR_dB inside : 7.02919
  [dbg] mean SINR_dB outside: -2.98892
  [dbg] L_in=305.022  L_out=32.7127  L_uniform=485.29  L_min_j=[0]  L_spread=[0]
  Iter  88/100  loss=3098.7493  (1.2s)
  [dbg] mean SINR_dB inside : 7.08366
  [dbg] mean SINR_dB outside: -3.14093
  [dbg] L_in=302.467  L_out=33.0809  L_uniform=482.577  L_min_j=[0]  L_spread=[0]
  Iter  89/100  loss=3072.9263  (1.0s)
  [dbg] mean SINR_dB inside : 6.97437
  [dbg] mean SINR_dB outside: -3.13398
  [dbg] L_in=309.21  L_out=32.9026  L_uniform=491.284  L_min_j=[0]  L_spread=[0]
  Iter  90/100  loss=3141.2241  (1.2s)
  [dbg] mean SINR_dB inside : 6.94889
  [dbg] mean SINR_dB outside: -3.18808
  [dbg] L_in=308.618  L_out=32.8421  L_uniform=488.938  L_min_j=[0]  L_spread=[0]
  Iter  91/100  loss=3135.0740  (1.0s)
  [dbg] mean SINR_dB inside : 7.1877
  [dbg] mean SINR_dB outside: -3.32491
  [dbg] L_in=296.134  L_out=32.679  L_uniform=474.463  L_min_j=[0]  L_spread=[0]
  Iter  92/100  loss=3008.7825  (1.2s)
  [dbg] mean SINR_dB inside : 6.91096
  [dbg] mean SINR_dB outside: -2.96987
  [dbg] L_in=312.652  L_out=33.2076  L_uniform=495.324  L_min_j=[0]  L_spread=[0]
  Iter  93/100  loss=3176.0491  (1.2s)
  [dbg] mean SINR_dB inside : 7.20512
  [dbg] mean SINR_dB outside: -2.91936
  [dbg] L_in=296.106  L_out=33.008  L_uniform=475.15  L_min_j=[0]  L_spread=[0]
  Iter  94/100  loss=3008.5713  (1.2s)[0m[31m2026-05-24 22:16:10 WARN  [HDRFilm] Monochrome mode enabled, setting film output pixel format to 'luminance' (was rgb).

  [dbg] mean SINR_dB inside : 7.03416
  [dbg] mean SINR_dB outside: -3.05217
  [dbg] L_in=306.475  L_out=32.783  L_uniform=488.398  L_min_j=[0]  L_spread=[0]
  Iter  95/100  loss=3113.5886  (1.0s)
  [dbg] mean SINR_dB inside : 7.01195
  [dbg] mean SINR_dB outside: -3.2431
  [dbg] L_in=305.155  L_out=32.7693  L_uniform=484.824  L_min_j=[0]  L_spread=[0]
  Iter  96/100  loss=3100.0332  (1.2s)
  [dbg] mean SINR_dB inside : 7.08684
  [dbg] mean SINR_dB outside: -2.96356
  [dbg] L_in=301.585  L_out=32.9569  L_uniform=480.948  L_min_j=[0]  L_spread=[0]
  Iter  97/100  loss=3063.9480  (1.2s)
  [dbg] mean SINR_dB inside : 7.02487
  [dbg] mean SINR_dB outside: -3.1119
  [dbg] L_in=306.009  L_out=32.8378  L_uniform=487.107  L_min_j=[0]  L_spread=[0]
  Iter  98/100  loss=3108.7998  (1.2s)
  [dbg] mean SINR_dB inside : 7.05802
  [dbg] mean SINR_dB outside: -3.07951
  [dbg] L_in=302.068  L_out=33.6698  L_uniform=480.678  L_min_j=[0]  L_spread=[0]
  Iter  99/100  loss=3068.7515  (1.0s)
  [dbg] mean SINR_dB inside : 7.04143
  [dbg] mean SINR_dB outside: -2.98648
  [dbg] L_in=305.683  L_out=32.9312  L_uniform=487.118  L_min_j=[0]  L_spread=[0]
  Iter 100/100  loss=3105.5393  (1.0s)

======================================================================
OPTIMIZATION COMPLETE  (128.1s)
  bs_0: Az=322.6°, El=-5.9°, pos=(-415.1, 382.6)
  bs_1: Az=136.6°, El=-7.1°, pos=(425.0, -364.2)
  bs_2: Az=50.6°, El=-5.9°, pos=(-392.6, -476.6)
  bs_3: Az=221.0°, El=-6.1°, pos=(346.2, 428.2)
======================================================================

  Warm-up: 128.1s total, 1.28s/iter
  Run 2: Joint optimization (100 iter, BS positions frozen)
-700.0

======================================================================
MULTI-TX SIR OPTIMIZATION  (4 transmitters)
======================================================================
Pre-created 1552 receivers (700 inside + 852 outside) across 4 base stations
Tx Position: [-200.0, -600.0, 50.0]
look_at_position: [-0.0, -0.0, 1.5]
Tx Position: [200.0, -600.0, 50.0]
look_at_position: [-0.0, -0.0, 1.5]
Tx Position: [600.0, -200.0, 50.0]
look_at_position: [-0.0, -0.0, 1.5]
Tx Position: [600.0, 200.0, 50.0]
look_at_position: [-0.0, -0.0, 1.5]
Tx Position: [200.0, 600.0, 50.0]
look_at_position: [-0.0, -0.0, 1.5]
Tx Position: [-200.0, 600.0, 50.0]
look_at_position: [-0.0, -0.0, 1.5]
Tx Position: [-600.0, 200.0, 50.0]
look_at_position: [-0.0, -0.0, 1.5]
Tx Position: [-600.0, -200.0, 50.0]
look_at_position: [-0.0, -0.0, 1.5]
  [dbg] mean SINR_dB inside : -5.17257
  [dbg] mean SINR_dB outside: -18.0266
  [dbg] L_in=891.918  L_out=-124.316  L_uniform=973.07  L_min_j=0.5  L_spread=[0]
  Iter   1/100  loss=5989.4858  (7.1s)
  [dbg] mean SINR_dB inside : -2.14784
  [dbg] mean SINR_dB outside: -12.7598
  [dbg] L_in=731.468  L_out=-85.7363  L_uniform=849.736  L_min_j=0.475021  L_spread=[0]
  Iter   2/100  loss=5079.3525  (2.7s)
  [dbg] mean SINR_dB inside : -1.58689
  [dbg] mean SINR_dB outside: -12.9813
  [dbg] L_in=694.032  L_out=-87.7717  L_uniform=809.494  L_min_j=0.452535  L_spread=[0]
  Iter   3/100  loss=4755.4912  (2.7s)
  [dbg] mean SINR_dB inside : -1.19148
  [dbg] mean SINR_dB outside: -12.7822
  [dbg] L_in=672.855  L_out=-86.704  L_uniform=791.171  L_min_j=0.431389  L_spread=[0]
  Iter   4/100  loss=4594.9180  (2.9s)
  [dbg] mean SINR_dB inside : -1.06267
  [dbg] mean SINR_dB outside: -12.9056
  [dbg] L_in=669.714  L_out=-87.8159  L_uniform=792.648  L_min_j=0.41165  L_spread=[0]
  Iter   5/100  loss=4558.8145  (2.7s)
  [dbg] mean SINR_dB inside : -0.686822
  [dbg] mean SINR_dB outside: -12.7477
  [dbg] L_in=645.905  L_out=-86.8969  L_uniform=767.486  L_min_j=0.393249  L_spread=[0]
  Iter   6/100  loss=4375.0171  (2.7s)
  [dbg] mean SINR_dB inside : -0.546165
  [dbg] mean SINR_dB outside: -12.8064
  [dbg] L_in=645.1  L_out=-87.4478  L_uniform=774.206  L_min_j=0.376319  L_spread=[0]
  Iter   7/100  loss=4363.7417  (2.8s)
  [dbg] mean SINR_dB inside : -0.282056
  [dbg] mean SINR_dB outside: -12.6003
  [dbg] L_in=629.965  L_out=-86.104  L_uniform=759.472  L_min_j=0.360894  L_spread=[0]
  Iter   8/100  loss=4254.6260  (2.7s)
  [dbg] mean SINR_dB inside : -0.192634
  [dbg] mean SINR_dB outside: -12.6592
  [dbg] L_in=631.408  L_out=-86.5303  L_uniform=767.586  L_min_j=0.346846  L_spread=[0]
  Iter   9/100  loss=4262.7192  (2.7s)
  [dbg] mean SINR_dB inside : -0.159277
  [dbg] mean SINR_dB outside: -12.5576
  [dbg] L_in=630.849  L_out=-85.7077  L_uniform=768.412  L_min_j=0.334269  L_spread=[0]
  Iter  10/100  loss=4266.5547  (3.6s)
  [dbg] mean SINR_dB inside : 0.116015
  [dbg] mean SINR_dB outside: -12.5894
  [dbg] L_in=610.888  L_out=-86.057  L_uniform=744.467  L_min_j=0.323242  L_spread=[0]
  Iter  11/100  loss=4100.9805  (3.6s)
  [dbg] mean SINR_dB inside : 0.466076
  [dbg] mean SINR_dB outside: -12.6309
  [dbg] L_in=593.998  L_out=-86.4909  L_uniform=730.784  L_min_j=0.313859  L_spread=[0]
  Iter  12/100  loss=3960.1521  (3.3s)
  [dbg] mean SINR_dB inside : 0.353676
  [dbg] mean SINR_dB outside: -12.619
  [dbg] L_in=610.963  L_out=-86.5502  L_uniform=758.284  L_min_j=0.306111  L_spread=[0]
  Iter  13/100  loss=4098.0317  (2.8s)
  [dbg] mean SINR_dB inside : 0.656719
  [dbg] mean SINR_dB outside: -12.5033
  [dbg] L_in=585.371  L_out=-85.823  L_uniform=724.369  L_min_j=0.299756  L_spread=[0]
  Iter  14/100  loss=3897.1787  (2.9s)
  [dbg] mean SINR_dB inside : 0.698974
  [dbg] mean SINR_dB outside: -12.4521
  [dbg] L_in=585.437  L_out=-85.6418  L_uniform=726.891  L_min_j=0.294568  L_spread=[0]
  Iter  15/100  loss=3899.7659  (2.9s)
  [dbg] mean SINR_dB inside : 0.647407
  [dbg] mean SINR_dB outside: -12.3668
  [dbg] L_in=590.041  L_out=-85.181  L_uniform=733.175  L_min_j=0.29036  L_spread=[0]
  Iter  16/100  loss=3941.8342  (2.7s)
  [dbg] mean SINR_dB inside : 0.897719
  [dbg] mean SINR_dB outside: -12.0566
  [dbg] L_in=573.667  L_out=-83.0211  L_uniform=714.557  L_min_j=0.286905  L_spread=[0]
  Iter  17/100  loss=3830.5769  (2.9s)
  [dbg] mean SINR_dB inside : 0.938926
  [dbg] mean SINR_dB outside: -12.278
  [dbg] L_in=573.204  L_out=-84.6115  L_uniform=715.943  L_min_j=0.284122  L_spread=[0]
  Iter  18/100  loss=3811.1079  (2.9s)
  [dbg] mean SINR_dB inside : 1.01336
  [dbg] mean SINR_dB outside: -12.1638
  [dbg] L_in=568.785  L_out=-83.7085  L_uniform=711.276  L_min_j=0.281936  L_spread=[0]
  Iter  19/100  loss=3784.3201  (2.8s)
  [dbg] mean SINR_dB inside : 1.10939
  [dbg] mean SINR_dB outside: -12.4906
  [dbg] L_in=563.311  L_out=-86.0091  L_uniform=705.694  L_min_j=0.280358  L_spread=[0]
  Iter  20/100  loss=3716.9685  (2.7s)
  [dbg] mean SINR_dB inside : 0.999201
  [dbg] mean SINR_dB outside: -11.9908
  [dbg] L_in=571.64  L_out=-82.4688  L_uniform=716.193  L_min_j=0.279248  L_spread=[0]
  Iter  21/100  loss=3820.0540  (2.7s)
  [dbg] mean SINR_dB inside : 1.26691
  [dbg] mean SINR_dB outside: -12.0137
  [dbg] L_in=555.854  L_out=-82.6028  L_uniform=699.541  L_min_j=0.278567  L_spread=[0]
  Iter  22/100  loss=3690.7585  (2.7s)
  [dbg] mean SINR_dB inside : 1.21892
  [dbg] mean SINR_dB outside: -12.0839
  [dbg] L_in=561.411  L_out=-83.0223  L_uniform=707.99  L_min_j=0.278223  L_spread=[0]
  Iter  23/100  loss=3731.8650  (2.8s)
  [dbg] mean SINR_dB inside : 1.21783
  [dbg] mean SINR_dB outside: -11.9181
  [dbg] L_in=565.479  L_out=-81.8772  L_uniform=716.064  L_min_j=0.278183  L_spread=[0]
  Iter  24/100  loss=3776.6636  (2.7s)
  [dbg] mean SINR_dB inside : 1.41255
  [dbg] mean SINR_dB outside: -11.4744
  [dbg] L_in=551.97  L_out=-78.7214  L_uniform=699.826  L_min_j=0.278506  L_spread=[0]
  Iter  25/100  loss=3698.5293  (2.7s)
  [dbg] mean SINR_dB inside : 1.34636
  [dbg] mean SINR_dB outside: -11.6682
  [dbg] L_in=559.312  L_out=-80.0779  L_uniform=710.853  L_min_j=0.279087  L_spread=[0]
  Iter  26/100  loss=3744.7996  (2.7s)
  [dbg] mean SINR_dB inside : 1.68283
  [dbg] mean SINR_dB outside: -11.3715
  [dbg] L_in=535.413  L_out=-77.8917  L_uniform=681.549  L_min_j=0.27985  L_spread=[0]
  Iter  27/100  loss=3572.5420  (2.8s)
  [dbg] mean SINR_dB inside : 1.67669
  [dbg] mean SINR_dB outside: -11.099
  [dbg] L_in=537.655  L_out=-76.0315  L_uniform=685.698  L_min_j=0.280845  L_spread=[0]
  Iter  28/100  loss=3609.4941  (2.8s)
  [dbg] mean SINR_dB inside : 1.67323
  [dbg] mean SINR_dB outside: -11.549
  [dbg] L_in=537.005  L_out=-79.0577  L_uniform=684.209  L_min_j=0.282009  L_spread=[0]
  Iter  29/100  loss=3573.8835  (2.7s)
  [dbg] mean SINR_dB inside : 1.81556
  [dbg] mean SINR_dB outside: -11.3605
  [dbg] L_in=528.282  L_out=-77.6814  L_uniform=674.521  L_min_j=0.283481  L_spread=[0]
  Iter  30/100  loss=3516.8931  (2.7s)
  [dbg] mean SINR_dB inside : 1.83302
  [dbg] mean SINR_dB outside: -11.3123
  [dbg] L_in=529.564  L_out=-77.2689  L_uniform=678.034  L_min_j=0.285201  L_spread=[0]
  Iter  31/100  loss=3531.6252  (2.7s)
  [dbg] mean SINR_dB inside : 1.87556
  [dbg] mean SINR_dB outside: -11.2023
  [dbg] L_in=526.55  L_out=-76.5437  L_uniform=674.315  L_min_j=0.287075  L_spread=[0]
  Iter  32/100  loss=3514.3938  (2.7s)
  [dbg] mean SINR_dB inside : 1.85799
  [dbg] mean SINR_dB outside: -11.2474
  [dbg] L_in=526.379  L_out=-76.8359  L_uniform=673.02  L_min_j=0.289101  L_spread=[0]
  Iter  33/100  loss=3509.9749  (2.7s)
  [dbg] mean SINR_dB inside : 1.88474
  [dbg] mean SINR_dB outside: -11.0555
  [dbg] L_in=529.803  L_out=-75.3084  L_uniform=681.317  L_min_j=0.291226  L_spread=[0]
  Iter  34/100  loss=3553.4688  (2.7s)
  [dbg] mean SINR_dB inside : 1.9251
  [dbg] mean SINR_dB outside: -11.2199
  [dbg] L_in=528.811  L_out=-76.3838  L_uniform=681.521  L_min_j=0.293558  L_spread=[0]
  Iter  35/100  loss=3534.7981  (2.7s)
  [dbg] mean SINR_dB inside : 2.04304
  [dbg] mean SINR_dB outside: -11.188
  [dbg] L_in=521.719  L_out=-76.1109  L_uniform=673.709  L_min_j=0.296062  L_spread=[0]
  Iter  36/100  loss=3480.0115  (2.7s)
  [dbg] mean SINR_dB inside : 2.14147
  [dbg] mean SINR_dB outside: -11.0351
  [dbg] L_in=513.215  L_out=-75.0134  L_uniform=662  L_min_j=0.298644  L_spread=[0]
  Iter  37/100  loss=3421.7827  (2.7s)
  [dbg] mean SINR_dB inside : 2.21815
  [dbg] mean SINR_dB outside: -11.1492
  [dbg] L_in=511.026  L_out=-75.6998  L_uniform=661.735  L_min_j=0.301308  L_spread=[0]
  Iter  38/100  loss=3397.3853  (2.7s)
  [dbg] mean SINR_dB inside : 2.38543
  [dbg] mean SINR_dB outside: -11.0791
  [dbg] L_in=498.782  L_out=-75.2773  L_uniform=646.18  L_min_j=0.303993  L_spread=[0]
  Iter  39/100  loss=3302.1008  (2.7s)
  [dbg] mean SINR_dB inside : 2.2785
  [dbg] mean SINR_dB outside: -11.0607
  [dbg] L_in=505.831  L_out=-75.1451  L_uniform=654.576  L_min_j=0.306681  L_spread=[0]
  Iter  40/100  loss=3360.6528  (2.7s)
  [dbg] mean SINR_dB inside : 2.40356
  [dbg] mean SINR_dB outside: -11.0675
  [dbg] L_in=499.032  L_out=-75.1181  L_uniform=647.645  L_min_j=0.309249  L_spread=[0]
  Iter  41/100  loss=3305.8374  (2.7s)
  [dbg] mean SINR_dB inside : 2.50117
  [dbg] mean SINR_dB outside: -11.0381
  [dbg] L_in=493.559  L_out=-74.9384  L_uniform=641.883  L_min_j=0.311724  L_spread=[0]
  Iter  42/100  loss=3263.2744  (2.7s)
  [dbg] mean SINR_dB inside : 2.64072
  [dbg] mean SINR_dB outside: -10.9269
  [dbg] L_in=487.275  L_out=-73.9947  L_uniform=636.694  L_min_j=0.31414  L_spread=[0]
  Iter  43/100  loss=3221.9243  (2.7s)
  [dbg] mean SINR_dB inside : 2.65651
  [dbg] mean SINR_dB outside: -11.1302
  [dbg] L_in=487.216  L_out=-75.5116  L_uniform=637.407  L_min_j=0.316554  L_spread=[0]
  Iter  44/100  loss=3206.3516  (2.7s)
  [dbg] mean SINR_dB inside : 2.5953
  [dbg] mean SINR_dB outside: -11.0389
  [dbg] L_in=492.968  L_out=-74.8192  L_uniform=645.687  L_min_j=0.318979  L_spread=[0]
  Iter  45/100  loss=3260.1228  (2.7s)
  [dbg] mean SINR_dB inside : 2.6134
  [dbg] mean SINR_dB outside: -10.8491
  [dbg] L_in=490.756  L_out=-73.5408  L_uniform=642.217  L_min_j=0.321377  L_spread=[0]
  Iter  46/100  loss=3254.8638  (2.7s)
  [dbg] mean SINR_dB inside : 2.72822
  [dbg] mean SINR_dB outside: -10.7086
  [dbg] L_in=483.365  L_out=-72.4722  L_uniform=633.483  L_min_j=0.323824  L_spread=[0]
  Iter  47/100  loss=3205.5471  (2.5s)
  [dbg] mean SINR_dB inside : 2.80033
  [dbg] mean SINR_dB outside: -11.0223
  [dbg] L_in=481.63  L_out=-74.5488  L_uniform=633.798  L_min_j=0.326327  L_spread=[0]
  Iter  48/100  loss=3170.9282  (2.7s)
  [dbg] mean SINR_dB inside : 2.84999
  [dbg] mean SINR_dB outside: -10.7967
  [dbg] L_in=477.981  L_out=-72.934  L_uniform=629.1  L_min_j=0.328814  L_spread=[0]
  Iter  49/100  loss=3157.4180  (2.5s)
  [dbg] mean SINR_dB inside : 2.81017
  [dbg] mean SINR_dB outside: -10.8145
  [dbg] L_in=481.193  L_out=-73.1265  L_uniform=633.442  L_min_j=0.331254  L_spread=[0]
  Iter  50/100  loss=3181.6245  (2.7s)
  [dbg] mean SINR_dB inside : 3.02056
  [dbg] mean SINR_dB outside: -10.7631
  [dbg] L_in=466.7  L_out=-72.7447  L_uniform=615.434  L_min_j=0.333654  L_spread=[0]
  Iter  51/100  loss=3067.6997  (2.7s)
  [dbg] mean SINR_dB inside : 2.80761
  [dbg] mean SINR_dB outside: -10.7421
  [dbg] L_in=479.584  L_out=-72.3873  L_uniform=630.092  L_min_j=0.336086  L_spread=[0]
  Iter  52/100  loss=3175.8108  (2.8s)
  [dbg] mean SINR_dB inside : 3.04484
  [dbg] mean SINR_dB outside: -10.4653
  [dbg] L_in=465.302  L_out=-70.6386  L_uniform=613.898  L_min_j=0.338467  L_spread=[0]
  Iter  53/100  loss=3077.4160  (2.8s)
  [dbg] mean SINR_dB inside : 3.09061
  [dbg] mean SINR_dB outside: -10.6504
  [dbg] L_in=465.805  L_out=-71.9212  L_uniform=617.279  L_min_j=0.340821  L_spread=[0]
  Iter  54/100  loss=3068.9541  (2.7s)
  [dbg] mean SINR_dB inside : 3.13472
  [dbg] mean SINR_dB outside: -10.5628
  [dbg] L_in=463.74  L_out=-71.2176  L_uniform=615.437  L_min_j=0.343113  L_spread=[0]
  Iter  55/100  loss=3059.2874  (2.7s)
  [dbg] mean SINR_dB inside : 2.9615
  [dbg] mean SINR_dB outside: -10.7898
  [dbg] L_in=474.792  L_out=-72.8918  L_uniform=628.551  L_min_j=0.345332  L_spread=[0]
  Iter  56/100  loss=3132.2703  (2.7s)
  [dbg] mean SINR_dB inside : 3.12466
  [dbg] mean SINR_dB outside: -10.8997
  [dbg] L_in=465.639  L_out=-73.6145  L_uniform=618.718  L_min_j=0.347475  L_spread=[0]
  Iter  57/100  loss=3050.8396  (2.7s)
  [dbg] mean SINR_dB inside : 3.22896
  [dbg] mean SINR_dB outside: -10.7377
  [dbg] L_in=458.71  L_out=-72.5578  L_uniform=610.251  L_min_j=0.349535  L_spread=[0]
  Iter  58/100  loss=3005.1287  (2.7s)
  [dbg] mean SINR_dB inside : 3.26794
  [dbg] mean SINR_dB outside: -10.5938
  [dbg] L_in=458.221  L_out=-71.3362  L_uniform=611.278  L_min_j=0.351555  L_spread=[0]
  Iter  59/100  loss=3013.5300  (2.7s)
  [dbg] mean SINR_dB inside : 3.26717
  [dbg] mean SINR_dB outside: -10.5219
  [dbg] L_in=457.988  L_out=-70.8141  L_uniform=610.771  L_min_j=0.353519  L_spread=[0]
  Iter  60/100  loss=3016.8398  (2.7s)
  [dbg] mean SINR_dB inside : 3.19902
  [dbg] mean SINR_dB outside: -10.735
  [dbg] L_in=463.32  L_out=-72.3158  L_uniform=617.93  L_min_j=0.35539  L_spread=[0]
  Iter  61/100  loss=3045.1982  (2.7s)
  [dbg] mean SINR_dB inside : 3.24206
  [dbg] mean SINR_dB outside: -10.5716
  [dbg] L_in=459.712  L_out=-71.1517  L_uniform=612.936  L_min_j=0.357223  L_spread=[0]
  Iter  62/100  loss=3027.4751  (2.7s)
  [dbg] mean SINR_dB inside : 3.2271
  [dbg] mean SINR_dB outside: -10.8524
  [dbg] L_in=463.506  L_out=-73.2556  L_uniform=619.747  L_min_j=0.35899  L_spread=[0]
  Iter  63/100  loss=3037.4648  (2.5s)
  [dbg] mean SINR_dB inside : 3.35821
  [dbg] mean SINR_dB outside: -10.5547
  [dbg] L_in=456.353  L_out=-71.0547  L_uniform=612.174  L_min_j=0.360701  L_spread=[0]
  Iter  64/100  loss=3001.4937  (2.7s)
  [dbg] mean SINR_dB inside : 3.35676
  [dbg] mean SINR_dB outside: -10.5696
  [dbg] L_in=454.513  L_out=-71.1648  L_uniform=608.432  L_min_j=0.362352  L_spread=[0]
  Iter  65/100  loss=2985.3032  (2.7s)
  [dbg] mean SINR_dB inside : 3.53283
  [dbg] mean SINR_dB outside: -10.3125
  [dbg] L_in=446.131  L_out=-69.3309  L_uniform=600.663  L_min_j=0.363926  L_spread=[0]
  Iter  66/100  loss=2935.8027  (2.7s)
  [dbg] mean SINR_dB inside : 3.31205
  [dbg] mean SINR_dB outside: -10.4529
  [dbg] L_in=460.19  L_out=-70.3207  L_uniform=617.486  L_min_j=0.365438  L_spread=[0]
  Iter  67/100  loss=3040.0588  (2.7s)
  [dbg] mean SINR_dB inside : 3.55545
  [dbg] mean SINR_dB outside: -10.5014
  [dbg] L_in=442.787  L_out=-70.4841  L_uniform=595.129  L_min_j=0.366885  L_spread=[0]
  Iter  68/100  loss=2896.9695  (2.7s)
  [dbg] mean SINR_dB inside : 3.40969
  [dbg] mean SINR_dB outside: -10.5723
  [dbg] L_in=454.327  L_out=-70.9706  L_uniform=610.772  L_min_j=0.368273  L_spread=[0]
  Iter  69/100  loss=2985.9895  (2.5s)
  [dbg] mean SINR_dB inside : 3.54888
  [dbg] mean SINR_dB outside: -10.4679
  [dbg] L_in=446.756  L_out=-70.3086  L_uniform=602.735  L_min_j=0.369568  L_spread=[0]
  Iter  70/100  loss=2931.2334  (2.5s)
  [dbg] mean SINR_dB inside : 3.65124
  [dbg] mean SINR_dB outside: -10.7002
  [dbg] L_in=442.817  L_out=-71.9775  L_uniform=600.058  L_min_j=0.370801  L_spread=[0]
  Iter  71/100  loss=2882.7654  (2.7s)
  [dbg] mean SINR_dB inside : 3.60155
  [dbg] mean SINR_dB outside: -10.4514
  [dbg] L_in=442.996  L_out=-70.0887  L_uniform=597.891  L_min_j=0.37197  L_spread=[0]
  Iter  72/100  loss=2902.8718  (2.7s)
  [dbg] mean SINR_dB inside : 3.70123
  [dbg] mean SINR_dB outside: -10.2656
  [dbg] L_in=436.97  L_out=-68.8337  L_uniform=590.896  L_min_j=0.37308  L_spread=[0]
  Iter  73/100  loss=2866.5100  (2.7s)
  [dbg] mean SINR_dB inside : 3.63826
  [dbg] mean SINR_dB outside: -10.254
  [dbg] L_in=442.923  L_out=-68.6984  L_uniform=599.613  L_min_j=0.374141  L_spread=[0]
  Iter  74/100  loss=2916.3596  (2.5s)
  [dbg] mean SINR_dB inside : 3.5454
  [dbg] mean SINR_dB outside: -10.3728
  [dbg] L_in=448.367  L_out=-69.4816  L_uniform=605.782  L_min_j=0.375151  L_spread=[0]
  Iter  75/100  loss=2952.6978  (2.7s)
  [dbg] mean SINR_dB inside : 3.79481
  [dbg] mean SINR_dB outside: -10.3781
  [dbg] L_in=430.363  L_out=-69.5379  L_uniform=582.407  L_min_j=0.376087  L_spread=[0]
  Iter  76/100  loss=2805.7639  (2.6s)
  [dbg] mean SINR_dB inside : 3.57698
  [dbg] mean SINR_dB outside: -10.4399
  [dbg] L_in=442.368  L_out=-70.0654  L_uniform=595.39  L_min_j=0.376983  L_spread=[0]
  Iter  77/100  loss=2897.8303  (2.7s)
  [dbg] mean SINR_dB inside : 3.52914
  [dbg] mean SINR_dB outside: -10.3035
  [dbg] L_in=449.426  L_out=-69.2091  L_uniform=607.071  L_min_j=0.377813  L_spread=[0]
  Iter  78/100  loss=2964.0229  (2.7s)
  [dbg] mean SINR_dB inside : 3.56904
  [dbg] mean SINR_dB outside: -10.4764
  [dbg] L_in=444.267  L_out=-70.4655  L_uniform=598.784  L_min_j=0.378579  L_spread=[0]
  Iter  79/100  loss=2909.3616  (2.5s)
  [dbg] mean SINR_dB inside : 3.72338
  [dbg] mean SINR_dB outside: -10.4363
  [dbg] L_in=434.297  L_out=-70.0426  L_uniform=586.672  L_min_j=0.37929  L_spread=[0]
  Iter  80/100  loss=2832.6147  (2.7s)
  [dbg] mean SINR_dB inside : 3.69819
  [dbg] mean SINR_dB outside: -10.3188
  [dbg] L_in=438.331  L_out=-69.1044  L_uniform=593.459  L_min_j=0.379948  L_spread=[0]
  Iter  81/100  loss=2874.9480  (2.7s)
  [dbg] mean SINR_dB inside : 3.50176
  [dbg] mean SINR_dB outside: -10.3547
  [dbg] L_in=449.3  L_out=-69.3878  L_uniform=605.425  L_min_j=0.380557  L_spread=[0]
  Iter  82/100  loss=2961.0623  (2.5s)
  [dbg] mean SINR_dB inside : 3.73027
  [dbg] mean SINR_dB outside: -10.3907
  [dbg] L_in=436.078  L_out=-69.6608  L_uniform=590.577  L_min_j=0.381111  L_spread=[0]
  Iter  83/100  loss=2851.0732  (2.7s)
  [dbg] mean SINR_dB inside : 3.4783
  [dbg] mean SINR_dB outside: -10.2559
  [dbg] L_in=450.931  L_out=-68.9295  L_uniform=607.487  L_min_j=0.381614  L_spread=[0]
  Iter  84/100  loss=2978.8999  (2.7s)
  [dbg] mean SINR_dB inside : 3.5975
  [dbg] mean SINR_dB outside: -10.5225
  [dbg] L_in=442.339  L_out=-70.6212  L_uniform=596.373  L_min_j=0.382067  L_spread=[0]
  Iter  85/100  loss=2892.1375  (2.5s)
  [dbg] mean SINR_dB inside : 3.55098
  [dbg] mean SINR_dB outside: -10.4037
  [dbg] L_in=445.539  L_out=-69.8075  L_uniform=600.402  L_min_j=0.382471  L_spread=[0]
  Iter  86/100  loss=2926.2764  (2.8s)
  [dbg] mean SINR_dB inside : 3.63948
  [dbg] mean SINR_dB outside: -10.2401
  [dbg] L_in=440.097  L_out=-68.757  L_uniform=594.019  L_min_j=0.382825  L_spread=[0]
  Iter  87/100  loss=2892.6089  (2.7s)
  [dbg] mean SINR_dB inside : 3.55071
  [dbg] mean SINR_dB outside: -10.1283
  [dbg] L_in=445.533  L_out=-68.0207  L_uniform=600.383  L_min_j=0.383136  L_spread=[0]
  Iter  88/100  loss=2944.0979  (2.7s)
  [dbg] mean SINR_dB inside : 3.54731
  [dbg] mean SINR_dB outside: -10.2826
  [dbg] L_in=446.641  L_out=-69.0148  L_uniform=602.423  L_min_j=0.383405  L_spread=[0]
  Iter  89/100  loss=2943.2224  (2.5s)
  [dbg] mean SINR_dB inside : 3.68446
  [dbg] mean SINR_dB outside: -10.0322
  [dbg] L_in=437.333  L_out=-67.292  L_uniform=590.767  L_min_j=0.383635  L_spread=[0]
  Iter  90/100  loss=2884.8193  (2.7s)
  [dbg] mean SINR_dB inside : 3.74692
  [dbg] mean SINR_dB outside: -10.2619
  [dbg] L_in=434.391  L_out=-68.8441  L_uniform=588.045  L_min_j=0.383828  L_spread=[0]
  Iter  91/100  loss=2845.4949  (2.7s)
  [dbg] mean SINR_dB inside : 3.49455
  [dbg] mean SINR_dB outside: -10.3103
  [dbg] L_in=451.035  L_out=-69.0833  L_uniform=608.524  L_min_j=0.38399  L_spread=[0]
  Iter  92/100  loss=2978.3030  (2.5s)
  [dbg] mean SINR_dB inside : 3.51106
  [dbg] mean SINR_dB outside: -10.2925
  [dbg] L_in=446.189  L_out=-69.1086  L_uniform=599.67  L_min_j=0.384121  L_spread=[0]
  Iter  93/100  loss=2938.3921  (2.7s)
  [dbg] mean SINR_dB inside : 3.49266
  [dbg] mean SINR_dB outside: -10.1266
  [dbg] L_in=448.608  L_out=-67.9479  L_uniform=603.576  L_min_j=0.384224  L_spread=[0]
  Iter  94/100  loss=2969.7449  (2.5s)
  [dbg] mean SINR_dB inside : 3.58714
  [dbg] mean SINR_dB outside: -10.2079
  [dbg] L_in=444.853  L_out=-68.3539  L_uniform=600.871  L_min_j=0.384302  L_spread=[0]
  Iter  95/100  loss=2935.3748  (2.5s)
  [dbg] mean SINR_dB inside : 3.52301
  [dbg] mean SINR_dB outside: -10.3215
  [dbg] L_in=450.363  L_out=-69.3996  L_uniform=608.634  L_min_j=0.38436  L_spread=[0]
  Iter  96/100  loss=2969.7688  (2.7s)
  [dbg] mean SINR_dB inside : 3.72769
  [dbg] mean SINR_dB outside: -10.317
  [dbg] L_in=436.622  L_out=-69.3597  L_uniform=591.533  L_min_j=0.384401  L_spread=[0]
  Iter  97/100  loss=2858.5325  (2.7s)
  [dbg] mean SINR_dB inside : 3.69738
  [dbg] mean SINR_dB outside: -10.2108
  [dbg] L_in=438.554  L_out=-68.5283  L_uniform=593.867  L_min_j=0.384427  L_spread=[0]
  Iter  98/100  loss=2882.5356  (2.7s)
  [dbg] mean SINR_dB inside : 3.52045
  [dbg] mean SINR_dB outside: -10.1026
  [dbg] L_in=448.096  L_out=-67.717  L_uniform=603.966  L_min_j=0.384441  L_spread=[0]
  Iter  99/100  loss=2967.9980  (2.7s)
  [dbg] mean SINR_dB inside : 3.50685
  [dbg] mean SINR_dB outside: -10.1031
  [dbg] L_in=449.1  L_out=-67.7431  L_uniform=605.277  L_min_j=0.384448  L_spread=[0]
  Iter 100/100  loss=2975.8945  (2.5s)

======================================================================
OPTIMIZATION COMPLETE  (276.3s)
  bs_0: Az=320.2°, El=-7.2°, pos=(-376.4, 355.7)
  bs_1: Az=141.5°, El=-8.0°, pos=(399.7, -317.9)
  bs_2: Az=50.0°, El=-7.6°, pos=(-365.6, -396.7)
  bs_3: Az=217.9°, El=-7.1°, pos=(367.3, 382.4)
  jam_1 [OFF gate=0.187]: Az=69.9°, El=-90.0°, pos=(-149.0, -663.5, 5.0), pwr=18.6 dBm
  jam_2 [ON  gate=0.703]: Az=107.9°, El=-90.0°, pos=(131.7, -554.7, 23.4), pwr=20.9 dBm
  jam_3 [OFF gate=0.159]: Az=162.5°, El=-90.0°, pos=(604.8, -299.7, 12.4), pwr=18.4 dBm
  jam_4 [OFF gate=0.197]: Az=196.1°, El=-90.0°, pos=(600.7, 209.1, 6.5), pwr=18.6 dBm
  jam_5 [ON  gate=0.724]: Az=250.8°, El=-90.0°, pos=(275.4, 580.0, 26.3), pwr=21.0 dBm
  jam_6 [OFF gate=0.175]: Az=286.8°, El=-90.0°, pos=(-285.6, 612.5, 20.5), pwr=18.5 dBm
  jam_7 [ON  gate=0.652]: Az=337.4°, El=-90.0°, pos=(-608.9, 181.4, 25.6), pwr=20.6 dBm
  jam_8 [OFF gate=0.278]: Az=22.1°, El=-90.0°, pos=(-631.5, -77.3, 31.4), pwr=19.0 dBm
======================================================================

  Joint:   276.3s total, 2.76s/iter
  Evaluating...

======================================================================
BS PARAMETERS  —  BEFORE / AFTER
======================================================================
  Name           Param         Initial   Optimised       Delta
  ----------------------------------------------------------------
  bs_0           Azimuth      +322.57°    +320.23°      -2.34°
                 Elevation      -5.93°      -7.25°      -1.31°
                 X (m)          -415.1      -376.4       +38.8
                 Y (m)          +382.6      +355.7       -26.9
                 Power dBm      +35.00      +40.00       +5.00
  ----------------------------------------------------------------
  bs_1           Azimuth      +136.56°    +141.46°      +4.89°
                 Elevation      -7.13°      -8.02°      -0.89°
                 X (m)          +425.0      +399.7       -25.3
                 Y (m)          -364.2      -317.9       +46.3
                 Power dBm      +35.00      +40.00       +5.00
  ----------------------------------------------------------------
  bs_2           Azimuth       +50.64°     +49.97°      -0.68°
                 Elevation      -5.90°      -7.64°      -1.73°
                 X (m)          -392.6      -365.6       +27.0
                 Y (m)          -476.6      -396.7       +79.9
                 Power dBm      +35.00      +39.93       +4.93
  ----------------------------------------------------------------
  bs_3           Azimuth      +221.05°    +217.87°      -3.17°
                 Elevation      -6.15°      -7.08°      -0.93°
                 X (m)          +346.2      +367.3       +21.1
                 Y (m)          +428.2      +382.4       -45.8
                 Power dBm      +35.00      +39.80       +4.80
  ----------------------------------------------------------------
======================================================================

Computing RadioMap for optimized BS configuration...
Computing RadioMap for 3/8 active jammers...
[verify] jam_interference_map: mean=3.373e-11 W  | mean SINR shift (BS-only − BS+Jam) = +0.547 dB

======================================================================
BS-ONLY SINR CONTAINMENT  (gamma = +0.0 dB)
======================================================================
  bs_0:
    rho_leak  (outside >= gamma):  46.1%
    rho_hole  (inside  <  gamma):  22.5%
    SINR inside  mean / p10: +8.0 / -13.2 dB
    SINR outside mean / p10: -7.3 / -27.1 dB

  bs_1:
    rho_leak  (outside >= gamma):  46.1%
    rho_hole  (inside  <  gamma):  22.5%
    SINR inside  mean / p10: +8.0 / -13.2 dB
    SINR outside mean / p10: -7.3 / -27.1 dB

  bs_2:
    rho_leak  (outside >= gamma):  46.1%
    rho_hole  (inside  <  gamma):  22.5%
    SINR inside  mean / p10: +8.0 / -13.2 dB
    SINR outside mean / p10: -7.3 / -27.1 dB

  bs_3:
    rho_leak  (outside >= gamma):  46.1%
    rho_hole  (inside  <  gamma):  22.5%
    SINR inside  mean / p10: +8.0 / -13.2 dB
    SINR outside mean / p10: -7.3 / -27.1 dB

======================================================================
BS+JAMMER SINR CONTAINMENT  (gamma = +0.0 dB)
======================================================================
  bs_0:
    rho_leak  (outside >= gamma):  43.0%
    rho_hole  (inside  <  gamma):  22.6%
    SINR inside  mean / p10: +7.9 / -13.2 dB
    SINR outside mean / p10: -8.2 / -28.2 dB

  bs_1:
    rho_leak  (outside >= gamma):  43.0%
    rho_hole  (inside  <  gamma):  22.6%
    SINR inside  mean / p10: +7.9 / -13.2 dB
    SINR outside mean / p10: -8.2 / -28.2 dB

  bs_2:
    rho_leak  (outside >= gamma):  43.0%
    rho_hole  (inside  <  gamma):  22.6%
    SINR inside  mean / p10: +7.9 / -13.2 dB
    SINR outside mean / p10: -8.2 / -28.2 dB

  bs_3:
    rho_leak  (outside >= gamma):  43.0%
    rho_hole  (inside  <  gamma):  22.6%
    SINR inside  mean / p10: +7.9 / -13.2 dB
    SINR outside mean / p10: -8.2 / -28.2 dB

======================================================================

  Saved → ../results/duke/square_large_n700

[  4/16] START square_large_n1000
Creating polygon
  Zone cells: 1934687
seed_bs_positions: cluster 2 has no candidate >= 250.0 m from existing BSs; relaxing separation constraint for this station.
  bs_0: (-397.8, 351.5, 50.0)
  bs_1: (397.8, -354.4, 50.0)
  bs_2: (-325.5, -397.7, 50.0)
  bs_3: (379.0, 380.9, 50.0)
  Jammers: 8 evenly placed at 200 m standoff
  Run 1: BS warm-up (100 iter, inside coverage only)
-700.0

======================================================================
MULTI-TX SIR OPTIMIZATION  (4 transmitters)
======================================================================
Tx Position: [-397.75201416015625, 351.5076599121094, 50.0]
look_at_position: [0.0, 0.0, 1.5]
Tx Position: [397.7600402832031, -354.3757019042969, 50.0]
look_at_position: [0.0, 0.0, 1.5]
Tx Position: [-325.5242614746094, -397.6785583496094, 50.0]
look_at_position: [0.0, 0.0, 1.5]
Tx Position: [378.99468994140625, 380.86126708984375, 50.0]
look_at_position: [0.0, 0.0, 1.5]
  [dbg] mean SINR_dB inside : 3.97342
  [dbg] mean SINR_dB outside: -8.59236
  [dbg] L_in=390.736  L_out=2.82448  L_uniform=512.093  L_min_j=[0]  L_spread=[0]
  Iter   1/100  loss=3958.5647  (11.2s)
  [dbg] mean SINR_dB inside : 3.7381
  [dbg] mean SINR_dB outside: -9.08975
  [dbg] L_in=419.377  L_out=3.92528  L_uniform=557.545  L_min_j=[0]  L_spread=[0]
  Iter   2/100  loss=4249.5278  (1.6s)
  [dbg] mean SINR_dB inside : 3.74815
  [dbg] mean SINR_dB outside: -8.90145
  [dbg] L_in=425.527  L_out=5.20232  L_uniform=570.382  L_min_j=[0]  L_spread=[0]
  Iter   3/100  loss=4312.3105  (1.5s)
  [dbg] mean SINR_dB inside : 3.50357
  [dbg] mean SINR_dB outside: -8.95756
  [dbg] L_in=447.923  L_out=6.38457  L_uniform=602.794  L_min_j=[0]  L_spread=[0]
  Iter   4/100  loss=4539.5142  (1.4s)
  [dbg] mean SINR_dB inside : 3.48489
  [dbg] mean SINR_dB outside: -8.74418
  [dbg] L_in=451.547  L_out=7.36595  L_uniform=609.099  L_min_j=[0]  L_spread=[0]
  Iter   5/100  loss=4576.3833  (1.5s)
  [dbg] mean SINR_dB inside : 3.47683
  [dbg] mean SINR_dB outside: -8.63149
  [dbg] L_in=453.64  L_out=8.73868  L_uniform=612.89  L_min_j=[0]  L_spread=[0]
  Iter   6/100  loss=4597.6870  (1.5s)
  [dbg] mean SINR_dB inside : 3.54477
  [dbg] mean SINR_dB outside: -8.4184
  [dbg] L_in=452.282  L_out=9.89645  L_uniform=613.641  L_min_j=[0]  L_spread=[0]
  Iter   7/100  loss=4584.1807  (1.5s)
  [dbg] mean SINR_dB inside : 3.46162
  [dbg] mean SINR_dB outside: -8.09863
  [dbg] L_in=466.446  L_out=11.0647  L_uniform=637.742  L_min_j=[0]  L_spread=[0]
  Iter   8/100  loss=4728.2339  (1.4s)
  [dbg] mean SINR_dB inside : 3.56438
  [dbg] mean SINR_dB outside: -7.84166
  [dbg] L_in=461.968  L_out=12.168  L_uniform=634.035  L_min_j=[0]  L_spread=[0]
  Iter   9/100  loss=4683.0801  (1.4s)
  [dbg] mean SINR_dB inside : 3.64316
  [dbg] mean SINR_dB outside: -7.55866
  [dbg] L_in=457.548  L_out=13.7357  L_uniform=629.212  L_min_j=[0]  L_spread=[0]
  Iter  10/100  loss=4638.3975  (1.4s)
  [dbg] mean SINR_dB inside : 3.64427
  [dbg] mean SINR_dB outside: -7.5644
  [dbg] L_in=448.202  L_out=14.7239  L_uniform=610.582  L_min_j=[0]  L_spread=[0]
  Iter  11/100  loss=4543.0767  (1.4s)
  [dbg] mean SINR_dB inside : 3.66803
  [dbg] mean SINR_dB outside: -7.24524
  [dbg] L_in=449.585  L_out=15.6565  L_uniform=614.553  L_min_j=[0]  L_spread=[0]
  Iter  12/100  loss=4557.3013  (1.4s)
  [dbg] mean SINR_dB inside : 3.93031
  [dbg] mean SINR_dB outside: -6.96457
  [dbg] L_in=438.065  L_out=16.9363  L_uniform=604.749  L_min_j=[0]  L_spread=[0]
  Iter  13/100  loss=4441.1226  (1.4s)
  [dbg] mean SINR_dB inside : 3.82378
  [dbg] mean SINR_dB outside: -6.69782
  [dbg] L_in=444.316  L_out=17.832  L_uniform=611.89  L_min_j=[0]  L_spread=[0]
  Iter  14/100  loss=4504.3525  (1.4s)
  [dbg] mean SINR_dB inside : 3.87079
  [dbg] mean SINR_dB outside: -6.44404
  [dbg] L_in=440.441  L_out=18.7846  L_uniform=606.512  L_min_j=[0]  L_spread=[0]
  Iter  15/100  loss=4465.0605  (1.4s)
  [dbg] mean SINR_dB inside : 3.97187
  [dbg] mean SINR_dB outside: -6.13369
  [dbg] L_in=433.99  L_out=19.5111  L_uniform=598.69  L_min_j=[0]  L_spread=[0]
  Iter  16/100  loss=4399.7710  (1.5s)
  [dbg] mean SINR_dB inside : 4.05498
  [dbg] mean SINR_dB outside: -6.08449
  [dbg] L_in=432.372  L_out=20.4316  L_uniform=599.596  L_min_j=[0]  L_spread=[0]
  Iter  17/100  loss=4383.6836  (1.5s)
  [dbg] mean SINR_dB inside : 4.24442
  [dbg] mean SINR_dB outside: -6.13881
  [dbg] L_in=420.752  L_out=20.5822  L_uniform=585.779  L_min_j=[0]  L_spread=[0]
  Iter  18/100  loss=4266.0981  (1.4s)
  [dbg] mean SINR_dB inside : 4.18671
  [dbg] mean SINR_dB outside: -5.85992
  [dbg] L_in=422.664  L_out=21.2645  L_uniform=586.739  L_min_j=[0]  L_spread=[0]
  Iter  19/100  loss=4285.3154  (1.5s)
  [dbg] mean SINR_dB inside : 4.27669
  [dbg] mean SINR_dB outside: -5.77517
  [dbg] L_in=420.271  L_out=22.4129  L_uniform=586.424  L_min_j=[0]  L_spread=[0]
  Iter  20/100  loss=4261.3501  (1.4s)
  [dbg] mean SINR_dB inside : 3.88946
  [dbg] mean SINR_dB outside: -6.00256
  [dbg] L_in=444.814  L_out=22.9219  L_uniform=616.21  L_min_j=[0]  L_spread=[0]
  Iter  21/100  loss=4509.7642  (1.4s)
  [dbg] mean SINR_dB inside : 4.33792
  [dbg] mean SINR_dB outside: -5.59589
  [dbg] L_in=416.464  L_out=23.1295  L_uniform=581.816  L_min_j=[0]  L_spread=[0]
  Iter  22/100  loss=4222.8218  (1.4s)
  [dbg] mean SINR_dB inside : 4.25173
  [dbg] mean SINR_dB outside: -5.41453
  [dbg] L_in=423.007  L_out=24.1131  L_uniform=590.649  L_min_j=[0]  L_spread=[0]
  Iter  23/100  loss=4289.1377  (1.5s)
  [dbg] mean SINR_dB inside : 4.21858
  [dbg] mean SINR_dB outside: -5.27243
  [dbg] L_in=425.004  L_out=24.4633  L_uniform=593.009  L_min_j=[0]  L_spread=[0]
  Iter  24/100  loss=4309.3364  (1.4s)
  [dbg] mean SINR_dB inside : 4.31493
  [dbg] mean SINR_dB outside: -5.50232
  [dbg] L_in=428.843  L_out=25.2108  L_uniform=605.471  L_min_j=[0]  L_spread=[0]
  Iter  25/100  loss=4348.9805  (1.4s)
  [dbg] mean SINR_dB inside : 4.42475
  [dbg] mean SINR_dB outside: -5.3109
  [dbg] L_in=415.083  L_out=25.6668  L_uniform=583.35  L_min_j=[0]  L_spread=[0]
  Iter  26/100  loss=4209.1694  (1.5s)
  [dbg] mean SINR_dB inside : 4.50095
  [dbg] mean SINR_dB outside: -4.95495
  [dbg] L_in=422.968  L_out=26.0139  L_uniform=602.869  L_min_j=[0]  L_spread=[0]
  Iter  27/100  loss=4289.9624  (1.4s)
  [dbg] mean SINR_dB inside : 4.5606
  [dbg] mean SINR_dB outside: -5.0441
  [dbg] L_in=410.007  L_out=26.2128  L_uniform=579.882  L_min_j=[0]  L_spread=[0]
  Iter  28/100  loss=4158.0615  (1.4s)
  [dbg] mean SINR_dB inside : 4.69181
  [dbg] mean SINR_dB outside: -5.04349
  [dbg] L_in=404.211  L_out=26.5477  L_uniform=574.677  L_min_j=[0]  L_spread=[0]
  Iter  29/100  loss=4099.5820  (1.5s)
  [dbg] mean SINR_dB inside : 4.61783
  [dbg] mean SINR_dB outside: -4.80798
  [dbg] L_in=407.769  L_out=27.6479  L_uniform=578.21  L_min_j=[0]  L_spread=[0]
  Iter  30/100  loss=4135.5083  (1.4s)
  [dbg] mean SINR_dB inside : 4.90861
  [dbg] mean SINR_dB outside: -4.88486
  [dbg] L_in=392.868  L_out=27.4418  L_uniform=562.525  L_min_j=[0]  L_spread=[0]
  Iter  31/100  loss=3984.9304  (1.4s)
  [dbg] mean SINR_dB inside : 4.83504
  [dbg] mean SINR_dB outside: -4.92855
  [dbg] L_in=396.387  L_out=28.1743  L_uniform=566.019  L_min_j=[0]  L_spread=[0]
  Iter  32/100  loss=4020.4746  (1.5s)
  [dbg] mean SINR_dB inside : 4.8671
  [dbg] mean SINR_dB outside: -4.85148
  [dbg] L_in=396.368  L_out=28.4641  L_uniform=567.54  L_min_j=[0]  L_spread=[0]
  Iter  33/100  loss=4020.4368  (1.4s)
  [dbg] mean SINR_dB inside : 4.9209
  [dbg] mean SINR_dB outside: -4.61412
  [dbg] L_in=394.444  L_out=28.4337  L_uniform=566.3  L_min_j=[0]  L_spread=[0]
  Iter  34/100  loss=4001.0718  (1.4s)
  [dbg] mean SINR_dB inside : 5.04975
  [dbg] mean SINR_dB outside: -4.51115
  [dbg] L_in=387.134  L_out=28.8446  L_uniform=557.915  L_min_j=[0]  L_spread=[0]
  Iter  35/100  loss=3927.1357  (1.5s)
  [dbg] mean SINR_dB inside : 4.89084
  [dbg] mean SINR_dB outside: -4.43626
  [dbg] L_in=399.751  L_out=29.1738  L_uniform=575.524  L_min_j=[0]  L_spread=[0]
  Iter  36/100  loss=4055.0615  (1.5s)
  [dbg] mean SINR_dB inside : 5.07934
  [dbg] mean SINR_dB outside: -4.69596
  [dbg] L_in=391.616  L_out=29.3959  L_uniform=568.342  L_min_j=[0]  L_spread=[0]
  Iter  37/100  loss=3972.9971  (1.5s)
  [dbg] mean SINR_dB inside : 5.14197
  [dbg] mean SINR_dB outside: -4.27065
  [dbg] L_in=388.313  L_out=29.9019  L_uniform=564.704  L_min_j=[0]  L_spread=[0]
  Iter  38/100  loss=3939.5984  (1.5s)
  [dbg] mean SINR_dB inside : 5.07495
  [dbg] mean SINR_dB outside: -4.22584
  [dbg] L_in=392.125  L_out=29.9597  L_uniform=569.148  L_min_j=[0]  L_spread=[0]
  Iter  39/100  loss=3978.1626  (1.7s)
  [dbg] mean SINR_dB inside : 5.162
  [dbg] mean SINR_dB outside: -4.2206
  [dbg] L_in=385.784  L_out=30.7664  L_uniform=560.665  L_min_j=[0]  L_spread=[0]
  Iter  40/100  loss=3913.9087  (1.4s)
  [dbg] mean SINR_dB inside : 5.33393
  [dbg] mean SINR_dB outside: -4.1156
  [dbg] L_in=374.725  L_out=31.0621  L_uniform=546.711  L_min_j=[0]  L_spread=[0]
  Iter  41/100  loss=3801.9170  (1.2s)
  [dbg] mean SINR_dB inside : 5.46362
  [dbg] mean SINR_dB outside: -4.07186
  [dbg] L_in=367.126  L_out=31.0181  L_uniform=537.643  L_min_j=[0]  L_spread=[0]
  Iter  42/100  loss=3725.0281  (1.4s)
  [dbg] mean SINR_dB inside : 5.44628
  [dbg] mean SINR_dB outside: -3.98786
  [dbg] L_in=369.494  L_out=31.907  L_uniform=541.586  L_min_j=[0]  L_spread=[0]
  Iter  43/100  loss=3749.0981  (1.5s)
  [dbg] mean SINR_dB inside : 5.57775
  [dbg] mean SINR_dB outside: -3.76843
  [dbg] L_in=362.964  L_out=31.6979  L_uniform=534.725  L_min_j=[0]  L_spread=[0]
  Iter  44/100  loss=3683.1160  (1.5s)
  [dbg] mean SINR_dB inside : 5.57309
  [dbg] mean SINR_dB outside: -3.83413
  [dbg] L_in=360.951  L_out=31.781  L_uniform=530.516  L_min_j=[0]  L_spread=[0]
  Iter  45/100  loss=3662.5642  (1.5s)
  [dbg] mean SINR_dB inside : 5.65069
  [dbg] mean SINR_dB outside: -3.70379
  [dbg] L_in=359.991  L_out=32.507  L_uniform=532.235  L_min_j=[0]  L_spread=[0]
  Iter  46/100  loss=3653.1355  (1.4s)
  [dbg] mean SINR_dB inside : 5.62723
  [dbg] mean SINR_dB outside: -3.65239
  [dbg] L_in=363.24  L_out=32.6091  L_uniform=537.658  L_min_j=[0]  L_spread=[0]
  Iter  47/100  loss=3686.1636  (1.4s)
  [dbg] mean SINR_dB inside : 5.77947
  [dbg] mean SINR_dB outside: -3.73487
  [dbg] L_in=351.681  L_out=32.3044  L_uniform=521.649  L_min_j=[0]  L_spread=[0]
  Iter  48/100  loss=3568.9773  (1.4s)
  [dbg] mean SINR_dB inside : 5.73395
  [dbg] mean SINR_dB outside: -3.8456
  [dbg] L_in=359.728  L_out=32.2321  L_uniform=535.621  L_min_j=[0]  L_spread=[0]
  Iter  49/100  loss=3650.8394  (1.4s)
  [dbg] mean SINR_dB inside : 5.7885
  [dbg] mean SINR_dB outside: -3.68913
  [dbg] L_in=355.01  L_out=32.3318  L_uniform=528.741  L_min_j=[0]  L_spread=[0]
  Iter  50/100  loss=3602.9788  (1.5s)
  [dbg] mean SINR_dB inside : 5.92808
  [dbg] mean SINR_dB outside: -3.64952
  [dbg] L_in=347.535  L_out=32.727  L_uniform=520.262  L_min_j=[0]  L_spread=[0]
  Iter  51/100  loss=3527.3784  (1.4s)
  [dbg] mean SINR_dB inside : 5.85992
  [dbg] mean SINR_dB outside: -3.58601
  [dbg] L_in=352.378  L_out=32.5849  L_uniform=526.808  L_min_j=[0]  L_spread=[0]
  Iter  52/100  loss=3576.4607  (1.5s)
  [dbg] mean SINR_dB inside : 5.89126
  [dbg] mean SINR_dB outside: -3.50364
  [dbg] L_in=354.183  L_out=32.6801  L_uniform=531.884  L_min_j=[0]  L_spread=[0]
  Iter  53/100  loss=3595.0188  (1.2s)
  [dbg] mean SINR_dB inside : 5.91646
  [dbg] mean SINR_dB outside: -3.5586
  [dbg] L_in=350.808  L_out=33.153  L_uniform=526.336  L_min_j=[0]  L_spread=[0]
  Iter  54/100  loss=3560.7112  (1.5s)
  [dbg] mean SINR_dB inside : 6.13323
  [dbg] mean SINR_dB outside: -3.66014
  [dbg] L_in=337.917  L_out=32.9631  L_uniform=510.51  L_min_j=[0]  L_spread=[0]
  Iter  55/100  loss=3430.2185  (1.4s)
  [dbg] mean SINR_dB inside : 6.12958
  [dbg] mean SINR_dB outside: -3.5608
  [dbg] L_in=338.924  L_out=33.5154  L_uniform=512.384  L_min_j=[0]  L_spread=[0]
  Iter  56/100  loss=3440.4814  (1.4s)
  [dbg] mean SINR_dB inside : 6.09594
  [dbg] mean SINR_dB outside: -3.38301
  [dbg] L_in=343.389  L_out=33.7947  L_uniform=519.787  L_min_j=[0]  L_spread=[0]
  Iter  57/100  loss=3485.8672  (1.4s)
  [dbg] mean SINR_dB inside : 6.14668
  [dbg] mean SINR_dB outside: -3.34615
  [dbg] L_in=339.33  L_out=33.6099  L_uniform=513.985  L_min_j=[0]  L_spread=[0]
  Iter  58/100  loss=3444.7034  (1.4s)
  [dbg] mean SINR_dB inside : 6.13345
  [dbg] mean SINR_dB outside: -3.3657
  [dbg] L_in=343.615  L_out=33.7017  L_uniform=521.968  L_min_j=[0]  L_spread=[0]
  Iter  59/100  loss=3488.3481  (1.4s)
  [dbg] mean SINR_dB inside : 6.1791
  [dbg] mean SINR_dB outside: -3.29885
  [dbg] L_in=340.152  L_out=33.9003  L_uniform=517.112  L_min_j=[0]  L_spread=[0]
  Iter  60/100  loss=3453.2319  (1.4s)
  [dbg] mean SINR_dB inside : 6.29005
  [dbg] mean SINR_dB outside: -3.2359
  [dbg] L_in=332.955  L_out=34.2566  L_uniform=507.809  L_min_j=[0]  L_spread=[0]
  Iter  61/100  loss=3380.3340  (1.5s)
  [dbg] mean SINR_dB inside : 6.33575
  [dbg] mean SINR_dB outside: -3.30351
  [dbg] L_in=330.717  L_out=33.7618  L_uniform=505.446  L_min_j=[0]  L_spread=[0]
  Iter  62/100  loss=3357.7131  (1.4s)
  [dbg] mean SINR_dB inside : 6.16599
  [dbg] mean SINR_dB outside: -3.15716
  [dbg] L_in=345.015  L_out=34.4344  L_uniform=526.31  L_min_j=[0]  L_spread=[0]
  Iter  63/100  loss=3502.7815  (1.4s)
  [dbg] mean SINR_dB inside : 6.41797
  [dbg] mean SINR_dB outside: -3.50125
  [dbg] L_in=328.511  L_out=34.2319  L_uniform=504.74  L_min_j=[0]  L_spread=[0]
  Iter  64/100  loss=3335.5879  (1.5s)
  [dbg] mean SINR_dB inside : 6.34428
  [dbg] mean SINR_dB outside: -3.444
  [dbg] L_in=333.271  L_out=34.1923  L_uniform=510.921  L_min_j=[0]  L_spread=[0]
  Iter  65/100  loss=3383.7988  (1.4s)
  [dbg] mean SINR_dB inside : 6.4125
  [dbg] mean SINR_dB outside: -3.31881
  [dbg] L_in=329.724  L_out=33.9733  L_uniform=506.956  L_min_j=[0]  L_spread=[0]
  Iter  66/100  loss=3347.9358  (1.4s)
  [dbg] mean SINR_dB inside : 6.37837
  [dbg] mean SINR_dB outside: -2.99755
  [dbg] L_in=332.364  L_out=34.6417  L_uniform=510.703  L_min_j=[0]  L_spread=[0]
  Iter  67/100  loss=3374.7068  (1.4s)
  [dbg] mean SINR_dB inside : 6.54273
  [dbg] mean SINR_dB outside: -3.17033
  [dbg] L_in=321.964  L_out=34.5221  L_uniform=497.3  L_min_j=[0]  L_spread=[0]
  Iter  68/100  loss=3269.3677  (1.4s)
  [dbg] mean SINR_dB inside : 6.64539
  [dbg] mean SINR_dB outside: -3.06398
  [dbg] L_in=317.665  L_out=34.8848  L_uniform=493.318  L_min_j=[0]  L_spread=[0]
  Iter  69/100  loss=3225.9829  (1.3s)
  [dbg] mean SINR_dB inside : 6.4915
  [dbg] mean SINR_dB outside: -3.02705
  [dbg] L_in=324.654  L_out=35.0522  L_uniform=500.392  L_min_j=[0]  L_spread=[0]
  Iter  70/100  loss=3296.5830  (1.7s)
  [dbg] mean SINR_dB inside : 6.2641
  [dbg] mean SINR_dB outside: -3.27638
  [dbg] L_in=340.127  L_out=34.6653  L_uniform=521.085  L_min_j=[0]  L_spread=[0]
  Iter  71/100  loss=3453.3767  (1.8s)
  [dbg] mean SINR_dB inside : 6.46928
  [dbg] mean SINR_dB outside: -3.11472
  [dbg] L_in=327.721  L_out=35.0872  L_uniform=505.576  L_min_j=[0]  L_spread=[0]
  Iter  72/100  loss=3327.7659  (1.8s)
  [dbg] mean SINR_dB inside : 6.44418
  [dbg] mean SINR_dB outside: -3.11908
  [dbg] L_in=329.539  L_out=35.1964  L_uniform=508.054  L_min_j=[0]  L_spread=[0]
  Iter  73/100  loss=3346.1965  (1.8s)
  [dbg] mean SINR_dB inside : 6.53134
  [dbg] mean SINR_dB outside: -3.05692
  [dbg] L_in=324.569  L_out=35.401  L_uniform=502.029  L_min_j=[0]  L_spread=[0]
  Iter  74/100  loss=3295.8950  (1.7s)
  [dbg] mean SINR_dB inside : 6.51595
  [dbg] mean SINR_dB outside: -3.35408
  [dbg] L_in=326.186  L_out=34.9483  L_uniform=504.603  L_min_j=[0]  L_spread=[0]
  Iter  75/100  loss=3312.3154  (1.8s)
  [dbg] mean SINR_dB inside : 6.64547
  [dbg] mean SINR_dB outside: -3.00322
  [dbg] L_in=320.086  L_out=35.3175  L_uniform=498.196  L_min_j=[0]  L_spread=[0]
  Iter  76/100  loss=3250.6802  (1.8s)
  [dbg] mean SINR_dB inside : 6.47941
  [dbg] mean SINR_dB outside: -3.07648
  [dbg] L_in=329.411  L_out=35.2533  L_uniform=509.417  L_min_j=[0]  L_spread=[0]
  Iter  77/100  loss=3345.0469  (1.5s)
  [dbg] mean SINR_dB inside : 6.47496
  [dbg] mean SINR_dB outside: -2.94872
  [dbg] L_in=328.436  L_out=35.1581  L_uniform=507.289  L_min_j=[0]  L_spread=[0]
  Iter  78/100  loss=3335.0859  (1.4s)
  [dbg] mean SINR_dB inside : 6.41515
  [dbg] mean SINR_dB outside: -3.06805
  [dbg] L_in=332.337  L_out=35.2935  L_uniform=512.379  L_min_j=[0]  L_spread=[0]
  Iter  79/100  loss=3374.6101  (1.4s)
  [dbg] mean SINR_dB inside : 6.5054
  [dbg] mean SINR_dB outside: -3.03515
  [dbg] L_in=327.138  L_out=35.7684  L_uniform=506.048  L_min_j=[0]  L_spread=[0]
  Iter  80/100  loss=3321.9839  (1.2s)
  [dbg] mean SINR_dB inside : 6.55662
  [dbg] mean SINR_dB outside: -2.99953
  [dbg] L_in=325.866  L_out=35.1807  L_uniform=505.824  L_min_j=[0]  L_spread=[0]
  Iter  81/100  loss=3309.2412  (1.2s)
  [dbg] mean SINR_dB inside : 6.6089
  [dbg] mean SINR_dB outside: -3.06177
  [dbg] L_in=321.832  L_out=35.0883  L_uniform=500.084  L_min_j=[0]  L_spread=[0]
  Iter  82/100  loss=3268.3235  (1.2s)
  [dbg] mean SINR_dB inside : 6.54397
  [dbg] mean SINR_dB outside: -3.0045
  [dbg] L_in=326.282  L_out=35.4762  L_uniform=506.048  L_min_j=[0]  L_spread=[0]
  Iter  83/100  loss=3313.4209  (1.4s)
  [dbg] mean SINR_dB inside : 6.49701
  [dbg] mean SINR_dB outside: -2.94017
  [dbg] L_in=328.037  L_out=35.2169  L_uniform=507.458  L_min_j=[0]  L_spread=[0]
  Iter  84/100  loss=3331.1182  (1.2s)
  [dbg] mean SINR_dB inside : 6.6195
  [dbg] mean SINR_dB outside: -2.93473
  [dbg] L_in=321.059  L_out=35.612  L_uniform=499.018  L_min_j=[0]  L_spread=[0]
  Iter  85/100  loss=3260.4902  (1.2s)
  [dbg] mean SINR_dB inside : 6.60197
  [dbg] mean SINR_dB outside: -3.20386
  [dbg] L_in=323.268  L_out=35.2992  L_uniform=502.665  L_min_j=[0]  L_spread=[0]
  Iter  86/100  loss=3282.9480  (1.4s)
  [dbg] mean SINR_dB inside : 6.57481
  [dbg] mean SINR_dB outside: -3.02908
  [dbg] L_in=325.498  L_out=35.5742  L_uniform=505.876  L_min_j=[0]  L_spread=[0]
  Iter  87/100  loss=3305.5681  (1.4s)
  [dbg] mean SINR_dB inside : 6.51041
  [dbg] mean SINR_dB outside: -2.9316
  [dbg] L_in=328.048  L_out=35.4305  L_uniform=508.092  L_min_j=[0]  L_spread=[0]
  Iter  88/100  loss=3331.2859  (1.4s)
  [dbg] mean SINR_dB inside : 6.57616
  [dbg] mean SINR_dB outside: -2.84021
  [dbg] L_in=324.816  L_out=35.9712  L_uniform=504.602  L_min_j=[0]  L_spread=[0]
  Iter  89/100  loss=3298.6169  (1.2s)
  [dbg] mean SINR_dB inside : 6.65399
  [dbg] mean SINR_dB outside: -3.09144
  [dbg] L_in=320.433  L_out=35.5579  L_uniform=499.29  L_min_j=[0]  L_spread=[0]
  Iter  90/100  loss=3254.2563  (1.4s)
  [dbg] mean SINR_dB inside : 6.61545
  [dbg] mean SINR_dB outside: -2.86062
  [dbg] L_in=320.719  L_out=36.0461  L_uniform=498.159  L_min_j=[0]  L_spread=[0]
  Iter  91/100  loss=3257.0059  (1.4s)
  [dbg] mean SINR_dB inside : 6.65269
  [dbg] mean SINR_dB outside: -2.87211
  [dbg] L_in=318.476  L_out=35.5147  L_uniform=495.337  L_min_j=[0]  L_spread=[0]
  Iter  92/100  loss=3234.2908  (1.4s)
  [dbg] mean SINR_dB inside : 6.61447
  [dbg] mean SINR_dB outside: -3.11598
  [dbg] L_in=322.901  L_out=35.2541  L_uniform=502.475  L_min_j=[0]  L_spread=[0]
  Iter  93/100  loss=3279.2617  (1.4s)
  [dbg] mean SINR_dB inside : 6.64633
  [dbg] mean SINR_dB outside: -3.02296
  [dbg] L_in=321.298  L_out=35.8013  L_uniform=500.685  L_min_j=[0]  L_spread=[0]
  Iter  94/100  loss=3263.0515  (1.4s)
  [dbg] mean SINR_dB inside : 6.64308
  [dbg] mean SINR_dB outside: -3.04175
  [dbg] L_in=322.109  L_out=35.2991  L_uniform=502.159  L_min_j=[0]  L_spread=[0]
  Iter  95/100  loss=3271.3069  (1.2s)
  [dbg] mean SINR_dB inside : 6.52522
  [dbg] mean SINR_dB outside: -2.81653
  [dbg] L_in=326.911  L_out=35.7189  L_uniform=506.514  L_min_j=[0]  L_spread=[0]
  Iter  96/100  loss=3319.7600  (1.2s)
  [dbg] mean SINR_dB inside : 6.61578
  [dbg] mean SINR_dB outside: -2.99166
  [dbg] L_in=320.317  L_out=35.5103  L_uniform=497.379  L_min_j=[0]  L_spread=[0]
  Iter  97/100  loss=3252.9082  (1.4s)
  [dbg] mean SINR_dB inside : 6.67787
  [dbg] mean SINR_dB outside: -3.11484
  [dbg] L_in=318.268  L_out=35.4258  L_uniform=496.048  L_min_j=[0]  L_spread=[0]
  Iter  98/100  loss=3232.2805  (1.4s)
  [dbg] mean SINR_dB inside : 6.56582
  [dbg] mean SINR_dB outside: -3.02411
  [dbg] L_in=325.275  L_out=35.2504  L_uniform=505.06  L_min_j=[0]  L_spread=[0]
  Iter  99/100  loss=3303.2532  (1.4s)
  [dbg] mean SINR_dB inside : 6.64481
  [dbg] mean SINR_dB outside: -2.78046
  [dbg] L_in=321.039  L_out=35.2066  L_uniform=500.079  L_min_j=[0]  L_spread=[0]
  Iter 100/100  loss=3260.4019  (1.2s)

======================================================================
OPTIMIZATION COMPLETE  (155.2s)
  bs_0: Az=320.9°, El=-5.4°, pos=(-428.7, 414.0)
  bs_1: Az=135.7°, El=-6.9°, pos=(424.1, -378.5)
  bs_2: Az=49.9°, El=-5.8°, pos=(-397.2, -451.7)
  bs_3: Az=221.3°, El=-5.8°, pos=(343.9, 430.7)
======================================================================

  Warm-up: 155.2s total, 1.55s/iter
  Run 2: Joint optimization (100 iter, BS positions frozen)[0m[31m2026-05-24 22:24:06 WARN  [HDRFilm] Monochrome mode enabled, setting film output pixel format to 'luminance' (was rgb).

-700.0

======================================================================
MULTI-TX SIR OPTIMIZATION  (4 transmitters)
======================================================================
Pre-created 2217 receivers (1000 inside + 1217 outside) across 4 base stations
Tx Position: [-200.0, -600.0, 50.0]
look_at_position: [-0.0, -0.0, 1.5]
Tx Position: [200.0, -600.0, 50.0]
look_at_position: [-0.0, -0.0, 1.5]
Tx Position: [600.0, -200.0, 50.0]
look_at_position: [-0.0, -0.0, 1.5]
Tx Position: [600.0, 200.0, 50.0]
look_at_position: [-0.0, -0.0, 1.5]
Tx Position: [200.0, 600.0, 50.0]
look_at_position: [-0.0, -0.0, 1.5]
Tx Position: [-200.0, 600.0, 50.0]
look_at_position: [-0.0, -0.0, 1.5]
Tx Position: [-600.0, 200.0, 50.0]
look_at_position: [-0.0, -0.0, 1.5]
Tx Position: [-600.0, -200.0, 50.0]
look_at_position: [-0.0, -0.0, 1.5]
  [dbg] mean SINR_dB inside : -6.01705
  [dbg] mean SINR_dB outside: -17.6973
  [dbg] L_in=953.091  L_out=-120.006  L_uniform=1036.99  L_min_j=0.5  L_spread=[0]
  Iter   1/100  loss=6528.3667  (9.2s)
  [dbg] mean SINR_dB inside : -2.70294
  [dbg] mean SINR_dB outside: -12.9367
  [dbg] L_in=766.049  L_out=-83.021  L_uniform=884.013  L_min_j=0.475021  L_spread=[0]
  Iter   2/100  loss=5386.5850  (3.4s)
  [dbg] mean SINR_dB inside : -1.71306
  [dbg] mean SINR_dB outside: -12.5822
  [dbg] L_in=705.599  L_out=-81.843  L_uniform=824.896  L_min_j=0.452713  L_spread=[0]
  Iter   3/100  loss=4908.8486  (3.2s)
  [dbg] mean SINR_dB inside : -1.14544
  [dbg] mean SINR_dB outside: -12.6596
  [dbg] L_in=669.448  L_out=-83.5716  L_uniform=787.139  L_min_j=0.431882  L_spread=[0]
  Iter   4/100  loss=4598.5781  (3.2s)
  [dbg] mean SINR_dB inside : -0.921644
  [dbg] mean SINR_dB outside: -12.5761
  [dbg] L_in=656.834  L_out=-83.5464  L_uniform=775.354  L_min_j=0.412417  L_spread=[0]
  Iter   5/100  loss=4496.7441  (3.2s)
  [dbg] mean SINR_dB inside : -0.829135
  [dbg] mean SINR_dB outside: -12.8759
  [dbg] L_in=659.313  L_out=-85.8585  L_uniform=785.835  L_min_j=0.394334  L_spread=[0]
  Iter   6/100  loss=4494.5000  (3.3s)
  [dbg] mean SINR_dB inside : -0.751099
  [dbg] mean SINR_dB outside: -13.2073
  [dbg] L_in=655.376  L_out=-88.5148  L_uniform=782.608  L_min_j=0.377817  L_spread=[0]
  Iter   7/100  loss=4436.1221  (3.2s)
  [dbg] mean SINR_dB inside : -0.488834
  [dbg] mean SINR_dB outside: -12.9382
  [dbg] L_in=648.996  L_out=-87.0071  L_uniform=785.383  L_min_j=0.36274  L_spread=[0]
  Iter   8/100  loss=4400.4375  (3.2s)
  [dbg] mean SINR_dB inside : -0.190663
  [dbg] mean SINR_dB outside: -12.8875
  [dbg] L_in=625.418  L_out=-87.0032  L_uniform=755.722  L_min_j=0.349213  L_spread=[0]
  Iter   9/100  loss=4208.8882  (3.9s)
  [dbg] mean SINR_dB inside : -0.231843
  [dbg] mean SINR_dB outside: -12.7836
  [dbg] L_in=633.295  L_out=-86.5538  L_uniform=769.067  L_min_j=0.337195  L_spread=[0]
  Iter  10/100  loss=4277.7280  (3.8s)
  [dbg] mean SINR_dB inside : -0.0561439
  [dbg] mean SINR_dB outside: -12.8201
  [dbg] L_in=621.882  L_out=-87.0736  L_uniform=756.481  L_min_j=0.326724  L_spread=[0]
  Iter  11/100  loss=4179.9688  (3.4s)
  [dbg] mean SINR_dB inside : -0.0868672
  [dbg] mean SINR_dB outside: -12.7269
  [dbg] L_in=629.966  L_out=-86.6406  L_uniform=770.861  L_min_j=0.317885  L_spread=[0]
  Iter  12/100  loss=4250.4111  (3.5s)
  [dbg] mean SINR_dB inside : 0.17219
  [dbg] mean SINR_dB outside: -12.9922
  [dbg] L_in=616.946  L_out=-88.8312  L_uniform=759.823  L_min_j=0.310613  L_spread=[0]
  Iter  13/100  loss=4123.2368  (3.4s)
  [dbg] mean SINR_dB inside : 0.167544
  [dbg] mean SINR_dB outside: -12.8574
  [dbg] L_in=618.417  L_out=-88.1907  L_uniform=762.497  L_min_j=0.304683  L_spread=[0]
  Iter  14/100  loss=4141.6797  (3.5s)
  [dbg] mean SINR_dB inside : 0.182014
  [dbg] mean SINR_dB outside: -13.0779
  [dbg] L_in=615.476  L_out=-89.9897  L_uniform=757.448  L_min_j=0.299838  L_spread=[0]
  Iter  15/100  loss=4099.6538  (3.6s)
  [dbg] mean SINR_dB inside : 0.285224
  [dbg] mean SINR_dB outside: -12.9686
  [dbg] L_in=609.229  L_out=-89.3459  L_uniform=750.89  L_min_j=0.295906  L_spread=[0]
  Iter  16/100  loss=4055.4587  (3.5s)
  [dbg] mean SINR_dB inside : 0.313216
  [dbg] mean SINR_dB outside: -12.9857
  [dbg] L_in=609.755  L_out=-89.527  L_uniform=753.548  L_min_j=0.292821  L_spread=[0]
  Iter  17/100  loss=4058.1221  (3.4s)
  [dbg] mean SINR_dB inside : 0.43171
  [dbg] mean SINR_dB outside: -12.674
  [dbg] L_in=602.492  L_out=-87.3227  L_uniform=745.804  L_min_j=0.290449  L_spread=[0]
  Iter  18/100  loss=4021.2854  (3.6s)
  [dbg] mean SINR_dB inside : 0.55365
  [dbg] mean SINR_dB outside: -12.7812
  [dbg] L_in=593.625  L_out=-88.0294  L_uniform=735.021  L_min_j=0.288712  L_spread=[0]
  Iter  19/100  loss=3942.2048  (3.5s)
  [dbg] mean SINR_dB inside : 0.762402
  [dbg] mean SINR_dB outside: -12.8603
  [dbg] L_in=583.241  L_out=-88.5014  L_uniform=726.085  L_min_j=0.287545  L_spread=[0]
  Iter  20/100  loss=3853.5251  (4.0s)
  [dbg] mean SINR_dB inside : 0.736636
  [dbg] mean SINR_dB outside: -12.7023
  [dbg] L_in=584.767  L_out=-87.2354  L_uniform=727.679  L_min_j=0.286879  L_spread=[0]
  Iter  21/100  loss=3878.5503  (3.5s)
  [dbg] mean SINR_dB inside : 0.89086
  [dbg] mean SINR_dB outside: -12.5827
  [dbg] L_in=576.514  L_out=-86.2635  L_uniform=719.865  L_min_j=0.286637  L_spread=[0]
  Iter  22/100  loss=3821.4609  (3.5s)
  [dbg] mean SINR_dB inside : 0.759836
  [dbg] mean SINR_dB outside: -12.3083
  [dbg] L_in=589.248  L_out=-84.1668  L_uniform=737.948  L_min_j=0.286802  L_spread=[0]
  Iter  23/100  loss=3946.1069  (3.5s)
  [dbg] mean SINR_dB inside : 0.939826
  [dbg] mean SINR_dB outside: -12.3283
  [dbg] L_in=577.482  L_out=-84.1104  L_uniform=724.547  L_min_j=0.287348  L_spread=[0]
  Iter  24/100  loss=3851.2026  (3.2s)
  [dbg] mean SINR_dB inside : 1.02727
  [dbg] mean SINR_dB outside: -12.1497
  [dbg] L_in=575.814  L_out=-82.5892  L_uniform=726.109  L_min_j=0.288258  L_spread=[0]
  Iter  25/100  loss=3853.2290  (3.2s)
  [dbg] mean SINR_dB inside : 1.23603
  [dbg] mean SINR_dB outside: -12.0459
  [dbg] L_in=559.532  L_out=-81.7462  L_uniform=705.181  L_min_j=0.289553  L_spread=[0]
  Iter  26/100  loss=3729.3123  (3.5s)
  [dbg] mean SINR_dB inside : 1.18296
  [dbg] mean SINR_dB outside: -11.9131
  [dbg] L_in=566.327  L_out=-80.6257  L_uniform=715.82  L_min_j=0.291129  L_spread=[0]
  Iter  27/100  loss=3795.9370  (3.4s)
  [dbg] mean SINR_dB inside : 1.38135
  [dbg] mean SINR_dB outside: -11.9544
  [dbg] L_in=556.729  L_out=-80.8103  L_uniform=707.622  L_min_j=0.292939  L_spread=[0]
  Iter  28/100  loss=3716.4946  (3.2s)
  [dbg] mean SINR_dB inside : 1.3214
  [dbg] mean SINR_dB outside: -11.811
  [dbg] L_in=559.838  L_out=-79.6706  L_uniform=710.524  L_min_j=0.29504  L_spread=[0]
  Iter  29/100  loss=3753.0535  (3.3s)
  [dbg] mean SINR_dB inside : 1.5101
  [dbg] mean SINR_dB outside: -11.7087
  [dbg] L_in=547.362  L_out=-78.9461  L_uniform=695.981  L_min_j=0.297275  L_spread=[0]
  Iter  30/100  loss=3659.0298  (3.2s)
  [dbg] mean SINR_dB inside : 1.40429
  [dbg] mean SINR_dB outside: -11.7191
  [dbg] L_in=555.406  L_out=-79.0575  L_uniform=706.241  L_min_j=0.299674  L_spread=[0]
  Iter  31/100  loss=3723.2988  (3.2s)
  [dbg] mean SINR_dB inside : 1.59891
  [dbg] mean SINR_dB outside: -11.6608
  [dbg] L_in=543.973  L_out=-78.5876  L_uniform=694.077  L_min_j=0.302192  L_spread=[0]
  Iter  32/100  loss=3635.3188  (3.2s)
  [dbg] mean SINR_dB inside : 1.61124
  [dbg] mean SINR_dB outside: -11.4216
  [dbg] L_in=543.573  L_out=-76.8845  L_uniform=693.954  L_min_j=0.304792  L_spread=[0]
  Iter  33/100  loss=3649.1338  (3.2s)
  [dbg] mean SINR_dB inside : 1.78754
  [dbg] mean SINR_dB outside: -11.4111
  [dbg] L_in=532.422  L_out=-76.8794  L_uniform=681.277  L_min_j=0.30733  L_spread=[0]
  Iter  34/100  loss=3558.7092  (3.2s)
  [dbg] mean SINR_dB inside : 1.61222
  [dbg] mean SINR_dB outside: -11.4608
  [dbg] L_in=547.184  L_out=-77.1889  L_uniform=701.23  L_min_j=0.309815  L_spread=[0]
  Iter  35/100  loss=3675.7075  (3.2s)
  [dbg] mean SINR_dB inside : 1.66564
  [dbg] mean SINR_dB outside: -11.4689
  [dbg] L_in=544.901  L_out=-77.4093  L_uniform=699.585  L_min_j=0.312283  L_spread=[0]
  Iter  36/100  loss=3655.0708  (3.2s)
  [dbg] mean SINR_dB inside : 2.00392
  [dbg] mean SINR_dB outside: -11.4146
  [dbg] L_in=524.475  L_out=-76.8097  L_uniform=677.111  L_min_j=0.314678  L_spread=[0]
  Iter  37/100  loss=3495.4116  (3.1s)
  [dbg] mean SINR_dB inside : 1.87551
  [dbg] mean SINR_dB outside: -11.4553
  [dbg] L_in=533.817  L_out=-77.2306  L_uniform=688.848  L_min_j=0.317117  L_spread=[0]
  Iter  38/100  loss=3567.1123  (3.3s)
  [dbg] mean SINR_dB inside : 1.99271
  [dbg] mean SINR_dB outside: -11.2648
  [dbg] L_in=525.628  L_out=-75.8157  L_uniform=678.813  L_min_j=0.319528  L_spread=[0]
  Iter  39/100  loss=3514.7456  (3.2s)
  [dbg] mean SINR_dB inside : 2.09952
  [dbg] mean SINR_dB outside: -11.2609
  [dbg] L_in=520.024  L_out=-75.7408  L_uniform=673.364  L_min_j=0.321951  L_spread=[0]
  Iter  40/100  loss=3470.1233  (3.2s)
  [dbg] mean SINR_dB inside : 2.16475
  [dbg] mean SINR_dB outside: -11.2185
  [dbg] L_in=518.603  L_out=-75.3617  L_uniform=674.027  L_min_j=0.324343  L_spread=[0]
  Iter  41/100  loss=3462.6079  (3.2s)
  [dbg] mean SINR_dB inside : 2.23495
  [dbg] mean SINR_dB outside: -11.297
  [dbg] L_in=512.153  L_out=-75.8878  L_uniform=664.888  L_min_j=0.326711  L_spread=[0]
  Iter  42/100  loss=3404.8359  (3.0s)
  [dbg] mean SINR_dB inside : 2.24266
  [dbg] mean SINR_dB outside: -11.2014
  [dbg] L_in=514.54  L_out=-75.1337  L_uniform=670.075  L_min_j=0.329037  L_spread=[0]
  Iter  43/100  loss=3431.9868  (3.5s)
  [dbg] mean SINR_dB inside : 2.44018
  [dbg] mean SINR_dB outside: -10.9693
  [dbg] L_in=501.734  L_out=-73.3753  L_uniform=654.995  L_min_j=0.331329  L_spread=[0]
  Iter  44/100  loss=3345.6226  (4.0s)
  [dbg] mean SINR_dB inside : 2.46281
  [dbg] mean SINR_dB outside: -10.9577
  [dbg] L_in=502.517  L_out=-73.2651  L_uniform=657.76  L_min_j=0.333643  L_spread=[0]
  Iter  45/100  loss=3353.2620  (3.9s)
  [dbg] mean SINR_dB inside : 2.45359
  [dbg] mean SINR_dB outside: -10.9082
  [dbg] L_in=503.378  L_out=-72.9162  L_uniform=658.994  L_min_j=0.335959  L_spread=[0]
  Iter  46/100  loss=3363.7605  (3.5s)
  [dbg] mean SINR_dB inside : 2.35408
  [dbg] mean SINR_dB outside: -10.877
  [dbg] L_in=510.893  L_out=-72.4454  L_uniform=668.731  L_min_j=0.338256  L_spread=[0]
  Iter  47/100  loss=3429.5605  (3.3s)
  [dbg] mean SINR_dB inside : 2.43814
  [dbg] mean SINR_dB outside: -10.8929
  [dbg] L_in=506.296  L_out=-72.5833  L_uniform=664.014  L_min_j=0.340553  L_spread=[0]
  Iter  48/100  loss=3390.9375  (3.3s)
  [dbg] mean SINR_dB inside : 2.43346
  [dbg] mean SINR_dB outside: -10.913
  [dbg] L_in=507.02  L_out=-72.611  L_uniform=665.212  L_min_j=0.342838  L_spread=[0]
  Iter  49/100  loss=3396.5708  (3.2s)
  [dbg] mean SINR_dB inside : 2.77079
  [dbg] mean SINR_dB outside: -10.8674
  [dbg] L_in=486.499  L_out=-72.3213  L_uniform=641.981  L_min_j=0.345056  L_spread=[0]
  Iter  50/100  loss=3232.9800  (3.0s)
  [dbg] mean SINR_dB inside : 2.81096
  [dbg] mean SINR_dB outside: -10.7336
  [dbg] L_in=484.58  L_out=-71.3313  L_uniform=640.249  L_min_j=0.347223  L_spread=[0]
  Iter  51/100  loss=3227.3557  (3.2s)
  [dbg] mean SINR_dB inside : 2.9297
  [dbg] mean SINR_dB outside: -10.7167
  [dbg] L_in=478.302  L_out=-71.1426  L_uniform=633.904  L_min_j=0.349352  L_spread=[0]
  Iter  52/100  loss=3178.3821  (3.2s)
  [dbg] mean SINR_dB inside : 2.62701
  [dbg] mean SINR_dB outside: -10.7821
  [dbg] L_in=497.592  L_out=-71.7162  L_uniform=656.606  L_min_j=0.351428  L_spread=[0]
  Iter  53/100  loss=3329.2378  (3.3s)
  [dbg] mean SINR_dB inside : 2.87301
  [dbg] mean SINR_dB outside: -10.7319
  [dbg] L_in=480.667  L_out=-71.2978  L_uniform=635.674  L_min_j=0.353444  L_spread=[0]
  Iter  54/100  loss=3195.9275  (3.2s)
  [dbg] mean SINR_dB inside : 2.90544
  [dbg] mean SINR_dB outside: -10.5825
  [dbg] L_in=479.764  L_out=-70.1684  L_uniform=635.567  L_min_j=0.35538  L_spread=[0]
  Iter  55/100  loss=3199.9873  (3.2s)
  [dbg] mean SINR_dB inside : 2.87044
  [dbg] mean SINR_dB outside: -10.6049
  [dbg] L_in=482.776  L_out=-70.2968  L_uniform=639.759  L_min_j=0.357251  L_spread=[0]
  Iter  56/100  loss=3223.2195  (3.3s)
  [dbg] mean SINR_dB inside : 2.82179
  [dbg] mean SINR_dB outside: -10.6098
  [dbg] L_in=486.374  L_out=-70.304  L_uniform=644.412  L_min_j=0.359059  L_spread=[0]
  Iter  57/100  loss=3252.3916  (3.2s)
  [dbg] mean SINR_dB inside : 2.92704
  [dbg] mean SINR_dB outside: -10.4827
  [dbg] L_in=478.979  L_out=-69.3265  L_uniform=635.122  L_min_j=0.360798  L_spread=[0]
  Iter  58/100  loss=3202.0789  (3.3s)
  [dbg] mean SINR_dB inside : 2.89261
  [dbg] mean SINR_dB outside: -10.765
  [dbg] L_in=482.35  L_out=-71.3314  L_uniform=640.069  L_min_j=0.362463  L_spread=[0]
  Iter  59/100  loss=3209.4919  (3.2s)
  [dbg] mean SINR_dB inside : 2.95212
  [dbg] mean SINR_dB outside: -10.7437
  [dbg] L_in=479.625  L_out=-71.136  L_uniform=637.724  L_min_j=0.364071  L_spread=[0]
  Iter  60/100  loss=3189.4163  (3.3s)
  [dbg] mean SINR_dB inside : 2.85281
  [dbg] mean SINR_dB outside: -10.602
  [dbg] L_in=485.588  L_out=-70.1206  L_uniform=644.467  L_min_j=0.365605  L_spread=[0]
  Iter  61/100  loss=3247.9438  (3.2s)
  [dbg] mean SINR_dB inside : 2.9748
  [dbg] mean SINR_dB outside: -10.6297
  [dbg] L_in=480.279  L_out=-70.2013  L_uniform=640.215  L_min_j=0.367037  L_spread=[0]
  Iter  62/100  loss=3204.2371  (3.3s)
  [dbg] mean SINR_dB inside : 3.08114
  [dbg] mean SINR_dB outside: -10.5379
  [dbg] L_in=472.473  L_out=-69.5127  L_uniform=630.127  L_min_j=0.368403  L_spread=[0]
  Iter  63/100  loss=3147.6680  (3.2s)
  [dbg] mean SINR_dB inside : 3.08971
  [dbg] mean SINR_dB outside: -10.4415
  [dbg] L_in=473.792  L_out=-68.9601  L_uniform=633.209  L_min_j=0.369729  L_spread=[0]
  Iter  64/100  loss=3164.0574  (3.2s)
  [dbg] mean SINR_dB inside : 3.08603
  [dbg] mean SINR_dB outside: -10.4214
  [dbg] L_in=472.305  L_out=-68.6859  L_uniform=630.047  L_min_j=0.371001  L_spread=[0]
  Iter  65/100  loss=3154.5884  (3.2s)
  [dbg] mean SINR_dB inside : 3.19965
  [dbg] mean SINR_dB outside: -10.4758
  [dbg] L_in=465.495  L_out=-69.041  L_uniform=622.305  L_min_j=0.372218  L_spread=[0]
  Iter  66/100  loss=3095.7803  (3.7s)
  [dbg] mean SINR_dB inside : 3.21195
  [dbg] mean SINR_dB outside: -10.4976
  [dbg] L_in=465.098  L_out=-69.1924  L_uniform=622.148  L_min_j=0.373354  L_spread=[0]
  Iter  67/100  loss=3091.0742  (3.7s)
  [dbg] mean SINR_dB inside : 3.23511
  [dbg] mean SINR_dB outside: -10.379
  [dbg] L_in=463.755  L_out=-68.267  L_uniform=620.655  L_min_j=0.374448  L_spread=[0]
  Iter  68/100  loss=3089.4390  (3.1s)
  [dbg] mean SINR_dB inside : 3.3294
  [dbg] mean SINR_dB outside: -10.4911
  [dbg] L_in=460.322  L_out=-69.0578  L_uniform=618.638  L_min_j=0.375487  L_spread=[0]
  Iter  69/100  loss=3053.8628  (3.2s)
  [dbg] mean SINR_dB inside : 3.1885
  [dbg] mean SINR_dB outside: -10.4911
  [dbg] L_in=469.237  L_out=-69.0822  L_uniform=629.215  L_min_j=0.376471  L_spread=[0]
  Iter  70/100  loss=3125.9954  (3.2s)
  [dbg] mean SINR_dB inside : 3.27026
  [dbg] mean SINR_dB outside: -10.5037
  [dbg] L_in=462.989  L_out=-69.0551  L_uniform=620.933  L_min_j=0.377413  L_spread=[0]
  Iter  71/100  loss=3075.4536  (3.0s)
  [dbg] mean SINR_dB inside : 3.31107
  [dbg] mean SINR_dB outside: -10.1629
  [dbg] L_in=459.738  L_out=-66.5681  L_uniform=616.527  L_min_j=0.378289  L_spread=[0]
  Iter  72/100  loss=3073.8787  (3.7s)
  [dbg] mean SINR_dB inside : 3.19576
  [dbg] mean SINR_dB outside: -10.3938
  [dbg] L_in=469.716  L_out=-68.2121  L_uniform=630.547  L_min_j=0.379122  L_spread=[0]
  Iter  73/100  loss=3138.6641  (4.2s)
  [dbg] mean SINR_dB inside : 3.41444
  [dbg] mean SINR_dB outside: -10.1563
  [dbg] L_in=454.096  L_out=-66.3932  L_uniform=610.548  L_min_j=0.379892  L_spread=[0]
  Iter  74/100  loss=3029.8914  (3.2s)
  [dbg] mean SINR_dB inside : 3.37236
  [dbg] mean SINR_dB outside: -10.0543
  [dbg] L_in=459.118  L_out=-65.8296  L_uniform=618.438  L_min_j=0.380622  L_spread=[0]
  Iter  75/100  loss=3076.4897  (3.2s)
  [dbg] mean SINR_dB inside : 3.294
  [dbg] mean SINR_dB outside: -10.0117
  [dbg] L_in=464.464  L_out=-65.5043  L_uniform=625.105  L_min_j=0.381299  L_spread=[0]
  Iter  76/100  loss=3123.1804  (3.2s)
  [dbg] mean SINR_dB inside : 3.34462
  [dbg] mean SINR_dB outside: -10.0946
  [dbg] L_in=459.166  L_out=-66.1844  L_uniform=617.112  L_min_j=0.381924  L_spread=[0]
  Iter  77/100  loss=3073.1982  (4.2s)
  [dbg] mean SINR_dB inside : 3.4818
  [dbg] mean SINR_dB outside: -10.1227
  [dbg] L_in=452.088  L_out=-66.0883  L_uniform=609.969  L_min_j=0.382494  L_spread=[0]
  Iter  78/100  loss=3016.8218  (3.3s)
  [dbg] mean SINR_dB inside : 3.39894
  [dbg] mean SINR_dB outside: -10.2134
  [dbg] L_in=455.698  L_out=-66.9357  L_uniform=612.956  L_min_j=0.383023  L_spread=[0]
  Iter  79/100  loss=3037.5200  (3.2s)
  [dbg] mean SINR_dB inside : 3.3447
  [dbg] mean SINR_dB outside: -10.2198
  [dbg] L_in=461.008  L_out=-66.9893  L_uniform=620.8  L_min_j=0.383506  L_spread=[0]
  Iter  80/100  loss=3080.2510  (3.2s)
  [dbg] mean SINR_dB inside : 3.40318
  [dbg] mean SINR_dB outside: -10.1908
  [dbg] L_in=457.223  L_out=-66.5434  L_uniform=616.232  L_min_j=0.383943  L_spread=[0]
  Iter  81/100  loss=3053.9695  (3.2s)
  [dbg] mean SINR_dB inside : 3.35955
  [dbg] mean SINR_dB outside: -10.1564
  [dbg] L_in=461.391  L_out=-66.3695  L_uniform=622.33  L_min_j=0.384346  L_spread=[0]
  Iter  82/100  loss=3089.6677  (3.2s)
  [dbg] mean SINR_dB inside : 3.44105
  [dbg] mean SINR_dB outside: -10.1946
  [dbg] L_in=454.643  L_out=-66.8098  L_uniform=613.005  L_min_j=0.384714  L_spread=[0]
  Iter  83/100  loss=3030.3450  (3.3s)
  [dbg] mean SINR_dB inside : 3.45967
  [dbg] mean SINR_dB outside: -10.1123
  [dbg] L_in=455.032  L_out=-66.0073  L_uniform=614.733  L_min_j=0.385049  L_spread=[0]
  Iter  84/100  loss=3041.6550  (3.1s)
  [dbg] mean SINR_dB inside : 3.43
  [dbg] mean SINR_dB outside: -10.2462
  [dbg] L_in=457.035  L_out=-67.0615  L_uniform=617.224  L_min_j=0.385348  L_spread=[0]
  Iter  85/100  loss=3047.3833  (3.2s)
  [dbg] mean SINR_dB inside : 3.18473
  [dbg] mean SINR_dB outside: -10.2717
  [dbg] L_in=470.338  L_out=-67.2469  L_uniform=631.228  L_min_j=0.385614  L_spread=[0]
  Iter  86/100  loss=3153.3542  (3.2s)
  [dbg] mean SINR_dB inside : 3.5482
  [dbg] mean SINR_dB outside: -10.263
  [dbg] L_in=449.274  L_out=-67.1707  L_uniform=607.734  L_min_j=0.385847  L_spread=[0]
  Iter  87/100  loss=2983.2593  (3.2s)
  [dbg] mean SINR_dB inside : 3.41148
  [dbg] mean SINR_dB outside: -10.2482
  [dbg] L_in=456.763  L_out=-66.8997  L_uniform=615.734  L_min_j=0.386052  L_spread=[0]
  Iter  88/100  loss=3046.6843  (3.1s)
  [dbg] mean SINR_dB inside : 3.4463
  [dbg] mean SINR_dB outside: -10.2168
  [dbg] L_in=455.929  L_out=-66.788  L_uniform=615.847  L_min_j=0.38623  L_spread=[0]
  Iter  89/100  loss=3041.1353  (3.2s)
  [dbg] mean SINR_dB inside : 3.51089
  [dbg] mean SINR_dB outside: -10.2233
  [dbg] L_in=450.759  L_out=-66.899  L_uniform=608.803  L_min_j=0.386383  L_spread=[0]
  Iter  90/100  loss=2997.9585  (3.2s)
  [dbg] mean SINR_dB inside : 3.48609
  [dbg] mean SINR_dB outside: -10.3117
  [dbg] L_in=451.762  L_out=-67.5943  L_uniform=609.544  L_min_j=0.386511  L_spread=[0]
  Iter  91/100  loss=2999.1052  (3.2s)
  [dbg] mean SINR_dB inside : 3.44723
  [dbg] mean SINR_dB outside: -10.2486
  [dbg] L_in=454.955  L_out=-67.161  L_uniform=613.945  L_min_j=0.386618  L_spread=[0]
  Iter  92/100  loss=3029.4277  (3.2s)
  [dbg] mean SINR_dB inside : 3.42737
  [dbg] mean SINR_dB outside: -10.2441
  [dbg] L_in=455.684  L_out=-66.9879  L_uniform=614.388  L_min_j=0.386705  L_spread=[0]
  Iter  93/100  loss=3037.0310  (3.2s)
  [dbg] mean SINR_dB inside : 3.34517
  [dbg] mean SINR_dB outside: -10.2943
  [dbg] L_in=461.064  L_out=-67.3806  L_uniform=620.941  L_min_j=0.386773  L_spread=[0]
  Iter  94/100  loss=3076.7996  (3.0s)
  [dbg] mean SINR_dB inside : 3.40638
  [dbg] mean SINR_dB outside: -10.1792
  [dbg] L_in=457.219  L_out=-66.3672  L_uniform=616.388  L_min_j=0.386826  L_spread=[0]
  Iter  95/100  loss=3055.7227  (3.0s)
  [dbg] mean SINR_dB inside : 3.38258
  [dbg] mean SINR_dB outside: -10.119
  [dbg] L_in=458.776  L_out=-66.2753  L_uniform=618.278  L_min_j=0.386864  L_spread=[0]
  Iter  96/100  loss=3069.2849  (3.2s)
  [dbg] mean SINR_dB inside : 3.51013
  [dbg] mean SINR_dB outside: -10.0208
  [dbg] L_in=451.601  L_out=-65.4136  L_uniform=610.448  L_min_j=0.386891  L_spread=[0]
  Iter  97/100  loss=3019.7190  (3.2s)
  [dbg] mean SINR_dB inside : 3.46691
  [dbg] mean SINR_dB outside: -10.1718
  [dbg] L_in=452.265  L_out=-66.4402  L_uniform=609.574  L_min_j=0.386909  L_spread=[0]
  Iter  98/100  loss=3014.6782  (3.0s)
  [dbg] mean SINR_dB inside : 3.39627
  [dbg] mean SINR_dB outside: -10.1088
  [dbg] L_in=458.772  L_out=-65.9853  L_uniform=618.975  L_min_j=0.386919  L_spread=[0]
  Iter  99/100  loss=3072.2219  (3.3s)
  [dbg] mean SINR_dB inside : 3.32707
  [dbg] mean SINR_dB outside: -10.1538
  [dbg] L_in=463.243  L_out=-66.3013  L_uniform=624.366  L_min_j=0.386923  L_spread=[0]
  Iter 100/100  loss=3105.3660  (3.0s)

======================================================================
OPTIMIZATION COMPLETE  (339.6s)
  bs_0: Az=319.7°, El=-7.2°, pos=(-385.7, 363.8)
  bs_1: Az=136.0°, El=-7.9°, pos=(383.2, -330.2)
  bs_2: Az=48.3°, El=-7.2°, pos=(-363.8, -391.1)
  bs_3: Az=218.5°, El=-6.6°, pos=(368.9, 382.6)
  jam_1 [OFF gate=0.191]: Az=70.0°, El=-90.0°, pos=(-156.5, -663.4, 5.0), pwr=18.6 dBm
  jam_2 [ON  gate=0.805]: Az=109.0°, El=-90.0°, pos=(152.2, -594.4, 20.4), pwr=21.8 dBm
  jam_3 [OFF gate=0.169]: Az=161.2°, El=-90.0°, pos=(646.4, -268.5, 12.2), pwr=18.5 dBm
  jam_4 [OFF gate=0.110]: Az=196.9°, El=-90.0°, pos=(662.2, 240.9, 5.0), pwr=18.1 dBm
  jam_5 [ON  gate=0.810]: Az=250.2°, El=-90.0°, pos=(264.1, 572.2, 29.7), pwr=21.8 dBm
  jam_6 [OFF gate=0.161]: Az=286.9°, El=-90.0°, pos=(-279.0, 631.9, 18.7), pwr=18.4 dBm
  jam_7 [ON  gate=0.548]: Az=338.8°, El=-90.0°, pos=(-558.9, 145.7, 17.5), pwr=20.0 dBm
  jam_8 [OFF gate=0.301]: Az=22.2°, El=-90.0°, pos=(-608.0, -185.2, 16.2), pwr=19.1 dBm
======================================================================

  Joint:   339.6s total, 3.40s/iter
  Evaluating...

======================================================================
BS PARAMETERS  —  BEFORE / AFTER
======================================================================
  Name           Param         Initial   Optimised       Delta
  ----------------------------------------------------------------
  bs_0           Azimuth      +320.91°    +319.73°      -1.18°
                 Elevation      -5.37°      -7.16°      -1.79°
                 X (m)          -428.7      -385.7       +43.0
                 Y (m)          +414.0      +363.8       -50.3
                 Power dBm      +35.00      +40.00       +5.00
  ----------------------------------------------------------------
  bs_1           Azimuth      +135.73°    +136.01°      +0.28°
                 Elevation      -6.86°      -7.94°      -1.08°
                 X (m)          +424.1      +383.2       -40.9
                 Y (m)          -378.5      -330.2       +48.3
                 Power dBm      +35.00      +40.00       +5.00
  ----------------------------------------------------------------
  bs_2           Azimuth       +49.93°     +48.30°      -1.63°
                 Elevation      -5.85°      -7.18°      -1.34°
                 X (m)          -397.2      -363.8       +33.4
                 Y (m)          -451.7      -391.1       +60.6
                 Power dBm      +35.00      +39.99       +4.99
  ----------------------------------------------------------------
  bs_3           Azimuth      +221.32°    +218.46°      -2.86°
                 Elevation      -5.84°      -6.60°      -0.77°
                 X (m)          +343.9      +368.9       +25.0
                 Y (m)          +430.7      +382.6       -48.1
                 Power dBm      +35.00      +39.93       +4.93
  ----------------------------------------------------------------
======================================================================

Computing RadioMap for optimized BS configuration...
Computing RadioMap for 3/8 active jammers...
[verify] jam_interference_map: mean=3.965e-11 W  | mean SINR shift (BS-only − BS+Jam) = +0.605 dB

======================================================================
BS-ONLY SINR CONTAINMENT  (gamma = +0.0 dB)
======================================================================
  bs_0:
    rho_leak  (outside >= gamma):  47.4%
    rho_hole  (inside  <  gamma):  23.7%
    SINR inside  mean / p10: +7.4 / -14.0 dB
    SINR outside mean / p10: -6.3 / -26.3 dB

  bs_1:
    rho_leak  (outside >= gamma):  47.4%
    rho_hole  (inside  <  gamma):  23.7%
    SINR inside  mean / p10: +7.4 / -14.0 dB
    SINR outside mean / p10: -6.3 / -26.3 dB

  bs_2:
    rho_leak  (outside >= gamma):  47.4%
    rho_hole  (inside  <  gamma):  23.7%
    SINR inside  mean / p10: +7.4 / -14.0 dB
    SINR outside mean / p10: -6.3 / -26.3 dB

  bs_3:
    rho_leak  (outside >= gamma):  47.4%
    rho_hole  (inside  <  gamma):  23.7%
    SINR inside  mean / p10: +7.4 / -14.0 dB
    SINR outside mean / p10: -6.3 / -26.3 dB

======================================================================
BS+JAMMER SINR CONTAINMENT  (gamma = +0.0 dB)
======================================================================
  bs_0:
    rho_leak  (outside >= gamma):  43.7%
    rho_hole  (inside  <  gamma):  23.8%
    SINR inside  mean / p10: +7.3 / -14.1 dB
    SINR outside mean / p10: -7.4 / -27.6 dB

  bs_1:
    rho_leak  (outside >= gamma):  43.7%
    rho_hole  (inside  <  gamma):  23.8%
    SINR inside  mean / p10: +7.3 / -14.1 dB
    SINR outside mean / p10: -7.4 / -27.6 dB

  bs_2:
    rho_leak  (outside >= gamma):  43.7%
    rho_hole  (inside  <  gamma):  23.8%
    SINR inside  mean / p10: +7.3 / -14.1 dB
    SINR outside mean / p10: -7.4 / -27.6 dB

  bs_3:
    rho_leak  (outside >= gamma):  43.7%
    rho_hole  (inside  <  gamma):  23.8%
    SINR inside  mean / p10: +7.3 / -14.1 dB
    SINR outside mean / p10: -7.4 / -27.6 dB

======================================================================

  Saved → ../results/duke/square_large_n1000

[  5/16] START circle_large_n300
Creating polygon
  Zone cells: 1467218
seed_bs_positions: cluster 3 has no candidate >= 250.0 m from existing BSs; relaxing separation constraint for this station.
  bs_0: (371.6, -138.3, 50.0)
  bs_1: (-385.9, -91.4, 50.0)
  bs_2: (16.5, 396.2, 50.0)
  bs_3: (-214.4, -333.8, 50.0)
  Jammers: 8 evenly placed at 200 m standoff
  Run 1: BS warm-up (100 iter, inside coverage only)
-700.0

======================================================================
MULTI-TX SIR OPTIMIZATION  (4 transmitters)
======================================================================
Tx Position: [371.63970947265625, -138.33380126953125, 50.0]
look_at_position: [0.0, 0.0, 1.5]
Tx Position: [-385.865234375, -91.43533325195312, 50.0]
look_at_position: [0.0, 0.0, 1.5]
Tx Position: [16.497787475585938, 396.18603515625, 50.0]
look_at_position: [0.0, 0.0, 1.5]
Tx Position: [-214.40602111816406, -333.7804870605469, 50.0]
look_at_position: [0.0, 0.0, 1.5]
  [dbg] mean SINR_dB inside : 4.51838
  [dbg] mean SINR_dB outside: -12.2853
  [dbg] L_in=365.859  L_out=1.20882  L_uniform=489.325  L_min_j=[0]  L_spread=[0]
  Iter   1/100  loss=3707.5210  (6.2s)
  [dbg] mean SINR_dB inside : 4.53888
  [dbg] mean SINR_dB outside: -12.8514
  [dbg] L_in=370.787  L_out=1.13577  L_uniform=500.178  L_min_j=[0]  L_spread=[0]
  Iter   2/100  loss=3757.8853  (1.0s)
  [dbg] mean SINR_dB inside : 4.84659
  [dbg] mean SINR_dB outside: -13.4508
  [dbg] L_in=362.91  L_out=1.32126  L_uniform=499.434  L_min_j=[0]  L_spread=[0]
  Iter   3/100  loss=3679.0469  (1.0s)
  [dbg] mean SINR_dB inside : 5.00307
  [dbg] mean SINR_dB outside: -13.9331
  [dbg] L_in=366.593  L_out=1.72549  L_uniform=514.367  L_min_j=[0]  L_spread=[0]
  Iter   4/100  loss=3717.3633  (1.0s)
  [dbg] mean SINR_dB inside : 5.2908
  [dbg] mean SINR_dB outside: -13.5534
  [dbg] L_in=357.234  L_out=2.14935  L_uniform=509.336  L_min_j=[0]  L_spread=[0]
  Iter   5/100  loss=3623.2700  (1.0s)
  [dbg] mean SINR_dB inside : 5.28251
  [dbg] mean SINR_dB outside: -13.7206
  [dbg] L_in=354.398  L_out=2.5546  L_uniform=503.28  L_min_j=[0]  L_spread=[0]
  Iter   6/100  loss=3594.3108  (0.9s)
  [dbg] mean SINR_dB inside : 5.80825
  [dbg] mean SINR_dB outside: -13.5982
  [dbg] L_in=326.939  L_out=3.21273  L_uniform=473.025  L_min_j=[0]  L_spread=[0]
  Iter   7/100  loss=3316.6887  (1.0s)
  [dbg] mean SINR_dB inside : 5.8072
  [dbg] mean SINR_dB outside: -13.043
  [dbg] L_in=333.935  L_out=3.9335  L_uniform=487.044  L_min_j=[0]  L_spread=[0]
  Iter   8/100  loss=3388.0500  (0.9s)
  [dbg] mean SINR_dB inside : 6.16682
  [dbg] mean SINR_dB outside: -13.0172
  [dbg] L_in=308.809  L_out=4.67457  L_uniform=453.277  L_min_j=[0]  L_spread=[0]
  Iter   9/100  loss=3133.4163  (1.0s)
  [dbg] mean SINR_dB inside : 6.46234
  [dbg] mean SINR_dB outside: -12.4381
  [dbg] L_in=292.956  L_out=5.2663  L_uniform=434.998  L_min_j=[0]  L_spread=[0]
  Iter  10/100  loss=2973.0588  (1.0s)
  [dbg] mean SINR_dB inside : 5.76419
  [dbg] mean SINR_dB outside: -12.5248
  [dbg] L_in=336.472  L_out=5.89744  L_uniform=490.064  L_min_j=[0]  L_spread=[0]
  Iter  11/100  loss=3413.7219  (1.0s)
  [dbg] mean SINR_dB inside : 6.13761
  [dbg] mean SINR_dB outside: -11.612
  [dbg] L_in=310.393  L_out=6.1892  L_uniform=455.138  L_min_j=[0]  L_spread=[0]
  Iter  12/100  loss=3149.4448  (1.0s)
  [dbg] mean SINR_dB inside : 5.90381
  [dbg] mean SINR_dB outside: -11.3155
  [dbg] L_in=324.019  L_out=6.93386  L_uniform=471.658  L_min_j=[0]  L_spread=[0]
  Iter  13/100  loss=3287.3523  (1.0s)
  [dbg] mean SINR_dB inside : 6.36936
  [dbg] mean SINR_dB outside: -11.6127
  [dbg] L_in=301.171  L_out=7.32347  L_uniform=447.297  L_min_j=[0]  L_spread=[0]
  Iter  14/100  loss=3056.4380  (1.0s)
  [dbg] mean SINR_dB inside : 6.08439
  [dbg] mean SINR_dB outside: -11.3634
  [dbg] L_in=315.833  L_out=7.81064  L_uniform=463.63  L_min_j=[0]  L_spread=[0]
  Iter  15/100  loss=3204.6943  (1.0s)
  [dbg] mean SINR_dB inside : 6.43817
  [dbg] mean SINR_dB outside: -11.1882
  [dbg] L_in=292.216  L_out=8.8159  L_uniform=432.489  L_min_j=[0]  L_spread=[0]
  Iter  16/100  loss=2965.4106  (1.0s)
  [dbg] mean SINR_dB inside : 6.37173
  [dbg] mean SINR_dB outside: -11.0729
  [dbg] L_in=297.823  L_out=9.90535  L_uniform=440.742  L_min_j=[0]  L_spread=[0]
  Iter  17/100  loss=3022.3081  (1.0s)
  [dbg] mean SINR_dB inside : 6.37127
  [dbg] mean SINR_dB outside: -11.1092
  [dbg] L_in=305.116  L_out=10.7316  L_uniform=455.32  L_min_j=[0]  L_spread=[0]
  Iter  18/100  loss=3096.6968  (1.0s)
  [dbg] mean SINR_dB inside : 6.68336
  [dbg] mean SINR_dB outside: -10.7159
  [dbg] L_in=288.168  L_out=11.4201  L_uniform=435.483  L_min_j=[0]  L_spread=[0]
  Iter  19/100  loss=2925.2241  (1.0s)
  [dbg] mean SINR_dB inside : 6.85351
  [dbg] mean SINR_dB outside: -10.5423
  [dbg] L_in=280.396  L_out=11.962  L_uniform=427.511  L_min_j=[0]  L_spread=[0]
  Iter  20/100  loss=2846.7148  (1.0s)
  [dbg] mean SINR_dB inside : 7.14695
  [dbg] mean SINR_dB outside: -10.7778
  [dbg] L_in=272.306  L_out=13.1697  L_uniform=424.259  L_min_j=[0]  L_spread=[0]
  Iter  21/100  loss=2765.4880  (0.9s)
  [dbg] mean SINR_dB inside : 6.99077
  [dbg] mean SINR_dB outside: -10.6892
  [dbg] L_in=280.589  L_out=13.7104  L_uniform=434.023  L_min_j=[0]  L_spread=[0]
  Iter  22/100  loss=2849.2969  (1.0s)
  [dbg] mean SINR_dB inside : 7.15575
  [dbg] mean SINR_dB outside: -10.5073
  [dbg] L_in=268.08  L_out=14.7001  L_uniform=416.213  L_min_j=[0]  L_spread=[0]
  Iter  23/100  loss=2722.4211  (1.0s)
  [dbg] mean SINR_dB inside : 7.23298
  [dbg] mean SINR_dB outside: -10.5451
  [dbg] L_in=264.157  L_out=15.4524  L_uniform=411.73  L_min_j=[0]  L_spread=[0]
  Iter  24/100  loss=2682.7444  (1.0s)
  [dbg] mean SINR_dB inside : 7.45039
  [dbg] mean SINR_dB outside: -10.0308
  [dbg] L_in=261.312  L_out=16.2955  L_uniform=415.415  L_min_j=[0]  L_spread=[0]
  Iter  25/100  loss=2654.6641  (1.0s)
  [dbg] mean SINR_dB inside : 7.49325
  [dbg] mean SINR_dB outside: -9.94294
  [dbg] L_in=254.531  L_out=17.0064  L_uniform=403.706  L_min_j=[0]  L_spread=[0]
  Iter  26/100  loss=2585.6768  (1.0s)
  [dbg] mean SINR_dB inside : 7.51954
  [dbg] mean SINR_dB outside: -9.81144
  [dbg] L_in=255.281  L_out=17.8252  L_uniform=406.319  L_min_j=[0]  L_spread=[0]
  Iter  27/100  loss=2593.4458  (1.0s)
  [dbg] mean SINR_dB inside : 7.7859
  [dbg] mean SINR_dB outside: -9.99809
  [dbg] L_in=247.213  L_out=18.1746  L_uniform=401.614  L_min_j=[0]  L_spread=[0]
  Iter  28/100  loss=2512.2954  (1.0s)
  [dbg] mean SINR_dB inside : 7.67024
  [dbg] mean SINR_dB outside: -9.89798
  [dbg] L_in=249.832  L_out=18.015  L_uniform=401.849  L_min_j=[0]  L_spread=[0]
  Iter  29/100  loss=2538.5015  (1.0s)
  [dbg] mean SINR_dB inside : 7.82944
  [dbg] mean SINR_dB outside: -9.84037
  [dbg] L_in=248.391  L_out=18.2151  L_uniform=405.746  L_min_j=[0]  L_spread=[0]
  Iter  30/100  loss=2524.4885  (0.9s)
  [dbg] mean SINR_dB inside : 7.97242
  [dbg] mean SINR_dB outside: -9.78717
  [dbg] L_in=237.106  L_out=18.7308  L_uniform=389.183  L_min_j=[0]  L_spread=[0]
  Iter  31/100  loss=2409.9768  (1.0s)
  [dbg] mean SINR_dB inside : 8.07564
  [dbg] mean SINR_dB outside: -9.36582
  [dbg] L_in=234.419  L_out=18.8844  L_uniform=388.144  L_min_j=[0]  L_spread=[0]
  Iter  32/100  loss=2383.0073  (1.0s)
  [dbg] mean SINR_dB inside : 8.21301
  [dbg] mean SINR_dB outside: -9.13665
  [dbg] L_in=232.234  L_out=19.7876  L_uniform=389.483  L_min_j=[0]  L_spread=[0]
  Iter  33/100  loss=2361.2871  (1.0s)
  [dbg] mean SINR_dB inside : 8.11972
  [dbg] mean SINR_dB outside: -9.29697
  [dbg] L_in=231.447  L_out=20.0301  L_uniform=384.045  L_min_j=[0]  L_spread=[0]
  Iter  34/100  loss=2352.8794  (1.0s)
  [dbg] mean SINR_dB inside : 7.99487
  [dbg] mean SINR_dB outside: -8.71566
  [dbg] L_in=238.894  L_out=20.5568  L_uniform=393.683  L_min_j=[0]  L_spread=[0]
  Iter  35/100  loss=2428.3057  (1.0s)
  [dbg] mean SINR_dB inside : 7.88015
  [dbg] mean SINR_dB outside: -8.79663
  [dbg] L_in=247.822  L_out=20.8824  L_uniform=406.735  L_min_j=[0]  L_spread=[0]
  Iter  36/100  loss=2518.8982  (1.0s)
  [dbg] mean SINR_dB inside : 7.69519
  [dbg] mean SINR_dB outside: -8.78083
  [dbg] L_in=259.491  L_out=21.3786  L_uniform=422.2  L_min_j=[0]  L_spread=[0]
  Iter  37/100  loss=2637.1262  (1.0s)
  [dbg] mean SINR_dB inside : 7.99295
  [dbg] mean SINR_dB outside: -8.46246
  [dbg] L_in=243.856  L_out=21.3763  L_uniform=403.538  L_min_j=[0]  L_spread=[0]
  Iter  38/100  loss=2478.9150  (1.0s)
  [dbg] mean SINR_dB inside : 8.04873
  [dbg] mean SINR_dB outside: -8.46306
  [dbg] L_in=237.655  L_out=22.0379  L_uniform=393.479  L_min_j=[0]  L_spread=[0]
  Iter  39/100  loss=2415.9011  (0.9s)
  [dbg] mean SINR_dB inside : 7.82797
  [dbg] mean SINR_dB outside: -8.4973
  [dbg] L_in=245.052  L_out=22.1055  L_uniform=398.989  L_min_j=[0]  L_spread=[0]
  Iter  40/100  loss=2490.4216  (1.0s)
  [dbg] mean SINR_dB inside : 8.19341
  [dbg] mean SINR_dB outside: -8.40476
  [dbg] L_in=231.35  L_out=23.1505  L_uniform=386.95  L_min_j=[0]  L_spread=[0]
  Iter  41/100  loss=2352.1975  (0.9s)
  [dbg] mean SINR_dB inside : 8.22787
  [dbg] mean SINR_dB outside: -8.56264
  [dbg] L_in=227.561  L_out=22.6383  L_uniform=380.785  L_min_j=[0]  L_spread=[0]
  Iter  42/100  loss=2313.6880  (1.0s)
  [dbg] mean SINR_dB inside : 8.25758
  [dbg] mean SINR_dB outside: -7.90419
  [dbg] L_in=223.803  L_out=23.2061  L_uniform=374.487  L_min_j=[0]  L_spread=[0]
  Iter  43/100  loss=2275.4829  (0.9s)
  [dbg] mean SINR_dB inside : 8.12126
  [dbg] mean SINR_dB outside: -7.90045
  [dbg] L_in=233.727  L_out=23.5992  L_uniform=388.65  L_min_j=[0]  L_spread=[0]
  Iter  44/100  loss=2376.1399  (0.9s)
  [dbg] mean SINR_dB inside : 8.17628
  [dbg] mean SINR_dB outside: -8.17196
  [dbg] L_in=231.99  L_out=23.7369  L_uniform=387.52  L_min_j=[0]  L_spread=[0]
  Iter  45/100  loss=2358.6501  (1.0s)
  [dbg] mean SINR_dB inside : 8.28295
  [dbg] mean SINR_dB outside: -8.229
  [dbg] L_in=227.254  L_out=24.2002  L_uniform=382.428  L_min_j=[0]  L_spread=[0]
  Iter  46/100  loss=2310.7842  (0.9s)
  [dbg] mean SINR_dB inside : 8.02014
  [dbg] mean SINR_dB outside: -7.77048
  [dbg] L_in=243.499  L_out=24.5412  L_uniform=403.955  L_min_j=[0]  L_spread=[0]
  Iter  47/100  loss=2475.3826  (0.9s)
  [dbg] mean SINR_dB inside : 8.3045
  [dbg] mean SINR_dB outside: -8.12879
  [dbg] L_in=229.889  L_out=24.5233  L_uniform=388.594  L_min_j=[0]  L_spread=[0]
  Iter  48/100  loss=2337.7454  (1.0s)
  [dbg] mean SINR_dB inside : 8.18095
  [dbg] mean SINR_dB outside: -7.80237
  [dbg] L_in=235.723  L_out=25.0695  L_uniform=395.193  L_min_j=[0]  L_spread=[0]
  Iter  49/100  loss=2396.7529  (1.0s)
  [dbg] mean SINR_dB inside : 8.37248
  [dbg] mean SINR_dB outside: -7.50914
  [dbg] L_in=225.5  L_out=25.7239  L_uniform=382.617  L_min_j=[0]  L_spread=[0]
  Iter  50/100  loss=2293.2605  (1.0s)
  [dbg] mean SINR_dB inside : 8.56412
  [dbg] mean SINR_dB outside: -7.82775
  [dbg] L_in=219.741  L_out=25.6043  L_uniform=379.003  L_min_j=[0]  L_spread=[0]
  Iter  51/100  loss=2235.3132  (1.0s)
  [dbg] mean SINR_dB inside : 8.7007
  [dbg] mean SINR_dB outside: -7.54629
  [dbg] L_in=208.913  L_out=25.7171  L_uniform=362.931  L_min_j=[0]  L_spread=[0]
  Iter  52/100  loss=2125.4194  (1.0s)
  [dbg] mean SINR_dB inside : 8.64237
  [dbg] mean SINR_dB outside: -7.94607
  [dbg] L_in=208.263  L_out=25.8782  L_uniform=359.224  L_min_j=[0]  L_spread=[0]
  Iter  53/100  loss=2118.5571  (1.0s)
  [dbg] mean SINR_dB inside : 8.45138
  [dbg] mean SINR_dB outside: -7.6213
  [dbg] L_in=221.317  L_out=26.3868  L_uniform=377.509  L_min_j=[0]  L_spread=[0]
  Iter  54/100  loss=2250.9192  (1.0s)
  [dbg] mean SINR_dB inside : 8.62028
  [dbg] mean SINR_dB outside: -7.82717
  [dbg] L_in=216.17  L_out=26.8388  L_uniform=374.191  L_min_j=[0]  L_spread=[0]
  Iter  55/100  loss=2199.1233  (1.0s)
  [dbg] mean SINR_dB inside : 8.84439
  [dbg] mean SINR_dB outside: -7.97756
  [dbg] L_in=205.991  L_out=26.4278  L_uniform=362.942  L_min_j=[0]  L_spread=[0]
  Iter  56/100  loss=2096.2021  (1.0s)
  [dbg] mean SINR_dB inside : 8.6652
  [dbg] mean SINR_dB outside: -7.65273
  [dbg] L_in=208.907  L_out=26.3218  L_uniform=361.466  L_min_j=[0]  L_spread=[0]
  Iter  57/100  loss=2125.2205  (1.0s)
  [dbg] mean SINR_dB inside : 8.68325
  [dbg] mean SINR_dB outside: -7.93312
  [dbg] L_in=215.024  L_out=26.4133  L_uniform=374.477  L_min_j=[0]  L_spread=[0]
  Iter  58/100  loss=2187.6924  (0.9s)
  [dbg] mean SINR_dB inside : 8.75249
  [dbg] mean SINR_dB outside: -7.4267
  [dbg] L_in=209.217  L_out=26.7046  L_uniform=365.646  L_min_j=[0]  L_spread=[0]
  Iter  59/100  loss=2128.7339  (0.9s)
  [dbg] mean SINR_dB inside : 8.84325
  [dbg] mean SINR_dB outside: -7.45727
  [dbg] L_in=204.9  L_out=27.2845  L_uniform=360.708  L_min_j=[0]  L_spread=[0]
  Iter  60/100  loss=2085.0713  (1.0s)
  [dbg] mean SINR_dB inside : 8.1833
  [dbg] mean SINR_dB outside: -7.61188
  [dbg] L_in=239.283  L_out=26.6855  L_uniform=402.41  L_min_j=[0]  L_spread=[0]
  Iter  61/100  loss=2433.0698  (0.9s)
  [dbg] mean SINR_dB inside : 8.95617
  [dbg] mean SINR_dB outside: -7.35621
  [dbg] L_in=199.902  L_out=26.914  L_uniform=355.211  L_min_j=[0]  L_spread=[0]
  Iter  62/100  loss=2034.5364  (0.9s)
  [dbg] mean SINR_dB inside : 8.80217
  [dbg] mean SINR_dB outside: -6.72759
  [dbg] L_in=206.303  L_out=27.2489  L_uniform=361.814  L_min_j=[0]  L_spread=[0]
  Iter  63/100  loss=2099.2163  (0.9s)
  [dbg] mean SINR_dB inside : 8.79881
  [dbg] mean SINR_dB outside: -7.17012
  [dbg] L_in=205.114  L_out=27.5043  L_uniform=359.335  L_min_j=[0]  L_spread=[0]
  Iter  64/100  loss=2087.0732  (1.2s)
  [dbg] mean SINR_dB inside : 8.93375
  [dbg] mean SINR_dB outside: -7.02204
  [dbg] L_in=200.188  L_out=27.0213  L_uniform=354.867  L_min_j=[0]  L_spread=[0]
  Iter  65/100  loss=2037.3655  (1.2s)
  [dbg] mean SINR_dB inside : 8.79417
  [dbg] mean SINR_dB outside: -6.75174
  [dbg] L_in=207.15  L_out=27.8534  L_uniform=363.215  L_min_j=[0]  L_spread=[0]
  Iter  66/100  loss=2107.8176  (1.2s)
  [dbg] mean SINR_dB inside : 8.82058
  [dbg] mean SINR_dB outside: -6.75575
  [dbg] L_in=205.932  L_out=27.6739  L_uniform=361.872  L_min_j=[0]  L_spread=[0]
  Iter  67/100  loss=2095.5110  (1.2s)
  [dbg] mean SINR_dB inside : 9.033
  [dbg] mean SINR_dB outside: -6.83407
  [dbg] L_in=195.674  L_out=27.5038  L_uniform=349.906  L_min_j=[0]  L_spread=[0]
  Iter  68/100  loss=1991.7314  (1.2s)
  [dbg] mean SINR_dB inside : 8.99271
  [dbg] mean SINR_dB outside: -6.97014
  [dbg] L_in=197.014  L_out=27.7795  L_uniform=350.977  L_min_j=[0]  L_spread=[0]
  Iter  69/100  loss=2005.2357  (1.2s)[0m[31m2026-05-24 22:32:11 WARN  [HDRFilm] Monochrome mode enabled, setting film output pixel format to 'luminance' (was rgb).

  [dbg] mean SINR_dB inside : 9.09185
  [dbg] mean SINR_dB outside: -6.76203
  [dbg] L_in=188.684  L_out=27.7568  L_uniform=338.216  L_min_j=[0]  L_spread=[0]
  Iter  70/100  loss=1920.6577  (1.2s)
  [dbg] mean SINR_dB inside : 9.08358
  [dbg] mean SINR_dB outside: -6.82231
  [dbg] L_in=195.919  L_out=28.0243  L_uniform=352.343  L_min_j=[0]  L_spread=[0]
  Iter  71/100  loss=1994.4241  (0.8s)
  [dbg] mean SINR_dB inside : 8.96608
  [dbg] mean SINR_dB outside: -6.77234
  [dbg] L_in=202.165  L_out=27.9918  L_uniform=360.151  L_min_j=[0]  L_spread=[0]
  Iter  72/100  loss=2057.6602  (0.9s)
  [dbg] mean SINR_dB inside : 9.04077
  [dbg] mean SINR_dB outside: -6.64054
  [dbg] L_in=194.879  L_out=27.9338  L_uniform=348.591  L_min_j=[0]  L_spread=[0]
  Iter  73/100  loss=1983.6532  (1.0s)
  [dbg] mean SINR_dB inside : 9.0876
  [dbg] mean SINR_dB outside: -6.99807
  [dbg] L_in=201.135  L_out=27.5714  L_uniform=362.967  L_min_j=[0]  L_spread=[0]
  Iter  74/100  loss=2047.6490  (1.0s)
  [dbg] mean SINR_dB inside : 8.99471
  [dbg] mean SINR_dB outside: -6.84617
  [dbg] L_in=200.334  L_out=28.1391  L_uniform=357.664  L_min_j=[0]  L_spread=[0]
  Iter  75/100  loss=2039.1063  (0.9s)
  [dbg] mean SINR_dB inside : 9.17279
  [dbg] mean SINR_dB outside: -6.96124
  [dbg] L_in=191.756  L_out=27.8924  L_uniform=347.65  L_min_j=[0]  L_spread=[0]
  Iter  76/100  loss=1952.3284  (0.9s)
  [dbg] mean SINR_dB inside : 8.9762
  [dbg] mean SINR_dB outside: -6.83164
  [dbg] L_in=200.137  L_out=27.8803  L_uniform=356.521  L_min_j=[0]  L_spread=[0]
  Iter  77/100  loss=2037.0194  (0.9s)
  [dbg] mean SINR_dB inside : 8.81743
  [dbg] mean SINR_dB outside: -7.09711
  [dbg] L_in=208.471  L_out=28.2041  L_uniform=366.884  L_min_j=[0]  L_spread=[0]
  Iter  78/100  loss=2121.3994  (1.0s)
  [dbg] mean SINR_dB inside : 9.2668
  [dbg] mean SINR_dB outside: -6.95554
  [dbg] L_in=191.193  L_out=28.3442  L_uniform=350.251  L_min_j=[0]  L_spread=[0]
  Iter  79/100  loss=1946.9523  (0.9s)
  [dbg] mean SINR_dB inside : 9.12304
  [dbg] mean SINR_dB outside: -6.7064
  [dbg] L_in=198.712  L_out=27.7041  L_uniform=359.563  L_min_j=[0]  L_spread=[0]
  Iter  80/100  loss=2023.0811  (0.9s)
  [dbg] mean SINR_dB inside : 9.06745
  [dbg] mean SINR_dB outside: -7.04746
  [dbg] L_in=198.384  L_out=28.3985  L_uniform=356.672  L_min_j=[0]  L_spread=[0]
  Iter  81/100  loss=2019.5101  (0.9s)
  [dbg] mean SINR_dB inside : 9.24739
  [dbg] mean SINR_dB outside: -6.78759
  [dbg] L_in=187.841  L_out=27.8368  L_uniform=342.706  L_min_j=[0]  L_spread=[0]
  Iter  82/100  loss=1912.6835  (0.9s)
  [dbg] mean SINR_dB inside : 9.2085
  [dbg] mean SINR_dB outside: -6.6849
  [dbg] L_in=191.604  L_out=28.346  L_uniform=348.727  L_min_j=[0]  L_spread=[0]
  Iter  83/100  loss=1950.9164  (0.9s)
  [dbg] mean SINR_dB inside : 9.41181
  [dbg] mean SINR_dB outside: -6.85357
  [dbg] L_in=178.295  L_out=28.3014  L_uniform=330.087  L_min_j=[0]  L_spread=[0]
  Iter  84/100  loss=1815.9634  (1.0s)
  [dbg] mean SINR_dB inside : 9.05618
  [dbg] mean SINR_dB outside: -6.71106
  [dbg] L_in=196.94  L_out=28.0073  L_uniform=353.354  L_min_j=[0]  L_spread=[0]
  Iter  85/100  loss=2004.7356  (1.0s)
  [dbg] mean SINR_dB inside : 8.783
  [dbg] mean SINR_dB outside: -6.91598
  [dbg] L_in=212.641  L_out=28.4217  L_uniform=373.787  L_min_j=[0]  L_spread=[0]
  Iter  86/100  loss=2163.7849  (1.0s)
  [dbg] mean SINR_dB inside : 9.36856
  [dbg] mean SINR_dB outside: -6.77989
  [dbg] L_in=185.823  L_out=28.3669  L_uniform=343.553  L_min_j=[0]  L_spread=[0]
  Iter  87/100  loss=1892.5840  (1.0s)
  [dbg] mean SINR_dB inside : 9.1058
  [dbg] mean SINR_dB outside: -6.82868
  [dbg] L_in=194.639  L_out=27.7734  L_uniform=350.711  L_min_j=[0]  L_spread=[0]
  Iter  88/100  loss=1981.4642  (0.7s)
  [dbg] mean SINR_dB inside : 8.841
  [dbg] mean SINR_dB outside: -6.77371
  [dbg] L_in=213.43  L_out=27.4644  L_uniform=377.725  L_min_j=[0]  L_spread=[0]
  Iter  89/100  loss=2172.0774  (0.9s)
  [dbg] mean SINR_dB inside : 9.1418
  [dbg] mean SINR_dB outside: -6.72538
  [dbg] L_in=195.174  L_out=27.5358  L_uniform=353.19  L_min_j=[0]  L_spread=[0]
  Iter  90/100  loss=1987.0631  (0.9s)
  [dbg] mean SINR_dB inside : 8.87156
  [dbg] mean SINR_dB outside: -6.8904
  [dbg] L_in=208.578  L_out=28.0431  L_uniform=369.217  L_min_j=[0]  L_spread=[0]
  Iter  91/100  loss=2122.6975  (0.9s)
  [dbg] mean SINR_dB inside : 8.9794
  [dbg] mean SINR_dB outside: -7.04798
  [dbg] L_in=204.938  L_out=27.9874  L_uniform=366.273  L_min_j=[0]  L_spread=[0]
  Iter  92/100  loss=2086.0024  (0.9s)
  [dbg] mean SINR_dB inside : 9.20442
  [dbg] mean SINR_dB outside: -6.50831
  [dbg] L_in=188.802  L_out=28.2118  L_uniform=342.961  L_min_j=[0]  L_spread=[0]
  Iter  93/100  loss=1922.3159  (1.0s)
  [dbg] mean SINR_dB inside : 9.41391
  [dbg] mean SINR_dB outside: -6.87261
  [dbg] L_in=182.447  L_out=27.6474  L_uniform=338.456  L_min_j=[0]  L_spread=[0]
  Iter  94/100  loss=1858.3188  (1.0s)
  [dbg] mean SINR_dB inside : 8.9698
  [dbg] mean SINR_dB outside: -6.65912
  [dbg] L_in=203.882  L_out=27.6042  L_uniform=363.763  L_min_j=[0]  L_spread=[0]
  Iter  95/100  loss=2075.1990  (1.0s)
  [dbg] mean SINR_dB inside : 9.15726
  [dbg] mean SINR_dB outside: -6.74488
  [dbg] L_in=193.42  L_out=27.4083  L_uniform=350.306  L_min_j=[0]  L_spread=[0]
  Iter  96/100  loss=1969.2334  (0.9s)
  [dbg] mean SINR_dB inside : 9.07843
  [dbg] mean SINR_dB outside: -6.82141
  [dbg] L_in=198.491  L_out=27.6958  L_uniform=357.361  L_min_j=[0]  L_spread=[0]
  Iter  97/100  loss=2020.6471  (0.7s)
  [dbg] mean SINR_dB inside : 9.03957
  [dbg] mean SINR_dB outside: -6.9642
  [dbg] L_in=202.044  L_out=27.7132  L_uniform=362.923  L_min_j=[0]  L_spread=[0]
  Iter  98/100  loss=2056.7363  (0.9s)
  [dbg] mean SINR_dB inside : 9.19465
  [dbg] mean SINR_dB outside: -6.9393
  [dbg] L_in=194.262  L_out=27.7497  L_uniform=353.512  L_min_j=[0]  L_spread=[0]
  Iter  99/100  loss=1977.9742  (0.9s)
  [dbg] mean SINR_dB inside : 9.0707
  [dbg] mean SINR_dB outside: -6.82861
  [dbg] L_in=197.963  L_out=27.7597  L_uniform=356.022  L_min_j=[0]  L_spread=[0]
  Iter 100/100  loss=2015.2296  (0.9s)

======================================================================
OPTIMIZATION COMPLETE  (103.1s)
  bs_0: Az=159.2°, El=-9.3°, pos=(409.2, -175.1)
  bs_1: Az=17.2°, El=-9.3°, pos=(-430.4, -112.2)
  bs_2: Az=270.1°, El=-7.2°, pos=(31.9, 493.0)
  bs_3: Az=53.9°, El=-9.6°, pos=(-133.6, -451.1)
======================================================================

  Warm-up: 103.1s total, 1.03s/iter
  Run 2: Joint optimization (100 iter, BS positions frozen)
-700.0

======================================================================
MULTI-TX SIR OPTIMIZATION  (4 transmitters)
======================================================================
Pre-created 850 receivers (300 inside + 550 outside) across 4 base stations
Tx Position: [550.3499145507812, -238.58389282226562, 50.0]
look_at_position: [-2.3293987263526324e-15, -1.5754854456243946e-15, 1.5]
Tx Position: [220.45193481445312, -557.8604736328125, 50.0]
look_at_position: [-2.3293987263526324e-15, -1.5754854456243946e-15, 1.5]
Tx Position: [-238.58389282226562, -550.3499145507812, 50.0]
look_at_position: [-2.3293987263526324e-15, -1.5754854456243946e-15, 1.5]
Tx Position: [-557.8604736328125, -220.45193481445312, 50.0]
look_at_position: [-2.3293987263526324e-15, -1.5754854456243946e-15, 1.5]
Tx Position: [-550.3499145507812, 238.58389282226562, 50.0]
look_at_position: [-2.3293987263526324e-15, -1.5754854456243946e-15, 1.5]
Tx Position: [-220.45193481445312, 557.8604736328125, 50.0]
look_at_position: [-2.3293987263526324e-15, -1.5754854456243946e-15, 1.5]
Tx Position: [238.58389282226562, 550.3499145507812, 50.0]
look_at_position: [-2.3293987263526324e-15, -1.5754854456243946e-15, 1.5]
Tx Position: [557.8604736328125, 220.45193481445312, 50.0]
look_at_position: [-2.3293987263526324e-15, -1.5754854456243946e-15, 1.5]
  [dbg] mean SINR_dB inside : -1.68925
  [dbg] mean SINR_dB outside: -23.6289
  [dbg] L_in=650.518  L_out=-162.887  L_uniform=716.206  L_min_j=0.5  L_spread=[0]
  Iter   1/100  loss=3646.8911  (6.1s)
  [dbg] mean SINR_dB inside : 0.892332
  [dbg] mean SINR_dB outside: -17.7678
  [dbg] L_in=524.694  L_out=-118.791  L_uniform=616.346  L_min_j=0.475021  L_spread=[0]
  Iter   2/100  loss=3071.2810  (2.1s)
  [dbg] mean SINR_dB inside : 1.31273
  [dbg] mean SINR_dB outside: -17.5698
  [dbg] L_in=508.574  L_out=-118.233  L_uniform=607.561  L_min_j=0.452457  L_spread=[0]
  Iter   3/100  loss=2947.0178  (2.1s)
  [dbg] mean SINR_dB inside : 1.45972
  [dbg] mean SINR_dB outside: -17.3448
  [dbg] L_in=505.225  L_out=-117.217  L_uniform=608.982  L_min_j=0.431795  L_spread=[0]
  Iter   4/100  loss=2930.5251  (2.1s)
  [dbg] mean SINR_dB inside : 1.77647
  [dbg] mean SINR_dB outside: -17.4123
  [dbg] L_in=486.978  L_out=-118.326  L_uniform=589.833  L_min_j=0.41287  L_spread=[0]
  Iter   5/100  loss=2771.5449  (2.1s)
  [dbg] mean SINR_dB inside : 2.06886
  [dbg] mean SINR_dB outside: -17.7075
  [dbg] L_in=470.004  L_out=-120.795  L_uniform=571.719  L_min_j=0.396019  L_spread=[0]
  Iter   6/100  loss=2609.2607  (2.2s)
  [dbg] mean SINR_dB inside : 1.98075
  [dbg] mean SINR_dB outside: -17.7397
  [dbg] L_in=479.719  L_out=-121.406  L_uniform=586.395  L_min_j=0.381508  L_spread=[0]
  Iter   7/100  loss=2682.3325  (1.9s)
  [dbg] mean SINR_dB inside : 2.46562
  [dbg] mean SINR_dB outside: -17.6822
  [dbg] L_in=454.943  L_out=-121.217  L_uniform=562.808  L_min_j=0.369168  L_spread=[0]
  Iter   8/100  loss=2483.6582  (2.2s)
  [dbg] mean SINR_dB inside : 2.28903
  [dbg] mean SINR_dB outside: -17.7341
  [dbg] L_in=468.964  L_out=-121.18  L_uniform=581.441  L_min_j=0.358887  L_spread=[0]
  Iter   9/100  loss=2598.0603  (2.1s)
  [dbg] mean SINR_dB inside : 2.74943
  [dbg] mean SINR_dB outside: -17.6605
  [dbg] L_in=445.621  L_out=-120.907  L_uniform=559.136  L_min_j=0.350858  L_spread=[0]
  Iter  10/100  loss=2411.8093  (2.1s)
  [dbg] mean SINR_dB inside : 3.09921
  [dbg] mean SINR_dB outside: -17.8937
  [dbg] L_in=424.463  L_out=-122.495  L_uniform=535.06  L_min_j=0.344956  L_spread=[0]
  Iter  11/100  loss=2224.2607  (2.1s)
  [dbg] mean SINR_dB inside : 2.98939
  [dbg] mean SINR_dB outside: -17.5605
  [dbg] L_in=435.114  L_out=-120.396  L_uniform=550.66  L_min_j=0.340977  L_spread=[0]
  Iter  12/100  loss=2332.0190  (2.1s)
  [dbg] mean SINR_dB inside : 3.03583
  [dbg] mean SINR_dB outside: -17.5428
  [dbg] L_in=439.749  L_out=-120.477  L_uniform=562.342  L_min_j=0.338733  L_spread=[0]
  Iter  13/100  loss=2369.4600  (2.1s)
  [dbg] mean SINR_dB inside : 3.17651
  [dbg] mean SINR_dB outside: -17.575
  [dbg] L_in=437.551  L_out=-120.795  L_uniform=565.228  L_min_j=0.337897  L_spread=[0]
  Iter  14/100  loss=2348.9849  (2.1s)
  [dbg] mean SINR_dB inside : 3.15447
  [dbg] mean SINR_dB outside: -17.6748
  [dbg] L_in=435.559  L_out=-121.612  L_uniform=560.105  L_min_j=0.338262  L_spread=[0]
  Iter  15/100  loss=2324.3694  (2.2s)
  [dbg] mean SINR_dB inside : 3.18606
  [dbg] mean SINR_dB outside: -17.8939
  [dbg] L_in=433.277  L_out=-123.127  L_uniform=557.171  L_min_j=0.339604  L_spread=[0]
  Iter  16/100  loss=2290.6599  (2.1s)
  [dbg] mean SINR_dB inside : 3.41557
  [dbg] mean SINR_dB outside: -17.5903
  [dbg] L_in=424.345  L_out=-121.007  L_uniform=551.105  L_min_j=0.341813  L_spread=[0]
  Iter  17/100  loss=2239.8018  (2.1s)
  [dbg] mean SINR_dB inside : 3.61118
  [dbg] mean SINR_dB outside: -17.7202
  [dbg] L_in=415.503  L_out=-122.027  L_uniform=543.39  L_min_j=0.34474  L_spread=[0]
  Iter  18/100  loss=2158.0920  (2.0s)
  [dbg] mean SINR_dB inside : 3.44305
  [dbg] mean SINR_dB outside: -17.6099
  [dbg] L_in=427.362  L_out=-121.375  L_uniform=558.54  L_min_j=0.348064  L_spread=[0]
  Iter  19/100  loss=2260.9927  (2.1s)
  [dbg] mean SINR_dB inside : 3.81013
  [dbg] mean SINR_dB outside: -17.422
  [dbg] L_in=400.5  L_out=-120.074  L_uniform=523.446  L_min_j=0.351618  L_spread=[0]
  Iter  20/100  loss=2055.6025  (2.5s)
  [dbg] mean SINR_dB inside : 3.81181
  [dbg] mean SINR_dB outside: -17.8467
  [dbg] L_in=403.158  L_out=-123.028  L_uniform=528.844  L_min_j=0.355516  L_spread=[0]
  Iter  21/100  loss=2047.8625  (2.7s)
  [dbg] mean SINR_dB inside : 3.54344
  [dbg] mean SINR_dB outside: -17.7936
  [dbg] L_in=421.458  L_out=-122.731  L_uniform=551.856  L_min_j=0.359808  L_spread=[0]
  Iter  22/100  loss=2199.5332  (2.1s)
  [dbg] mean SINR_dB inside : 3.63089
  [dbg] mean SINR_dB outside: -17.7763
  [dbg] L_in=414.909  L_out=-122.354  L_uniform=543.201  L_min_j=0.364233  L_spread=[0]
  Iter  23/100  loss=2150.0574  (2.2s)
  [dbg] mean SINR_dB inside : 3.94329
  [dbg] mean SINR_dB outside: -17.8492
  [dbg] L_in=399.595  L_out=-122.898  L_uniform=528.322  L_min_j=0.368917  L_spread=[0]
  Iter  24/100  loss=2020.6118  (2.4s)
  [dbg] mean SINR_dB inside : 3.88673
  [dbg] mean SINR_dB outside: -17.8531
  [dbg] L_in=406.792  L_out=-122.825  L_uniform=539.882  L_min_j=0.373881  L_spread=[0]
  Iter  25/100  loss=2080.0679  (2.4s)
  [dbg] mean SINR_dB inside : 3.96321
  [dbg] mean SINR_dB outside: -17.6377
  [dbg] L_in=403.527  L_out=-121.162  L_uniform=537.183  L_min_j=0.379158  L_spread=[0]
  Iter  26/100  loss=2070.3103  (2.2s)
  [dbg] mean SINR_dB inside : 4.03659
  [dbg] mean SINR_dB outside: -17.7504
  [dbg] L_in=394.43  L_out=-121.779  L_uniform=522.663  L_min_j=0.384598  L_spread=[0]
  Iter  27/100  loss=1989.9216  (2.2s)
  [dbg] mean SINR_dB inside : 4.08661
  [dbg] mean SINR_dB outside: -17.6632
  [dbg] L_in=394.254  L_out=-121.103  L_uniform=524.801  L_min_j=0.390149  L_spread=[0]
  Iter  28/100  loss=1995.4799  (2.2s)
  [dbg] mean SINR_dB inside : 4.2076
  [dbg] mean SINR_dB outside: -17.911
  [dbg] L_in=389.97  L_out=-122.628  L_uniform=522.253  L_min_j=0.395695  L_spread=[0]
  Iter  29/100  loss=1945.6995  (2.2s)
  [dbg] mean SINR_dB inside : 4.27794
  [dbg] mean SINR_dB outside: -17.5442
  [dbg] L_in=389.965  L_out=-119.878  L_uniform=525.727  L_min_j=0.401224  L_spread=[0]
  Iter  30/100  loss=1973.5132  (2.2s)
  [dbg] mean SINR_dB inside : 4.34364
  [dbg] mean SINR_dB outside: -17.2876
  [dbg] L_in=384.083  L_out=-118.108  L_uniform=517.215  L_min_j=0.406934  L_spread=[0]
  Iter  31/100  loss=1943.3026  (2.2s)
  [dbg] mean SINR_dB inside : 4.31798
  [dbg] mean SINR_dB outside: -17.406
  [dbg] L_in=389.311  L_out=-118.851  L_uniform=526.411  L_min_j=0.412754  L_spread=[0]
  Iter  32/100  loss=1978.6212  (2.2s)
  [dbg] mean SINR_dB inside : 4.28375
  [dbg] mean SINR_dB outside: -17.1287
  [dbg] L_in=389.286  L_out=-116.873  L_uniform=524.67  L_min_j=0.418577  L_spread=[0]
  Iter  33/100  loss=1998.0295  (2.2s)
  [dbg] mean SINR_dB inside : 4.47199
  [dbg] mean SINR_dB outside: -16.9138
  [dbg] L_in=375.988  L_out=-115.306  L_uniform=507.346  L_min_j=0.424444  L_spread=[0]
  Iter  34/100  loss=1905.5793  (2.8s)
  [dbg] mean SINR_dB inside : 4.66978
  [dbg] mean SINR_dB outside: -16.7416
  [dbg] L_in=370.971  L_out=-114.065  L_uniform=506.98  L_min_j=0.430126  L_spread=[0]
  Iter  35/100  loss=1877.8130  (2.8s)
  [dbg] mean SINR_dB inside : 4.52658
  [dbg] mean SINR_dB outside: -16.6828
  [dbg] L_in=378.045  L_out=-113.638  L_uniform=514.138  L_min_j=0.435685  L_spread=[0]
  Iter  36/100  loss=1939.3984  (2.7s)
  [dbg] mean SINR_dB inside : 4.61359
  [dbg] mean SINR_dB outside: -16.7235
  [dbg] L_in=368.551  L_out=-113.848  L_uniform=499.4  L_min_j=0.441151  L_spread=[0]
  Iter  37/100  loss=1859.8652  (2.2s)
  [dbg] mean SINR_dB inside : 4.74526
  [dbg] mean SINR_dB outside: -16.7338
  [dbg] L_in=363.531  L_out=-114.075  L_uniform=495.762  L_min_j=0.446556  L_spread=[0]
  Iter  38/100  loss=1817.0769  (2.1s)
  [dbg] mean SINR_dB inside : 4.64421
  [dbg] mean SINR_dB outside: -16.757
  [dbg] L_in=369.869  L_out=-114.313  L_uniform=503.522  L_min_j=0.451655  L_spread=[0]
  Iter  39/100  loss=1866.1750  (2.1s)
  [dbg] mean SINR_dB inside : 4.80721
  [dbg] mean SINR_dB outside: -16.7495
  [dbg] L_in=361.691  L_out=-114.231  L_uniform=495.079  L_min_j=0.456541  L_spread=[0]
  Iter  40/100  loss=1800.7330  (2.1s)
  [dbg] mean SINR_dB inside : 4.84835
  [dbg] mean SINR_dB outside: -16.8657
  [dbg] L_in=356.597  L_out=-115.079  L_uniform=486.877  L_min_j=0.461316  L_spread=[0]
  Iter  41/100  loss=1750.6676  (1.9s)
  [dbg] mean SINR_dB inside : 4.79229
  [dbg] mean SINR_dB outside: -16.7673
  [dbg] L_in=358.91  L_out=-114.182  L_uniform=488.798  L_min_j=0.466016  L_spread=[0]
  Iter  42/100  loss=1778.3359  (2.1s)
  [dbg] mean SINR_dB inside : 4.7934
  [dbg] mean SINR_dB outside: -16.9484
  [dbg] L_in=356.268  L_out=-115.624  L_uniform=483.569  L_min_j=0.470515  L_spread=[0]
  Iter  43/100  loss=1742.2621  (2.1s)
  [dbg] mean SINR_dB inside : 4.94881
  [dbg] mean SINR_dB outside: -16.8778
  [dbg] L_in=353.64  L_out=-115.021  L_uniform=485.82  L_min_j=0.474807  L_spread=[0]
  Iter  44/100  loss=1727.4921  (2.1s)
  [dbg] mean SINR_dB inside : 5.18268
  [dbg] mean SINR_dB outside: -16.8787
  [dbg] L_in=342.612  L_out=-114.903  L_uniform=474.958  L_min_j=0.478907  L_spread=[0]
  Iter  45/100  loss=1639.3540  (2.1s)
  [dbg] mean SINR_dB inside : 5.12759
  [dbg] mean SINR_dB outside: -16.6197
  [dbg] L_in=346.447  L_out=-113.064  L_uniform=480.004  L_min_j=0.482797  L_spread=[0]
  Iter  46/100  loss=1688.9332  (2.1s)
  [dbg] mean SINR_dB inside : 5.04289
  [dbg] mean SINR_dB outside: -16.583
  [dbg] L_in=348.327  L_out=-112.796  L_uniform=479.717  L_min_j=0.486484  L_spread=[0]
  Iter  47/100  loss=1706.6237  (2.1s)
  [dbg] mean SINR_dB inside : 5.04393
  [dbg] mean SINR_dB outside: -16.3402
  [dbg] L_in=356.201  L_out=-111.079  L_uniform=495.505  L_min_j=0.489962  L_spread=[0]
  Iter  48/100  loss=1788.3738  (2.1s)
  [dbg] mean SINR_dB inside : 5.19051
  [dbg] mean SINR_dB outside: -16.2002
  [dbg] L_in=347.25  L_out=-110.189  L_uniform=484.615  L_min_j=0.493291  L_spread=[0]
  Iter  49/100  loss=1724.5670  (2.1s)
  [dbg] mean SINR_dB inside : 5.12352
  [dbg] mean SINR_dB outside: -16.1878
  [dbg] L_in=349.506  L_out=-109.971  L_uniform=485.937  L_min_j=0.496353  L_spread=[0]
  Iter  50/100  loss=1744.9360  (2.1s)
  [dbg] mean SINR_dB inside : 5.05218
  [dbg] mean SINR_dB outside: -16.292
  [dbg] L_in=356.242  L_out=-110.609  L_uniform=495.996  L_min_j=0.499333  L_spread=[0]
  Iter  51/100  loss=1793.4438  (2.1s)
  [dbg] mean SINR_dB inside : 5.12462
  [dbg] mean SINR_dB outside: -15.8752
  [dbg] L_in=350.358  L_out=-107.731  L_uniform=487.694  L_min_j=0.502133  L_spread=[0]
  Iter  52/100  loss=1774.3229  (1.9s)
  [dbg] mean SINR_dB inside : 5.43875
  [dbg] mean SINR_dB outside: -16.1106
  [dbg] L_in=333.121  L_out=-109.107  L_uniform=468.122  L_min_j=0.504725  L_spread=[0]
  Iter  53/100  loss=1620.7059  (2.1s)
  [dbg] mean SINR_dB inside : 5.44778
  [dbg] mean SINR_dB outside: -16.4539
  [dbg] L_in=331.803  L_out=-111.746  L_uniform=465.911  L_min_j=0.507206  L_spread=[0]
  Iter  54/100  loss=1583.5521  (2.0s)
  [dbg] mean SINR_dB inside : 5.33166
  [dbg] mean SINR_dB outside: -16.1538
  [dbg] L_in=337.919  L_out=-109.487  L_uniform=472.662  L_min_j=0.509518  L_spread=[0]
  Iter  55/100  loss=1655.7484  (2.1s)
  [dbg] mean SINR_dB inside : 5.59676
  [dbg] mean SINR_dB outside: -16.2589
  [dbg] L_in=326.975  L_out=-110.096  L_uniform=463.26  L_min_j=0.511673  L_spread=[0]
  Iter  56/100  loss=1561.1694  (1.8s)
  [dbg] mean SINR_dB inside : 5.25904
  [dbg] mean SINR_dB outside: -16.1661
  [dbg] L_in=350.92  L_out=-109.539  L_uniform=495.225  L_min_j=0.513734  L_spread=[0]
  Iter  57/100  loss=1761.4966  (2.0s)
  [dbg] mean SINR_dB inside : 5.76953
  [dbg] mean SINR_dB outside: -16.0075
  [dbg] L_in=315.001  L_out=-108.456  L_uniform=447.373  L_min_j=0.515669  L_spread=[0]
  Iter  58/100  loss=1480.1879  (2.1s)
  [dbg] mean SINR_dB inside : 5.57265
  [dbg] mean SINR_dB outside: -16.2252
  [dbg] L_in=324.725  L_out=-109.919  L_uniform=457.632  L_min_j=0.51752  L_spread=[0]
  Iter  59/100  loss=1544.3740  (2.0s)
  [dbg] mean SINR_dB inside : 5.50673
  [dbg] mean SINR_dB outside: -16.0038
  [dbg] L_in=336.039  L_out=-108.304  L_uniform=477.168  L_min_j=0.519292  L_spread=[0]
  Iter  60/100  loss=1652.9817  (2.0s)
  [dbg] mean SINR_dB inside : 5.45699
  [dbg] mean SINR_dB outside: -15.9664
  [dbg] L_in=338.204  L_out=-107.942  L_uniform=479.162  L_min_j=0.520947  L_spread=[0]
  Iter  61/100  loss=1674.1257  (1.9s)
  [dbg] mean SINR_dB inside : 5.64706
  [dbg] mean SINR_dB outside: -16.0896
  [dbg] L_in=324.136  L_out=-108.862  L_uniform=459.94  L_min_j=0.522572  L_spread=[0]
  Iter  62/100  loss=1550.4606  (2.1s)
  [dbg] mean SINR_dB inside : 5.57156
  [dbg] mean SINR_dB outside: -15.8677
  [dbg] L_in=329.707  L_out=-107.292  L_uniform=467.554  L_min_j=0.524109  L_spread=[0]
  Iter  63/100  loss=1611.4963  (2.1s)
  [dbg] mean SINR_dB inside : 5.78095
  [dbg] mean SINR_dB outside: -16.0909
  [dbg] L_in=317.418  L_out=-108.751  L_uniform=452.74  L_min_j=0.525595  L_spread=[0]
  Iter  64/100  loss=1497.1033  (2.1s)
  [dbg] mean SINR_dB inside : 5.77903
  [dbg] mean SINR_dB outside: -15.9533
  [dbg] L_in=318.798  L_out=-107.853  L_uniform=455.415  L_min_j=0.527031  L_spread=[0]
  Iter  65/100  loss=1517.3933  (2.1s)
  [dbg] mean SINR_dB inside : 5.80797
  [dbg] mean SINR_dB outside: -15.7248
  [dbg] L_in=314.584  L_out=-106.07  L_uniform=448.33  L_min_j=0.528407  L_spread=[0]
  Iter  66/100  loss=1500.8062  (2.1s)
  [dbg] mean SINR_dB inside : 5.69672
  [dbg] mean SINR_dB outside: -15.9262
  [dbg] L_in=326.078  L_out=-107.643  L_uniform=466.146  L_min_j=0.529735  L_spread=[0]
  Iter  67/100  loss=1578.8152  (2.0s)
  [dbg] mean SINR_dB inside : 5.92935
  [dbg] mean SINR_dB outside: -15.8884
  [dbg] L_in=313.52  L_out=-107.145  L_uniform=451.825  L_min_j=0.531035  L_spread=[0]
  Iter  68/100  loss=1481.8901  (2.1s)
  [dbg] mean SINR_dB inside : 5.85526
  [dbg] mean SINR_dB outside: -15.9195
  [dbg] L_in=311.997  L_out=-107.462  L_uniform=445.357  L_min_j=0.532274  L_spread=[0]
  Iter  69/100  loss=1465.8868  (2.1s)
  [dbg] mean SINR_dB inside : 5.7604
  [dbg] mean SINR_dB outside: -15.8612
  [dbg] L_in=320.831  L_out=-107.108  L_uniform=458.619  L_min_j=0.533425  L_spread=[0]
  Iter  70/100  loss=1541.4305  (2.3s)
  [dbg] mean SINR_dB inside : 5.6574
  [dbg] mean SINR_dB outside: -15.9746
  [dbg] L_in=330.673  L_out=-107.849  L_uniform=473.501  L_min_j=0.534514  L_spread=[0]
  Iter  71/100  loss=1614.2361  (2.4s)
  [dbg] mean SINR_dB inside : 5.88005
  [dbg] mean SINR_dB outside: -16.019
  [dbg] L_in=315.024  L_out=-108.077  L_uniform=452.554  L_min_j=0.535528  L_spread=[0]
  Iter  72/100  loss=1484.6744  (2.1s)
  [dbg] mean SINR_dB inside : 6.1244
  [dbg] mean SINR_dB outside: -15.8228
  [dbg] L_in=298.401  L_out=-106.662  L_uniform=430.546  L_min_j=0.536479  L_spread=[0]
  Iter  73/100  loss=1363.6381  (2.1s)
  [dbg] mean SINR_dB inside : 5.90368
  [dbg] mean SINR_dB outside: -16.0181
  [dbg] L_in=313.886  L_out=-108.073  L_uniform=451.375  L_min_j=0.537376  L_spread=[0]
  Iter  74/100  loss=1475.5005  (2.0s)
  [dbg] mean SINR_dB inside : 5.59949
  [dbg] mean SINR_dB outside: -15.8078
  [dbg] L_in=330.884  L_out=-106.707  L_uniform=471.221  L_min_j=0.538217  L_spread=[0]
  Iter  75/100  loss=1627.1263  (2.0s)
  [dbg] mean SINR_dB inside : 5.829
  [dbg] mean SINR_dB outside: -15.8339
  [dbg] L_in=316.971  L_out=-106.686  L_uniform=454.086  L_min_j=0.539032  L_spread=[0]
  Iter  76/100  loss=1514.3168  (2.1s)
  [dbg] mean SINR_dB inside : 6.06216
  [dbg] mean SINR_dB outside: -15.9759
  [dbg] L_in=303.691  L_out=-107.785  L_uniform=438.277  L_min_j=0.539803  L_spread=[0]
  Iter  77/100  loss=1395.4987  (2.1s)
  [dbg] mean SINR_dB inside : 5.7521
  [dbg] mean SINR_dB outside: -15.813
  [dbg] L_in=323.863  L_out=-106.634  L_uniform=464.3  L_min_j=0.540527  L_spread=[0]
  Iter  78/100  loss=1570.9930  (2.2s)
  [dbg] mean SINR_dB inside : 5.88664
  [dbg] mean SINR_dB outside: -15.6408
  [dbg] L_in=311.524  L_out=-105.303  L_uniform=445.861  L_min_j=0.541196  L_spread=[0]
  Iter  79/100  loss=1483.7441  (2.1s)
  [dbg] mean SINR_dB inside : 5.81809
  [dbg] mean SINR_dB outside: -15.7078
  [dbg] L_in=317.632  L_out=-105.913  L_uniform=454.907  L_min_j=0.541816  L_spread=[0]
  Iter  80/100  loss=1527.4186  (2.1s)
  [dbg] mean SINR_dB inside : 5.7151
  [dbg] mean SINR_dB outside: -15.8425
  [dbg] L_in=325.164  L_out=-106.897  L_uniform=465.178  L_min_j=0.542399  L_spread=[0]
  Iter  81/100  loss=1578.8553  (2.1s)
  [dbg] mean SINR_dB inside : 5.88324
  [dbg] mean SINR_dB outside: -15.937
  [dbg] L_in=312.249  L_out=-107.579  L_uniform=447.152  L_min_j=0.542941  L_spread=[0]
  Iter  82/100  loss=1466.9138  (2.1s)
  [dbg] mean SINR_dB inside : 5.7764
  [dbg] mean SINR_dB outside: -15.7938
  [dbg] L_in=321.033  L_out=-106.493  L_uniform=459.764  L_min_j=0.543435  L_spread=[0]
  Iter  83/100  loss=1549.3104  (2.0s)
  [dbg] mean SINR_dB inside : 5.6494
  [dbg] mean SINR_dB outside: -15.9372
  [dbg] L_in=325.966  L_out=-107.539  L_uniform=463.718  L_min_j=0.543876  L_spread=[0]
  Iter  84/100  loss=1578.7065  (2.0s)
  [dbg] mean SINR_dB inside : 5.76886
  [dbg] mean SINR_dB outside: -15.9077
  [dbg] L_in=319.9  L_out=-107.278  L_uniform=457.152  L_min_j=0.544268  L_spread=[0]
  Iter  85/100  loss=1532.1382  (2.1s)
  [dbg] mean SINR_dB inside : 5.89648
  [dbg] mean SINR_dB outside: -15.9085
  [dbg] L_in=313.274  L_out=-107.353  L_uniform=449.812  L_min_j=0.5446  L_spread=[0]
  Iter  86/100  loss=1477.6432  (1.9s)
  [dbg] mean SINR_dB inside : 6.13289
  [dbg] mean SINR_dB outside: -15.9786
  [dbg] L_in=296.156  L_out=-107.749  L_uniform=426.423  L_min_j=0.544894  L_spread=[0]
  Iter  87/100  loss=1334.4019  (2.1s)
  [dbg] mean SINR_dB inside : 5.73104
  [dbg] mean SINR_dB outside: -15.8587
  [dbg] L_in=321.512  L_out=-107.096  L_uniform=458.619  L_min_j=0.54516  L_spread=[0]
  Iter  88/100  loss=1546.9950  (2.1s)
  [dbg] mean SINR_dB inside : 5.93818
  [dbg] mean SINR_dB outside: -15.5875
  [dbg] L_in=309.729  L_out=-105.056  L_uniform=444.65  L_min_j=0.545385  L_spread=[0]
  Iter  89/100  loss=1471.7344  (2.1s)
  [dbg] mean SINR_dB inside : 5.69702
  [dbg] mean SINR_dB outside: -16.0197
  [dbg] L_in=327.162  L_out=-108.189  L_uniform=468.332  L_min_j=0.545583  L_spread=[0]
  Iter  90/100  loss=1582.2417  (1.9s)
  [dbg] mean SINR_dB inside : 5.55963
  [dbg] mean SINR_dB outside: -16.0298
  [dbg] L_in=332.844  L_out=-108.224  L_uniform=473.274  L_min_j=0.54575  L_spread=[0]
  Iter  91/100  loss=1627.8413  (2.1s)
  [dbg] mean SINR_dB inside : 5.54132
  [dbg] mean SINR_dB outside: -15.796
  [dbg] L_in=329.822  L_out=-106.576  L_uniform=466.375  L_min_j=0.545888  L_spread=[0]
  Iter  92/100  loss=1619.4611  (2.1s)
  [dbg] mean SINR_dB inside : 5.70213
  [dbg] mean SINR_dB outside: -15.7582
  [dbg] L_in=325.295  L_out=-106.349  L_uniform=464.838  L_min_j=0.545996  L_spread=[0]
  Iter  93/100  loss=1585.3601  (1.9s)
  [dbg] mean SINR_dB inside : 5.92746
  [dbg] mean SINR_dB outside: -15.7381
  [dbg] L_in=310.7  L_out=-106.058  L_uniform=446.097  L_min_j=0.546082  L_spread=[0]
  Iter  94/100  loss=1469.6267  (2.0s)
  [dbg] mean SINR_dB inside : 5.88298
  [dbg] mean SINR_dB outside: -15.8617
  [dbg] L_in=321.33  L_out=-106.926  L_uniform=465.297  L_min_j=0.546148  L_spread=[0]
  Iter  95/100  loss=1547.9100  (2.1s)
  [dbg] mean SINR_dB inside : 5.80333
  [dbg] mean SINR_dB outside: -15.796
  [dbg] L_in=319.153  L_out=-106.638  L_uniform=457.24  L_min_j=0.546197  L_spread=[0]
  Iter  96/100  loss=1532.5681  (1.9s)
  [dbg] mean SINR_dB inside : 5.85308
  [dbg] mean SINR_dB outside: -16.0025
  [dbg] L_in=314.32  L_out=-107.981  L_uniform=449.898  L_min_j=0.546232  L_spread=[0]
  Iter  97/100  loss=1479.7354  (1.9s)
  [dbg] mean SINR_dB inside : 5.75563
  [dbg] mean SINR_dB outside: -15.756
  [dbg] L_in=319.639  L_out=-106.304  L_uniform=456.015  L_min_j=0.546253  L_spread=[0]
  Iter  98/100  loss=1539.6681  (2.1s)
  [dbg] mean SINR_dB inside : 5.60246
  [dbg] mean SINR_dB outside: -15.7688
  [dbg] L_in=330.662  L_out=-106.425  L_uniform=470.916  L_min_j=0.546266  L_spread=[0]
  Iter  99/100  loss=1628.1362  (2.0s)
  [dbg] mean SINR_dB inside : 5.73099
  [dbg] mean SINR_dB outside: -15.8363
  [dbg] L_in=327.193  L_out=-106.876  L_uniform=469.975  L_min_j=0.546271  L_spread=[0]
  Iter 100/100  loss=1595.7777  (2.1s)

======================================================================
OPTIMIZATION COMPLETE  (216.1s)
  bs_0: Az=156.8°, El=-13.1°, pos=(374.0, -196.8)
  bs_1: Az=19.4°, El=-12.3°, pos=(-399.6, -111.5)
  bs_2: Az=272.1°, El=-9.4°, pos=(-5.5, 425.7)
  bs_3: Az=50.9°, El=-9.5°, pos=(-151.3, -397.9)
  jam_1 [OFF gate=0.250]: Az=154.2°, El=-90.0°, pos=(544.5, -290.4, 11.2), pwr=18.8 dBm
  jam_2 [ON  gate=0.844]: Az=113.5°, El=-90.0°, pos=(250.8, -582.2, 34.8), pwr=22.2 dBm
  jam_3 [OFF gate=0.234]: Az=65.0°, El=-90.0°, pos=(-177.0, -617.3, 15.9), pwr=18.8 dBm
  jam_4 [OFF gate=0.269]: Az=22.0°, El=-90.0°, pos=(-595.8, -173.2, 21.5), pwr=19.0 dBm
  jam_5 [ON  gate=0.827]: Az=336.3°, El=-90.0°, pos=(-547.8, 212.1, 29.3), pwr=22.0 dBm
  jam_6 [OFF gate=0.228]: Az=289.3°, El=-90.0°, pos=(-215.6, 548.2, 8.4), pwr=18.7 dBm
  jam_7 [ON  gate=0.917]: Az=250.5°, El=-90.0°, pos=(277.2, 539.6, 25.0), pwr=23.6 dBm
  jam_8 [ON  gate=0.802]: Az=197.5°, El=-90.0°, pos=(545.6, 236.3, 18.7), pwr=21.7 dBm
======================================================================

  Joint:   216.1s total, 2.16s/iter
  Evaluating...

======================================================================
BS PARAMETERS  —  BEFORE / AFTER
======================================================================
  Name           Param         Initial   Optimised       Delta
  ----------------------------------------------------------------
  bs_0           Azimuth      +159.17°    +156.83°      -2.34°
                 Elevation      -9.31°     -13.08°      -3.77°
                 X (m)          +409.2      +374.0       -35.2
                 Y (m)          -175.1      -196.8       -21.7
                 Power dBm      +35.00      +39.95       +4.95
  ----------------------------------------------------------------
  bs_1           Azimuth       +17.21°     +19.41°      +2.19°
                 Elevation      -9.27°     -12.28°      -3.01°
                 X (m)          -430.4      -399.6       +30.8
                 Y (m)          -112.2      -111.5        +0.6
                 Power dBm      +35.00      +40.00       +5.00
  ----------------------------------------------------------------
  bs_2           Azimuth      +270.15°    +272.12°      +1.97°
                 Elevation      -7.18°      -9.38°      -2.20°
                 X (m)           +31.9        -5.5       -37.4
                 Y (m)          +493.0      +425.7       -67.3
                 Power dBm      +35.00      +40.00       +5.00
  ----------------------------------------------------------------
  bs_3           Azimuth       +53.90°     +50.89°      -3.01°
                 Elevation      -9.58°      -9.53°      +0.05°
                 X (m)          -133.6      -151.3       -17.6
                 Y (m)          -451.1      -397.9       +53.2
                 Power dBm      +35.00      +40.00       +5.00
  ----------------------------------------------------------------
======================================================================

Computing RadioMap for optimized BS configuration...
Computing RadioMap for 4/8 active jammers...
[verify] jam_interference_map: mean=7.580e-11 W  | mean SINR shift (BS-only − BS+Jam) = +1.046 dB

======================================================================
BS-ONLY SINR CONTAINMENT  (gamma = +0.0 dB)
======================================================================
  bs_0:
    rho_leak  (outside >= gamma):  30.1%
    rho_hole  (inside  <  gamma):  13.9%
    SINR inside  mean / p10: +9.9 / -2.4 dB
    SINR outside mean / p10: -18.1 / -39.8 dB

  bs_1:
    rho_leak  (outside >= gamma):  30.1%
    rho_hole  (inside  <  gamma):  13.9%
    SINR inside  mean / p10: +9.9 / -2.4 dB
    SINR outside mean / p10: -18.1 / -39.8 dB

  bs_2:
    rho_leak  (outside >= gamma):  30.1%
    rho_hole  (inside  <  gamma):  13.9%
    SINR inside  mean / p10: +9.9 / -2.4 dB
    SINR outside mean / p10: -18.1 / -39.8 dB

  bs_3:
    rho_leak  (outside >= gamma):  30.1%
    rho_hole  (inside  <  gamma):  13.9%
    SINR inside  mean / p10: +9.9 / -2.4 dB
    SINR outside mean / p10: -18.1 / -39.8 dB

======================================================================
BS+JAMMER SINR CONTAINMENT  (gamma = +0.0 dB)
======================================================================
  bs_0:
    rho_leak  (outside >= gamma):  25.1%
    rho_hole  (inside  <  gamma):  14.0%
    SINR inside  mean / p10: +9.7 / -2.4 dB
    SINR outside mean / p10: -19.9 / -42.9 dB

  bs_1:
    rho_leak  (outside >= gamma):  25.1%
    rho_hole  (inside  <  gamma):  14.0%
    SINR inside  mean / p10: +9.7 / -2.4 dB
    SINR outside mean / p10: -19.9 / -42.9 dB

  bs_2:
    rho_leak  (outside >= gamma):  25.1%
    rho_hole  (inside  <  gamma):  14.0%
    SINR inside  mean / p10: +9.7 / -2.4 dB
    SINR outside mean / p10: -19.9 / -42.9 dB

  bs_3:
    rho_leak  (outside >= gamma):  25.1%
    rho_hole  (inside  <  gamma):  14.0%
    SINR inside  mean / p10: +9.7 / -2.4 dB
    SINR outside mean / p10: -19.9 / -42.9 dB

======================================================================

  Saved → ../results/duke/circle_large_n300

[  6/16] START circle_large_n500
Creating polygon
  Zone cells: 1467218
seed_bs_positions: cluster 3 has no candidate >= 250.0 m from existing BSs; relaxing separation constraint for this station.
  bs_0: (371.6, -138.3, 50.0)
  bs_1: (-385.9, -91.4, 50.0)
  bs_2: (16.5, 396.2, 50.0)
  bs_3: (-214.4, -333.8, 50.0)
  Jammers: 8 evenly placed at 200 m standoff
  Run 1: BS warm-up (100 iter, inside coverage only)
-700.0

======================================================================
MULTI-TX SIR OPTIMIZATION  (4 transmitters)
======================================================================
Tx Position: [371.63970947265625, -138.33380126953125, 50.0]
look_at_position: [0.0, 0.0, 1.5]
Tx Position: [-385.865234375, -91.43533325195312, 50.0]
look_at_position: [0.0, 0.0, 1.5]
Tx Position: [16.497787475585938, 396.18603515625, 50.0]
look_at_position: [0.0, 0.0, 1.5]
Tx Position: [-214.40602111816406, -333.7804870605469, 50.0]
look_at_position: [0.0, 0.0, 1.5]
  [dbg] mean SINR_dB inside : 4.33115
  [dbg] mean SINR_dB outside: -12.6758
  [dbg] L_in=367.324  L_out=0.961802  L_uniform=483.047  L_min_j=[0]  L_spread=[0]
  Iter   1/100  loss=3721.5461  (6.2s)
  [dbg] mean SINR_dB inside : 4.40223
  [dbg] mean SINR_dB outside: -13.0552
  [dbg] L_in=374.093  L_out=0.993699  L_uniform=500.085  L_min_j=[0]  L_spread=[0]
  Iter   2/100  loss=3790.9417  (1.2s)
  [dbg] mean SINR_dB inside : 4.41103
  [dbg] mean SINR_dB outside: -14.0713
  [dbg] L_in=385.483  L_out=1.10627  L_uniform=523.321  L_min_j=[0]  L_spread=[0]
  Iter   3/100  loss=3907.1667  (1.2s)
  [dbg] mean SINR_dB inside : 4.71394
  [dbg] mean SINR_dB outside: -14.2469
  [dbg] L_in=374.434  L_out=1.4614  L_uniform=516.043  L_min_j=[0]  L_spread=[0]
  Iter   4/100  loss=3795.9453  (1.2s)
  [dbg] mean SINR_dB inside : 5.07314
  [dbg] mean SINR_dB outside: -13.7289
  [dbg] L_in=364.024  L_out=1.87636  L_uniform=512.556  L_min_j=[0]  L_spread=[0]
  Iter   5/100  loss=3691.4922  (1.2s)
  [dbg] mean SINR_dB inside : 5.21238
  [dbg] mean SINR_dB outside: -13.571
  [dbg] L_in=354.574  L_out=2.18582  L_uniform=500.331  L_min_j=[0]  L_spread=[0]
  Iter   6/100  loss=3595.7751  (1.3s)
  [dbg] mean SINR_dB inside : 5.40123
  [dbg] mean SINR_dB outside: -13.2289
  [dbg] L_in=350.594  L_out=2.77767  L_uniform=501.316  L_min_j=[0]  L_spread=[0]
  Iter   7/100  loss=3556.0708  (1.2s)
  [dbg] mean SINR_dB inside : 5.52524
  [dbg] mean SINR_dB outside: -13.1297
  [dbg] L_in=340.615  L_out=3.39545  L_uniform=487.253  L_min_j=[0]  L_spread=[0]
  Iter   8/100  loss=3454.8777  (1.2s)
  [dbg] mean SINR_dB inside : 5.51527
  [dbg] mean SINR_dB outside: -12.8468
  [dbg] L_in=347.189  L_out=3.93316  L_uniform=499.916  L_min_j=[0]  L_spread=[0]
  Iter   9/100  loss=3521.8823  (1.2s)
  [dbg] mean SINR_dB inside : 5.81402
  [dbg] mean SINR_dB outside: -12.7752
  [dbg] L_in=331.55  L_out=4.53997  L_uniform=482.606  L_min_j=[0]  L_spread=[0]
  Iter  10/100  loss=3363.7627  (1.2s)
  [dbg] mean SINR_dB inside : 5.74401
  [dbg] mean SINR_dB outside: -12.7079
  [dbg] L_in=335.404  L_out=5.03821  L_uniform=487.07  L_min_j=[0]  L_spread=[0]
  Iter  11/100  loss=3402.7441  (1.2s)
  [dbg] mean SINR_dB inside : 5.89971
  [dbg] mean SINR_dB outside: -12.5181
  [dbg] L_in=324.934  L_out=5.81196  L_uniform=473.336  L_min_j=[0]  L_spread=[0]
  Iter  12/100  loss=3296.6724  (1.2s)
  [dbg] mean SINR_dB inside : 5.88364
  [dbg] mean SINR_dB outside: -12.3566
  [dbg] L_in=329.508  L_out=6.46884  L_uniform=481.739  L_min_j=[0]  L_spread=[0]
  Iter  13/100  loss=3343.2554  (1.3s)
  [dbg] mean SINR_dB inside : 5.99125
  [dbg] mean SINR_dB outside: -12.1601
  [dbg] L_in=322.704  L_out=6.68048  L_uniform=473.059  L_min_j=[0]  L_spread=[0]
  Iter  14/100  loss=3274.3477  (1.3s)
  [dbg] mean SINR_dB inside : 5.99747
  [dbg] mean SINR_dB outside: -11.9818
  [dbg] L_in=322.483  L_out=8.05764  L_uniform=472.927  L_min_j=[0]  L_spread=[0]
  Iter  15/100  loss=3272.1184  (1.2s)
  [dbg] mean SINR_dB inside : 6.43254
  [dbg] mean SINR_dB outside: -11.6093
  [dbg] L_in=302.153  L_out=8.89073  L_uniform=452.112  L_min_j=[0]  L_spread=[0]
  Iter  16/100  loss=3066.7371  (1.2s)
  [dbg] mean SINR_dB inside : 6.67975
  [dbg] mean SINR_dB outside: -11.4323
  [dbg] L_in=292.297  L_out=9.82954  L_uniform=443.521  L_min_j=[0]  L_spread=[0]
  Iter  17/100  loss=2967.3213  (1.2s)
  [dbg] mean SINR_dB inside : 6.87124
  [dbg] mean SINR_dB outside: -10.9218
  [dbg] L_in=285.801  L_out=10.6278  L_uniform=439.047  L_min_j=[0]  L_spread=[0]
  Iter  18/100  loss=2901.9138  (1.2s)
  [dbg] mean SINR_dB inside : 6.6106
  [dbg] mean SINR_dB outside: -10.9483
  [dbg] L_in=292.578  L_out=11.2438  L_uniform=441.002  L_min_j=[0]  L_spread=[0]
  Iter  19/100  loss=2969.8811  (1.3s)
  [dbg] mean SINR_dB inside : 6.62923
  [dbg] mean SINR_dB outside: -10.7562
  [dbg] L_in=290.579  L_out=12.0871  L_uniform=437.804  L_min_j=[0]  L_spread=[0]
  Iter  20/100  loss=2949.5684  (1.3s)
  [dbg] mean SINR_dB inside : 6.80675
  [dbg] mean SINR_dB outside: -10.5969
  [dbg] L_in=284.445  L_out=13.0162  L_uniform=433.46  L_min_j=[0]  L_spread=[0]
  Iter  21/100  loss=2887.8005  (1.3s)
  [dbg] mean SINR_dB inside : 6.6545
  [dbg] mean SINR_dB outside: -10.5325
  [dbg] L_in=290.512  L_out=13.7035  L_uniform=438.818  L_min_j=[0]  L_spread=[0]
  Iter  22/100  loss=2949.0005  (1.3s)
  [dbg] mean SINR_dB inside : 6.71513
  [dbg] mean SINR_dB outside: -10.1096
  [dbg] L_in=290.735  L_out=14.8699  L_uniform=441.975  L_min_j=[0]  L_spread=[0]
  Iter  23/100  loss=2951.5437  (1.2s)
  [dbg] mean SINR_dB inside : 6.93563
  [dbg] mean SINR_dB outside: -9.92923
  [dbg] L_in=278.909  L_out=15.3716  L_uniform=428.111  L_min_j=[0]  L_spread=[0]
  Iter  24/100  loss=2831.9060  (1.2s)
  [dbg] mean SINR_dB inside : 6.94544
  [dbg] mean SINR_dB outside: -9.74205
  [dbg] L_in=275.649  L_out=16.0437  L_uniform=422.037  L_min_j=[0]  L_spread=[0]
  Iter  25/100  loss=2798.6963  (1.2s)
  [dbg] mean SINR_dB inside : 6.83602
  [dbg] mean SINR_dB outside: -9.48337
  [dbg] L_in=288.03  L_out=16.9933  L_uniform=441.978  L_min_j=[0]  L_spread=[0]
  Iter  26/100  loss=2924.5005  (1.3s)
  [dbg] mean SINR_dB inside : 7.14554
  [dbg] mean SINR_dB outside: -9.39192
  [dbg] L_in=271.155  L_out=17.6731  L_uniform=421.856  L_min_j=[0]  L_spread=[0]
  Iter  27/100  loss=2753.7322  (1.2s)
  [dbg] mean SINR_dB inside : 7.37364
  [dbg] mean SINR_dB outside: -9.38449
  [dbg] L_in=266.311  L_out=18.4078  L_uniform=422.072  L_min_j=[0]  L_spread=[0]
  Iter  28/100  loss=2705.3191  (1.2s)
  [dbg] mean SINR_dB inside : 7.43741
  [dbg] mean SINR_dB outside: -9.05388
  [dbg] L_in=260.584  L_out=19.0165  L_uniform=413.356  L_min_j=[0]  L_spread=[0]
  Iter  29/100  loss=2647.1714  (1.3s)
  [dbg] mean SINR_dB inside : 7.53256
  [dbg] mean SINR_dB outside: -8.94297
  [dbg] L_in=258.845  L_out=20.0164  L_uniform=413.962  L_min_j=[0]  L_spread=[0]
  Iter  30/100  loss=2629.8462  (1.2s)
  [dbg] mean SINR_dB inside : 7.59613
  [dbg] mean SINR_dB outside: -8.90916
  [dbg] L_in=259.289  L_out=20.2164  L_uniform=417.567  L_min_j=[0]  L_spread=[0]
  Iter  31/100  loss=2634.6467  (1.2s)
  [dbg] mean SINR_dB inside : 7.71523
  [dbg] mean SINR_dB outside: -8.83808
  [dbg] L_in=254.274  L_out=20.4866  L_uniform=412.635  L_min_j=[0]  L_spread=[0]
  Iter  32/100  loss=2583.9998  (1.3s)
  [dbg] mean SINR_dB inside : 7.61806
  [dbg] mean SINR_dB outside: -8.70536
  [dbg] L_in=255.401  L_out=20.7381  L_uniform=410.723  L_min_j=[0]  L_spread=[0]
  Iter  33/100  loss=2595.0820  (1.3s)
  [dbg] mean SINR_dB inside : 7.77588
  [dbg] mean SINR_dB outside: -8.89885
  [dbg] L_in=248.891  L_out=21.5456  L_uniform=404.423  L_min_j=[0]  L_spread=[0]
  Iter  34/100  loss=2529.3542  (1.2s)
  [dbg] mean SINR_dB inside : 7.80864
  [dbg] mean SINR_dB outside: -8.75051
  [dbg] L_in=246.194  L_out=21.8174  L_uniform=400.438  L_min_j=[0]  L_spread=[0]
  Iter  35/100  loss=2501.9858  (1.2s)
  [dbg] mean SINR_dB inside : 7.86128
  [dbg] mean SINR_dB outside: -8.48274
  [dbg] L_in=243.788  L_out=22.3877  L_uniform=397.844  L_min_j=[0]  L_spread=[0]
  Iter  36/100  loss=2477.6650  (1.3s)
  [dbg] mean SINR_dB inside : 7.8443
  [dbg] mean SINR_dB outside: -8.53826
  [dbg] L_in=243.797  L_out=22.5251  L_uniform=397.155  L_min_j=[0]  L_spread=[0]
  Iter  37/100  loss=2477.6819  (1.2s)
  [dbg] mean SINR_dB inside : 7.68042
  [dbg] mean SINR_dB outside: -8.39567
  [dbg] L_in=257.159  L_out=23.7657  L_uniform=416.881  L_min_j=[0]  L_spread=[0]
  Iter  38/100  loss=2613.2732  (1.2s)
  [dbg] mean SINR_dB inside : 7.89752
  [dbg] mean SINR_dB outside: -8.28091
  [dbg] L_in=245.164  L_out=24.6743  L_uniform=402.098  L_min_j=[0]  L_spread=[0]
  Iter  39/100  loss=2491.8496  (1.2s)
  [dbg] mean SINR_dB inside : 7.78941
  [dbg] mean SINR_dB outside: -8.31686
  [dbg] L_in=252.487  L_out=24.713  L_uniform=412.182  L_min_j=[0]  L_spread=[0]
  Iter  40/100  loss=2566.0876  (1.2s)
  [dbg] mean SINR_dB inside : 8.00858
  [dbg] mean SINR_dB outside: -8.04018
  [dbg] L_in=242.845  L_out=25.3343  L_uniform=402.15  L_min_j=[0]  L_spread=[0]
  Iter  41/100  loss=2468.6624  (1.3s)
  [dbg] mean SINR_dB inside : 8.16132
  [dbg] mean SINR_dB outside: -8.03627
  [dbg] L_in=233.257  L_out=25.2081  L_uniform=389.342  L_min_j=[0]  L_spread=[0]
  Iter  42/100  loss=2371.5073  (1.3s)
  [dbg] mean SINR_dB inside : 8.01118
  [dbg] mean SINR_dB outside: -8.10624
  [dbg] L_in=241.778  L_out=25.67  L_uniform=400.122  L_min_j=[0]  L_spread=[0]
  Iter  43/100  loss=2457.7878  (1.5s)
  [dbg] mean SINR_dB inside : 8.28754
  [dbg] mean SINR_dB outside: -8.03754
  [dbg] L_in=225.634  L_out=26.5827  L_uniform=379.356  L_min_j=[0]  L_spread=[0]
  Iter  44/100  loss=2294.2747  (1.2s)
  [dbg] mean SINR_dB inside : 8.34147
  [dbg] mean SINR_dB outside: -7.96377
  [dbg] L_in=226.123  L_out=26.5133  L_uniform=382.57  L_min_j=[0]  L_spread=[0]
  Iter  45/100  loss=2299.4890  (1.2s)
  [dbg] mean SINR_dB inside : 8.40881
  [dbg] mean SINR_dB outside: -7.78827
  [dbg] L_in=223.066  L_out=26.7043  L_uniform=379.189  L_min_j=[0]  L_spread=[0]
  Iter  46/100  loss=2268.5815  (1.2s)
  [dbg] mean SINR_dB inside : 8.23012
  [dbg] mean SINR_dB outside: -7.8397
  [dbg] L_in=232.939  L_out=26.6967  L_uniform=391.551  L_min_j=[0]  L_spread=[0]
  Iter  47/100  loss=2368.5425  (1.2s)
  [dbg] mean SINR_dB inside : 8.57716
  [dbg] mean SINR_dB outside: -7.58108
  [dbg] L_in=215.462  L_out=27.068  L_uniform=370.897  L_min_j=[0]  L_spread=[0]
  Iter  48/100  loss=2191.7107  (1.2s)
  [dbg] mean SINR_dB inside : 8.32867
  [dbg] mean SINR_dB outside: -7.55627
  [dbg] L_in=230.837  L_out=27.0994  L_uniform=391.429  L_min_j=[0]  L_spread=[0]
  Iter  49/100  loss=2347.5095  (1.2s)
  [dbg] mean SINR_dB inside : 8.43525
  [dbg] mean SINR_dB outside: -7.69515
  [dbg] L_in=226.8  L_out=27.2204  L_uniform=387.729  L_min_j=[0]  L_spread=[0]
  Iter  50/100  loss=2306.7690  (1.2s)
  [dbg] mean SINR_dB inside : 8.33423
  [dbg] mean SINR_dB outside: -7.46274
  [dbg] L_in=232.75  L_out=27.2987  L_uniform=395.479  L_min_j=[0]  L_spread=[0]
  Iter  51/100  loss=2367.0469  (1.2s)
  [dbg] mean SINR_dB inside : 8.31375
  [dbg] mean SINR_dB outside: -7.52312
  [dbg] L_in=233.079  L_out=27.0285  L_uniform=395.284  L_min_j=[0]  L_spread=[0]
  Iter  52/100  loss=2370.3149  (1.1s)
  [dbg] mean SINR_dB inside : 8.56187
  [dbg] mean SINR_dB outside: -7.49644
  [dbg] L_in=223.887  L_out=27.2553  L_uniform=387.113  L_min_j=[0]  L_spread=[0]
  Iter  53/100  loss=2277.5771  (1.2s)
  [dbg] mean SINR_dB inside : 8.55985
  [dbg] mean SINR_dB outside: -7.34903
  [dbg] L_in=223.159  L_out=27.4232  L_uniform=385.598  L_min_j=[0]  L_spread=[0]
  Iter  54/100  loss=2270.1504  (1.2s)
  [dbg] mean SINR_dB inside : 8.41271
  [dbg] mean SINR_dB outside: -7.49807
  [dbg] L_in=230.39  L_out=27.5513  L_uniform=394.017  L_min_j=[0]  L_spread=[0]
  Iter  55/100  loss=2343.3030  (1.2s)
  [dbg] mean SINR_dB inside : 8.63889
  [dbg] mean SINR_dB outside: -7.17878
  [dbg] L_in=219.339  L_out=27.5978  L_uniform=381.182  L_min_j=[0]  L_spread=[0]
  Iter  56/100  loss=2231.5122  (1.1s)
  [dbg] mean SINR_dB inside : 8.72605
  [dbg] mean SINR_dB outside: -7.49746
  [dbg] L_in=216.145  L_out=27.7445  L_uniform=378.306  L_min_j=[0]  L_spread=[0]
  Iter  57/100  loss=2199.2769  (1.2s)
  [dbg] mean SINR_dB inside : 8.71076
  [dbg] mean SINR_dB outside: -7.26142
  [dbg] L_in=213.659  L_out=27.8079  L_uniform=372.731  L_min_j=[0]  L_spread=[0]
  Iter  58/100  loss=2173.8625  (1.2s)
  [dbg] mean SINR_dB inside : 8.81591
  [dbg] mean SINR_dB outside: -7.23101
  [dbg] L_in=212.532  L_out=27.8611  L_uniform=374.744  L_min_j=[0]  L_spread=[0]
  Iter  59/100  loss=2162.7939  (1.2s)
  [dbg] mean SINR_dB inside : 8.60741
  [dbg] mean SINR_dB outside: -7.00682
  [dbg] L_in=218.855  L_out=27.9709  L_uniform=378.924  L_min_j=[0]  L_spread=[0]
  Iter  60/100  loss=2226.4475  (1.2s)
  [dbg] mean SINR_dB inside : 8.85598
  [dbg] mean SINR_dB outside: -7.20153
  [dbg] L_in=211.183  L_out=28.4944  L_uniform=373.671  L_min_j=[0]  L_spread=[0]
  Iter  61/100  loss=2149.1934  (1.2s)
  [dbg] mean SINR_dB inside : 9.21651
  [dbg] mean SINR_dB outside: -7.19963
  [dbg] L_in=192.429  L_out=28.0309  L_uniform=350.554  L_min_j=[0]  L_spread=[0]
  Iter  62/100  loss=1959.3405  (1.1s)
  [dbg] mean SINR_dB inside : 8.86519
  [dbg] mean SINR_dB outside: -7.15631
  [dbg] L_in=210.707  L_out=28.1744  L_uniform=373.084  L_min_j=[0]  L_spread=[0]
  Iter  63/100  loss=2144.3801  (1.2s)
  [dbg] mean SINR_dB inside : 9.03361
  [dbg] mean SINR_dB outside: -7.07612
  [dbg] L_in=199.878  L_out=28.6054  L_uniform=358.189  L_min_j=[0]  L_spread=[0]
  Iter  64/100  loss=2034.5962  (1.2s)
  [dbg] mean SINR_dB inside : 8.97925
  [dbg] mean SINR_dB outside: -7.17326
  [dbg] L_in=203.031  L_out=28.2594  L_uniform=362.308  L_min_j=[0]  L_spread=[0]
  Iter  65/100  loss=2066.5400  (1.2s)
  [dbg] mean SINR_dB inside : 9.09968
  [dbg] mean SINR_dB outside: -6.98599
  [dbg] L_in=200.188  L_out=28.59  L_uniform=361.498  L_min_j=[0]  L_spread=[0]
  Iter  66/100  loss=2038.0343  (1.2s)
  [dbg] mean SINR_dB inside : 8.95315
  [dbg] mean SINR_dB outside: -7.12125
  [dbg] L_in=205.566  L_out=28.7538  L_uniform=366.372  L_min_j=[0]  L_spread=[0]
  Iter  67/100  loss=2092.2954  (1.1s)
  [dbg] mean SINR_dB inside : 9.05324
  [dbg] mean SINR_dB outside: -7.04637
  [dbg] L_in=203.698  L_out=28.8395  L_uniform=366.634  L_min_j=[0]  L_spread=[0]
  Iter  68/100  loss=2073.6433  (1.2s)
  [dbg] mean SINR_dB inside : 8.89958
  [dbg] mean SINR_dB outside: -7.09082
  [dbg] L_in=210.846  L_out=28.7899  L_uniform=374.8  L_min_j=[0]  L_spread=[0]
  Iter  69/100  loss=2145.9373  (1.1s)
  [dbg] mean SINR_dB inside : 8.9051
  [dbg] mean SINR_dB outside: -6.756
  [dbg] L_in=210.133  L_out=29.1231  L_uniform=373.589  L_min_j=[0]  L_spread=[0]
  Iter  70/100  loss=2138.6917  (1.1s)
  [dbg] mean SINR_dB inside : 8.96234
  [dbg] mean SINR_dB outside: -7.05894
  [dbg] L_in=205.844  L_out=29.0583  L_uniform=367.274  L_min_j=[0]  L_spread=[0]
  Iter  71/100  loss=2095.1707  (1.1s)
  [dbg] mean SINR_dB inside : 8.98653
  [dbg] mean SINR_dB outside: -7.21666
  [dbg] L_in=206.77  L_out=28.9346  L_uniform=370.102  L_min_j=[0]  L_spread=[0]
  Iter  72/100  loss=2104.7146  (1.2s)
  [dbg] mean SINR_dB inside : 9.02267
  [dbg] mean SINR_dB outside: -7.01272
  [dbg] L_in=204.685  L_out=29.2556  L_uniform=367.384  L_min_j=[0]  L_spread=[0]
  Iter  73/100  loss=2083.5862  (1.2s)
  [dbg] mean SINR_dB inside : 9.21452
  [dbg] mean SINR_dB outside: -7.22406
  [dbg] L_in=192.664  L_out=29.3862  L_uniform=351.023  L_min_j=[0]  L_spread=[0]
  Iter  74/100  loss=1961.7457  (1.2s)
  [dbg] mean SINR_dB inside : 9.07076
  [dbg] mean SINR_dB outside: -6.90408
  [dbg] L_in=202.597  L_out=29.3447  L_uniform=365.144  L_min_j=[0]  L_spread=[0]
  Iter  75/100  loss=2062.4878  (1.2s)[0m[31m2026-05-24 22:38:34 WARN  [HDRFilm] Monochrome mode enabled, setting film output pixel format to 'luminance' (was rgb).

  [dbg] mean SINR_dB inside : 8.85339
  [dbg] mean SINR_dB outside: -6.86289
  [dbg] L_in=213.796  L_out=29.537  L_uniform=378.803  L_min_j=[0]  L_spread=[0]
  Iter  76/100  loss=2175.8398  (1.2s)
  [dbg] mean SINR_dB inside : 8.93284
  [dbg] mean SINR_dB outside: -6.79575
  [dbg] L_in=208.304  L_out=29.2925  L_uniform=371.09  L_min_j=[0]  L_spread=[0]
  Iter  77/100  loss=2120.1455  (1.1s)
  [dbg] mean SINR_dB inside : 9.02239
  [dbg] mean SINR_dB outside: -6.91424
  [dbg] L_in=205.47  L_out=29.399  L_uniform=368.979  L_min_j=[0]  L_spread=[0]
  Iter  78/100  loss=2091.6021  (1.2s)
  [dbg] mean SINR_dB inside : 8.97418
  [dbg] mean SINR_dB outside: -7.06947
  [dbg] L_in=207.065  L_out=29.623  L_uniform=370.216  L_min_j=[0]  L_spread=[0]
  Iter  79/100  loss=2107.6687  (1.2s)
  [dbg] mean SINR_dB inside : 8.9158
  [dbg] mean SINR_dB outside: -7.1808
  [dbg] L_in=211.266  L_out=29.3974  L_uniform=376.276  L_min_j=[0]  L_spread=[0]
  Iter  80/100  loss=2150.2856  (1.2s)
  [dbg] mean SINR_dB inside : 8.99533
  [dbg] mean SINR_dB outside: -6.89298
  [dbg] L_in=206.762  L_out=29.263  L_uniform=370.434  L_min_j=[0]  L_spread=[0]
  Iter  81/100  loss=2104.6597  (1.2s)
  [dbg] mean SINR_dB inside : 8.9315
  [dbg] mean SINR_dB outside: -7.07962
  [dbg] L_in=213.263  L_out=29.6863  L_uniform=380.921  L_min_j=[0]  L_spread=[0]
  Iter  82/100  loss=2170.7197  (0.9s)
  [dbg] mean SINR_dB inside : 9.1109
  [dbg] mean SINR_dB outside: -7.07112
  [dbg] L_in=203.125  L_out=29.459  L_uniform=367.844  L_min_j=[0]  L_spread=[0]
  Iter  83/100  loss=2068.0337  (1.2s)
  [dbg] mean SINR_dB inside : 9.02437
  [dbg] mean SINR_dB outside: -7.10986
  [dbg] L_in=206.108  L_out=29.5138  L_uniform=370.361  L_min_j=[0]  L_spread=[0]
  Iter  84/100  loss=2098.1165  (1.2s)
  [dbg] mean SINR_dB inside : 9.00879
  [dbg] mean SINR_dB outside: -7.00616
  [dbg] L_in=204.048  L_out=29.5333  L_uniform=365.583  L_min_j=[0]  L_spread=[0]
  Iter  85/100  loss=2077.0352  (1.1s)
  [dbg] mean SINR_dB inside : 9.1959
  [dbg] mean SINR_dB outside: -6.85355
  [dbg] L_in=201.525  L_out=29.5837  L_uniform=368.001  L_min_j=[0]  L_spread=[0]
  Iter  86/100  loss=2052.0474  (1.2s)
  [dbg] mean SINR_dB inside : 9.09863
  [dbg] mean SINR_dB outside: -6.83103
  [dbg] L_in=202.397  L_out=29.3467  L_uniform=365.815  L_min_j=[0]  L_spread=[0]
  Iter  87/100  loss=2060.5510  (0.9s)
  [dbg] mean SINR_dB inside : 8.91376
  [dbg] mean SINR_dB outside: -6.88027
  [dbg] L_in=213.7  L_out=29.3994  L_uniform=381.032  L_min_j=[0]  L_spread=[0]
  Iter  88/100  loss=2175.1003  (1.2s)
  [dbg] mean SINR_dB inside : 9.34055
  [dbg] mean SINR_dB outside: -7.12327
  [dbg] L_in=193.204  L_out=29.4287  L_uniform=357.066  L_min_j=[0]  L_spread=[0]
  Iter  89/100  loss=1967.7458  (1.2s)
  [dbg] mean SINR_dB inside : 9.07733
  [dbg] mean SINR_dB outside: -6.94742
  [dbg] L_in=205.348  L_out=29.5295  L_uniform=370.893  L_min_j=[0]  L_spread=[0]
  Iter  90/100  loss=2090.5667  (1.2s)
  [dbg] mean SINR_dB inside : 9.04725
  [dbg] mean SINR_dB outside: -6.89738
  [dbg] L_in=206.564  L_out=30.0145  L_uniform=372.141  L_min_j=[0]  L_spread=[0]
  Iter  91/100  loss=2102.8552  (0.9s)
  [dbg] mean SINR_dB inside : 9.10407
  [dbg] mean SINR_dB outside: -7.06462
  [dbg] L_in=203.554  L_out=29.9624  L_uniform=368.392  L_min_j=[0]  L_spread=[0]
  Iter  92/100  loss=2072.3792  (1.1s)
  [dbg] mean SINR_dB inside : 9.04414
  [dbg] mean SINR_dB outside: -7.00831
  [dbg] L_in=211.028  L_out=29.6103  L_uniform=380.984  L_min_j=[0]  L_spread=[0]
  Iter  93/100  loss=2148.3799  (0.9s)
  [dbg] mean SINR_dB inside : 9.35572
  [dbg] mean SINR_dB outside: -7.18489
  [dbg] L_in=189.698  L_out=29.5142  L_uniform=350.625  L_min_j=[0]  L_spread=[0]
  Iter  94/100  loss=1932.0446  (0.9s)
  [dbg] mean SINR_dB inside : 9.01381
  [dbg] mean SINR_dB outside: -7.14243
  [dbg] L_in=207.821  L_out=29.6068  L_uniform=373.35  L_min_j=[0]  L_spread=[0]
  Iter  95/100  loss=2115.5439  (1.1s)
  [dbg] mean SINR_dB inside : 9.14476
  [dbg] mean SINR_dB outside: -7.09349
  [dbg] L_in=203.227  L_out=29.815  L_uniform=369.342  L_min_j=[0]  L_spread=[0]
  Iter  96/100  loss=2069.2017  (0.9s)
  [dbg] mean SINR_dB inside : 8.9725
  [dbg] mean SINR_dB outside: -7.10439
  [dbg] L_in=208.073  L_out=29.564  L_uniform=372.145  L_min_j=[0]  L_spread=[0]
  Iter  97/100  loss=2117.9419  (0.9s)
  [dbg] mean SINR_dB inside : 9.1946
  [dbg] mean SINR_dB outside: -7.12638
  [dbg] L_in=198.843  L_out=29.8924  L_uniform=362.562  L_min_j=[0]  L_spread=[0]
  Iter  98/100  loss=2024.6909  (1.1s)
  [dbg] mean SINR_dB inside : 9.09159
  [dbg] mean SINR_dB outside: -6.86482
  [dbg] L_in=203.194  L_out=29.7446  L_uniform=367.184  L_min_j=[0]  L_spread=[0]
  Iter  99/100  loss=2068.6614  (0.9s)
  [dbg] mean SINR_dB inside : 9.23823
  [dbg] mean SINR_dB outside: -6.83854
  [dbg] L_in=200.332  L_out=29.7062  L_uniform=367.28  L_min_j=[0]  L_spread=[0]
  Iter 100/100  loss=2040.0497  (0.9s)

======================================================================
OPTIMIZATION COMPLETE  (123.8s)
  bs_0: Az=159.2°, El=-9.2°, pos=(414.2, -174.1)
  bs_1: Az=16.9°, El=-8.9°, pos=(-438.0, -113.4)
  bs_2: Az=268.3°, El=-7.2°, pos=(47.9, 497.9)
  bs_3: Az=53.8°, El=-9.2°, pos=(-145.9, -451.9)
======================================================================

  Warm-up: 123.8s total, 1.24s/iter
  Run 2: Joint optimization (100 iter, BS positions frozen)
-700.0

======================================================================
MULTI-TX SIR OPTIMIZATION  (4 transmitters)
======================================================================
Pre-created 1417 receivers (500 inside + 917 outside) across 4 base stations
Tx Position: [550.3499145507812, -238.58389282226562, 50.0]
look_at_position: [-2.3293987263526324e-15, -1.5754854456243946e-15, 1.5]
Tx Position: [220.45193481445312, -557.8604736328125, 50.0]
look_at_position: [-2.3293987263526324e-15, -1.5754854456243946e-15, 1.5]
Tx Position: [-238.58389282226562, -550.3499145507812, 50.0]
look_at_position: [-2.3293987263526324e-15, -1.5754854456243946e-15, 1.5]
Tx Position: [-557.8604736328125, -220.45193481445312, 50.0]
look_at_position: [-2.3293987263526324e-15, -1.5754854456243946e-15, 1.5]
Tx Position: [-550.3499145507812, 238.58389282226562, 50.0]
look_at_position: [-2.3293987263526324e-15, -1.5754854456243946e-15, 1.5]
Tx Position: [-220.45193481445312, 557.8604736328125, 50.0]
look_at_position: [-2.3293987263526324e-15, -1.5754854456243946e-15, 1.5]
Tx Position: [238.58389282226562, 550.3499145507812, 50.0]
look_at_position: [-2.3293987263526324e-15, -1.5754854456243946e-15, 1.5]
Tx Position: [557.8604736328125, 220.45193481445312, 50.0]
look_at_position: [-2.3293987263526324e-15, -1.5754854456243946e-15, 1.5]
  [dbg] mean SINR_dB inside : -2.35416
  [dbg] mean SINR_dB outside: -23.4204
  [dbg] L_in=695.046  L_out=-162.05  L_uniform=764.009  L_min_j=0.5  L_spread=[0]
  Iter   1/100  loss=4016.2747  (7.1s)
  [dbg] mean SINR_dB inside : 0.498147
  [dbg] mean SINR_dB outside: -17.375
  [dbg] L_in=553.333  L_out=-117.363  L_uniform=651.311  L_min_j=0.475021  L_spread=[0]
  Iter   2/100  loss=3318.1685  (2.6s)
  [dbg] mean SINR_dB inside : 0.820833
  [dbg] mean SINR_dB outside: -17.2495
  [dbg] L_in=539.576  L_out=-116.923  L_uniform=642.085  L_min_j=0.452828  L_spread=[0]
  Iter   3/100  loss=3211.5876  (2.7s)
  [dbg] mean SINR_dB inside : 1.1713
  [dbg] mean SINR_dB outside: -17.2268
  [dbg] L_in=513.837  L_out=-117.027  L_uniform=610.235  L_min_j=0.43231  L_spread=[0]
  Iter   4/100  loss=3001.4512  (2.6s)
  [dbg] mean SINR_dB inside : 1.21903
  [dbg] mean SINR_dB outside: -17.616
  [dbg] L_in=518.16  L_out=-119.913  L_uniform=621.536  L_min_j=0.413557  L_spread=[0]
  Iter   5/100  loss=3008.3059  (2.6s)
  [dbg] mean SINR_dB inside : 1.59179
  [dbg] mean SINR_dB outside: -17.2838
  [dbg] L_in=499.355  L_out=-117.801  L_uniform=604.498  L_min_j=0.396794  L_spread=[0]
  Iter   6/100  loss=2877.2764  (2.6s)
  [dbg] mean SINR_dB inside : 1.60724
  [dbg] mean SINR_dB outside: -17.4649
  [dbg] L_in=503.885  L_out=-119.298  L_uniform=614.404  L_min_j=0.382284  L_spread=[0]
  Iter   7/100  loss=2899.5369  (2.6s)
  [dbg] mean SINR_dB inside : 2.00196
  [dbg] mean SINR_dB outside: -17.4727
  [dbg] L_in=484.922  L_out=-119.486  L_uniform=597.947  L_min_j=0.369797  L_spread=[0]
  Iter   8/100  loss=2744.3096  (2.6s)
  [dbg] mean SINR_dB inside : 2.19572
  [dbg] mean SINR_dB outside: -17.4778
  [dbg] L_in=481.502  L_out=-119.218  L_uniform=601.529  L_min_j=0.35926  L_spread=[0]
  Iter   9/100  loss=2719.9927  (2.7s)
  [dbg] mean SINR_dB inside : 2.45613
  [dbg] mean SINR_dB outside: -17.4731
  [dbg] L_in=464.356  L_out=-119.446  L_uniform=581.123  L_min_j=0.350684  L_spread=[0]
  Iter  10/100  loss=2578.5015  (2.7s)
  [dbg] mean SINR_dB inside : 2.44675
  [dbg] mean SINR_dB outside: -17.6713
  [dbg] L_in=469.465  L_out=-120.966  L_uniform=590.84  L_min_j=0.343951  L_spread=[0]
  Iter  11/100  loss=2605.1467  (2.7s)
  [dbg] mean SINR_dB inside : 2.495
  [dbg] mean SINR_dB outside: -17.7592
  [dbg] L_in=467.506  L_out=-121.897  L_uniform=589.479  L_min_j=0.339148  L_spread=[0]
  Iter  12/100  loss=2580.0266  (2.7s)
  [dbg] mean SINR_dB inside : 2.75883
  [dbg] mean SINR_dB outside: -17.6184
  [dbg] L_in=451.639  L_out=-121.04  L_uniform=571.658  L_min_j=0.336068  L_spread=[0]
  Iter  13/100  loss=2459.8777  (2.7s)
  [dbg] mean SINR_dB inside : 3.03277
  [dbg] mean SINR_dB outside: -17.8793
  [dbg] L_in=441.004  L_out=-123.075  L_uniform=564.686  L_min_j=0.334444  L_spread=[0]
  Iter  14/100  loss=2353.7458  (2.7s)
  [dbg] mean SINR_dB inside : 2.91112
  [dbg] mean SINR_dB outside: -17.6912
  [dbg] L_in=451.424  L_out=-121.841  L_uniform=579.193  L_min_j=0.334158  L_spread=[0]
  Iter  15/100  loss=2450.8994  (2.7s)
  [dbg] mean SINR_dB inside : 3.18665
  [dbg] mean SINR_dB outside: -17.6579
  [dbg] L_in=436.999  L_out=-121.643  L_uniform=564.64  L_min_j=0.33493  L_spread=[0]
  Iter  16/100  loss=2336.0273  (2.6s)
  [dbg] mean SINR_dB inside : 3.18127
  [dbg] mean SINR_dB outside: -17.7007
  [dbg] L_in=434.833  L_out=-121.987  L_uniform=560.03  L_min_j=0.336625  L_spread=[0]
  Iter  17/100  loss=2314.7910  (2.8s)
  [dbg] mean SINR_dB inside : 3.17892
  [dbg] mean SINR_dB outside: -17.8098
  [dbg] L_in=441.238  L_out=-122.744  L_uniform=572.718  L_min_j=0.339121  L_spread=[0]
  Iter  18/100  loss=2359.7356  (3.1s)
  [dbg] mean SINR_dB inside : 3.36444
  [dbg] mean SINR_dB outside: -17.9052
  [dbg] L_in=429.711  L_out=-123.524  L_uniform=559.209  L_min_j=0.342334  L_spread=[0]
  Iter  19/100  loss=2258.3660  (3.0s)
  [dbg] mean SINR_dB inside : 3.40697
  [dbg] mean SINR_dB outside: -17.5662
  [dbg] L_in=427.651  L_out=-121.201  L_uniform=557.267  L_min_j=0.346201  L_spread=[0]
  Iter  20/100  loss=2264.9211  (2.9s)
  [dbg] mean SINR_dB inside : 3.43117
  [dbg] mean SINR_dB outside: -17.5973
  [dbg] L_in=428.262  L_out=-121.476  L_uniform=559.729  L_min_j=0.350484  L_spread=[0]
  Iter  21/100  loss=2267.3059  (3.2s)
  [dbg] mean SINR_dB inside : 3.49968
  [dbg] mean SINR_dB outside: -17.7582
  [dbg] L_in=422.17  L_out=-122.648  L_uniform=551.044  L_min_j=0.355037  L_spread=[0]
  Iter  22/100  loss=2205.9915  (3.2s)
  [dbg] mean SINR_dB inside : 3.60891
  [dbg] mean SINR_dB outside: -17.666
  [dbg] L_in=416.461  L_out=-122.128  L_uniform=545.183  L_min_j=0.359882  L_spread=[0]
  Iter  23/100  loss=2164.9285  (3.2s)
  [dbg] mean SINR_dB inside : 3.89584
  [dbg] mean SINR_dB outside: -17.594
  [dbg] L_in=404.102  L_out=-121.699  L_uniform=534.954  L_min_j=0.365018  L_spread=[0]
  Iter  24/100  loss=2069.3147  (2.9s)
  [dbg] mean SINR_dB inside : 3.76328
  [dbg] mean SINR_dB outside: -17.6356
  [dbg] L_in=411.198  L_out=-122.005  L_uniform=542.477  L_min_j=0.370278  L_spread=[0]
  Iter  25/100  loss=2123.7830  (2.9s)
  [dbg] mean SINR_dB inside : 3.82557
  [dbg] mean SINR_dB outside: -17.4358
  [dbg] L_in=408.686  L_out=-120.633  L_uniform=540.593  L_min_j=0.375627  L_spread=[0]
  Iter  26/100  loss=2117.2205  (3.1s)
  [dbg] mean SINR_dB inside : 4.0156
  [dbg] mean SINR_dB outside: -17.2758
  [dbg] L_in=399.652  L_out=-119.396  L_uniform=532.058  L_min_j=0.380971  L_spread=[0]
  Iter  27/100  loss=2056.4590  (2.9s)
  [dbg] mean SINR_dB inside : 3.90844
  [dbg] mean SINR_dB outside: -17.2558
  [dbg] L_in=404.986  L_out=-119.2  L_uniform=537.362  L_min_j=0.386254  L_spread=[0]
  Iter  28/100  loss=2101.6223  (2.9s)
  [dbg] mean SINR_dB inside : 4.04954
  [dbg] mean SINR_dB outside: -17.3445
  [dbg] L_in=399.111  L_out=-119.777  L_uniform=532.676  L_min_j=0.391487  L_spread=[0]
  Iter  29/100  loss=2048.3879  (2.8s)
  [dbg] mean SINR_dB inside : 4.04627
  [dbg] mean SINR_dB outside: -17.1057
  [dbg] L_in=399.399  L_out=-118.115  L_uniform=533.087  L_min_j=0.396754  L_spread=[0]
  Iter  30/100  loss=2067.3535  (2.8s)
  [dbg] mean SINR_dB inside : 4.36704
  [dbg] mean SINR_dB outside: -17.2838
  [dbg] L_in=381.573  L_out=-119.178  L_uniform=513.346  L_min_j=0.401893  L_spread=[0]
  Iter  31/100  loss=1912.1396  (2.9s)
  [dbg] mean SINR_dB inside : 4.33003
  [dbg] mean SINR_dB outside: -17.1348
  [dbg] L_in=387.578  L_out=-118.033  L_uniform=523.532  L_min_j=0.407023  L_spread=[0]
  Iter  32/100  loss=1972.6481  (2.8s)
  [dbg] mean SINR_dB inside : 4.513
  [dbg] mean SINR_dB outside: -17.1923
  [dbg] L_in=373.986  L_out=-118.464  L_uniform=505.34  L_min_j=0.412061  L_spread=[0]
  Iter  33/100  loss=1857.7819  (2.7s)
  [dbg] mean SINR_dB inside : 4.56796
  [dbg] mean SINR_dB outside: -17.1724
  [dbg] L_in=374.853  L_out=-118.32  L_uniform=509.765  L_min_j=0.417034  L_spread=[0]
  Iter  34/100  loss=1866.6035  (2.7s)
  [dbg] mean SINR_dB inside : 4.62957
  [dbg] mean SINR_dB outside: -17.2817
  [dbg] L_in=365.737  L_out=-119.115  L_uniform=494.542  L_min_j=0.421875  L_spread=[0]
  Iter  35/100  loss=1784.2010  (2.6s)
  [dbg] mean SINR_dB inside : 4.68387
  [dbg] mean SINR_dB outside: -17.0148
  [dbg] L_in=366.035  L_out=-117.167  L_uniform=497.78  L_min_j=0.426578  L_spread=[0]
  Iter  36/100  loss=1806.3846  (2.8s)
  [dbg] mean SINR_dB inside : 4.56599
  [dbg] mean SINR_dB outside: -17.1842
  [dbg] L_in=374.303  L_out=-118.422  L_uniform=508.574  L_min_j=0.431261  L_spread=[0]
  Iter  37/100  loss=1861.0602  (2.8s)
  [dbg] mean SINR_dB inside : 4.78307
  [dbg] mean SINR_dB outside: -16.9862
  [dbg] L_in=365.096  L_out=-116.988  L_uniform=500.719  L_min_j=0.435776  L_spread=[0]
  Iter  38/100  loss=1800.9607  (2.7s)
  [dbg] mean SINR_dB inside : 4.82775
  [dbg] mean SINR_dB outside: -17.1283
  [dbg] L_in=364.748  L_out=-117.919  L_uniform=502.186  L_min_j=0.440058  L_spread=[0]
  Iter  39/100  loss=1789.0138  (2.7s)
  [dbg] mean SINR_dB inside : 4.8468
  [dbg] mean SINR_dB outside: -17.0201
  [dbg] L_in=362.271  L_out=-117.053  L_uniform=498.147  L_min_j=0.444263  L_spread=[0]
  Iter  40/100  loss=1777.4497  (2.6s)
  [dbg] mean SINR_dB inside : 4.7522
  [dbg] mean SINR_dB outside: -17.0351
  [dbg] L_in=369.786  L_out=-117.104  L_uniform=508.599  L_min_j=0.448348  L_spread=[0]
  Iter  41/100  loss=1838.1073  (2.8s)
  [dbg] mean SINR_dB inside : 4.83457
  [dbg] mean SINR_dB outside: -17.1981
  [dbg] L_in=361.598  L_out=-118.176  L_uniform=496.213  L_min_j=0.452337  L_spread=[0]
  Iter  42/100  loss=1760.6403  (2.8s)
  [dbg] mean SINR_dB inside : 4.97307
  [dbg] mean SINR_dB outside: -17.0644
  [dbg] L_in=357.222  L_out=-117.281  L_uniform=494.122  L_min_j=0.456201  L_spread=[0]
  Iter  43/100  loss=1734.3716  (2.8s)
  [dbg] mean SINR_dB inside : 4.91959
  [dbg] mean SINR_dB outside: -16.9733
  [dbg] L_in=358.236  L_out=-116.634  L_uniform=493.577  L_min_j=0.459916  L_spread=[0]
  Iter  44/100  loss=1748.9105  (2.8s)
  [dbg] mean SINR_dB inside : 5.02666
  [dbg] mean SINR_dB outside: -17.065
  [dbg] L_in=352.767  L_out=-117.19  L_uniform=487.787  L_min_j=0.463465  L_spread=[0]
  Iter  45/100  loss=1699.0115  (2.8s)
  [dbg] mean SINR_dB inside : 5.061
  [dbg] mean SINR_dB outside: -16.7271
  [dbg] L_in=355.085  L_out=-114.705  L_uniform=494.063  L_min_j=0.466875  L_spread=[0]
  Iter  46/100  loss=1743.0326  (2.8s)
  [dbg] mean SINR_dB inside : 5.16292
  [dbg] mean SINR_dB outside: -16.7094
  [dbg] L_in=347.701  L_out=-114.529  L_uniform=484.174  L_min_j=0.470163  L_spread=[0]
  Iter  47/100  loss=1684.7367  (3.3s)
  [dbg] mean SINR_dB inside : 5.12091
  [dbg] mean SINR_dB outside: -16.8029
  [dbg] L_in=352.584  L_out=-115.184  L_uniform=491.953  L_min_j=0.473346  L_spread=[0]
  Iter  48/100  loss=1718.0211  (2.6s)
  [dbg] mean SINR_dB inside : 5.27087
  [dbg] mean SINR_dB outside: -16.4921
  [dbg] L_in=341.796  L_out=-112.935  L_uniform=477.517  L_min_j=0.476405  L_spread=[0]
  Iter  49/100  loss=1652.7667  (3.2s)
  [dbg] mean SINR_dB inside : 5.13217
  [dbg] mean SINR_dB outside: -16.538
  [dbg] L_in=355.056  L_out=-113.318  L_uniform=497.438  L_min_j=0.479398  L_spread=[0]
  Iter  50/100  loss=1757.0112  (3.5s)
  [dbg] mean SINR_dB inside : 5.23328
  [dbg] mean SINR_dB outside: -16.7054
  [dbg] L_in=344.438  L_out=-114.389  L_uniform=481.027  L_min_j=0.482303  L_spread=[0]
  Iter  51/100  loss=1659.7135  (2.8s)
  [dbg] mean SINR_dB inside : 5.31043
  [dbg] mean SINR_dB outside: -16.7557
  [dbg] L_in=340.778  L_out=-114.724  L_uniform=477.371  L_min_j=0.485146  L_spread=[0]
  Iter  52/100  loss=1626.7205  (2.8s)
  [dbg] mean SINR_dB inside : 5.30007
  [dbg] mean SINR_dB outside: -16.6627
  [dbg] L_in=341.671  L_out=-114.185  L_uniform=478.661  L_min_j=0.487923  L_spread=[0]
  Iter  53/100  loss=1639.3767  (2.7s)
  [dbg] mean SINR_dB inside : 5.33841
  [dbg] mean SINR_dB outside: -16.5295
  [dbg] L_in=345.41  L_out=-113.227  L_uniform=487.971  L_min_j=0.490637  L_spread=[0]
  Iter  54/100  loss=1679.8077  (2.9s)
  [dbg] mean SINR_dB inside : 5.46439
  [dbg] mean SINR_dB outside: -16.5692
  [dbg] L_in=335.866  L_out=-113.504  L_uniform=474.823  L_min_j=0.49328  L_spread=[0]
  Iter  55/100  loss=1599.3700  (2.8s)
  [dbg] mean SINR_dB inside : 5.53965
  [dbg] mean SINR_dB outside: -16.6447
  [dbg] L_in=333.277  L_out=-114.071  L_uniform=473.181  L_min_j=0.495869  L_spread=[0]
  Iter  56/100  loss=1572.8232  (2.7s)
  [dbg] mean SINR_dB inside : 5.31748
  [dbg] mean SINR_dB outside: -16.3858
  [dbg] L_in=344.755  L_out=-112.186  L_uniform=485.676  L_min_j=0.498374  L_spread=[0]
  Iter  57/100  loss=1684.7445  (2.7s)
  [dbg] mean SINR_dB inside : 5.43321
  [dbg] mean SINR_dB outside: -16.5347
  [dbg] L_in=342.493  L_out=-113.258  L_uniform=486.616  L_min_j=0.50081  L_spread=[0]
  Iter  58/100  loss=1656.0272  (2.8s)
  [dbg] mean SINR_dB inside : 5.27848
  [dbg] mean SINR_dB outside: -16.3732
  [dbg] L_in=351.679  L_out=-112.169  L_uniform=497.675  L_min_j=0.503189  L_spread=[0]
  Iter  59/100  loss=1741.5062  (2.7s)
  [dbg] mean SINR_dB inside : 5.46568
  [dbg] mean SINR_dB outside: -16.2249
  [dbg] L_in=339.083  L_out=-111.126  L_uniform=481.337  L_min_j=0.505522  L_spread=[0]
  Iter  60/100  loss=1649.5448  (2.8s)
  [dbg] mean SINR_dB inside : 5.57036
  [dbg] mean SINR_dB outside: -16.1958
  [dbg] L_in=332.63  L_out=-110.836  L_uniform=473.337  L_min_j=0.507776  L_spread=[0]
  Iter  61/100  loss=1600.0194  (2.8s)
  [dbg] mean SINR_dB inside : 5.41022
  [dbg] mean SINR_dB outside: -16.2521
  [dbg] L_in=342.549  L_out=-111.371  L_uniform=485.64  L_min_j=0.510001  L_spread=[0]
  Iter  62/100  loss=1675.2473  (2.7s)
  [dbg] mean SINR_dB inside : 5.60061
  [dbg] mean SINR_dB outside: -15.9978
  [dbg] L_in=330.632  L_out=-109.499  L_uniform=470.758  L_min_j=0.512112  L_spread=[0]
  Iter  63/100  loss=1597.1392  (2.8s)
  [dbg] mean SINR_dB inside : 5.5889
  [dbg] mean SINR_dB outside: -16.1673
  [dbg] L_in=334.873  L_out=-110.629  L_uniform=478.682  L_min_j=0.514143  L_spread=[0]
  Iter  64/100  loss=1620.5603  (2.7s)
  [dbg] mean SINR_dB inside : 5.57782
  [dbg] mean SINR_dB outside: -16.0589
  [dbg] L_in=336.965  L_out=-109.943  L_uniform=482.359  L_min_j=0.516098  L_spread=[0]
  Iter  65/100  loss=1644.5234  (2.7s)
  [dbg] mean SINR_dB inside : 5.69446
  [dbg] mean SINR_dB outside: -16.133
  [dbg] L_in=327.27  L_out=-110.419  L_uniform=468.417  L_min_j=0.517944  L_spread=[0]
  Iter  66/100  loss=1560.8132  (3.3s)
  [dbg] mean SINR_dB inside : 5.44753
  [dbg] mean SINR_dB outside: -16.0093
  [dbg] L_in=343.026  L_out=-109.475  L_uniform=488.355  L_min_j=0.519678  L_spread=[0]
  Iter  67/100  loss=1698.2941  (2.7s)
  [dbg] mean SINR_dB inside : 5.60735
  [dbg] mean SINR_dB outside: -16.1375
  [dbg] L_in=334.799  L_out=-110.327  L_uniform=479.403  L_min_j=0.521309  L_spread=[0]
  Iter  68/100  loss=1623.0538  (2.5s)
  [dbg] mean SINR_dB inside : 5.70219
  [dbg] mean SINR_dB outside: -16.0156
  [dbg] L_in=328.905  L_out=-109.597  L_uniform=472.058  L_min_j=0.522863  L_spread=[0]
  Iter  69/100  loss=1582.4786  (2.5s)
  [dbg] mean SINR_dB inside : 5.76282
  [dbg] mean SINR_dB outside: -16.2731
  [dbg] L_in=323.541  L_out=-111.433  L_uniform=464.133  L_min_j=0.52433  L_spread=[0]
  Iter  70/100  loss=1520.4053  (2.7s)
  [dbg] mean SINR_dB inside : 5.70653
  [dbg] mean SINR_dB outside: -16.2585
  [dbg] L_in=326.293  L_out=-111.385  L_uniform=467.037  L_min_j=0.52573  L_spread=[0]
  Iter  71/100  loss=1543.2020  (2.7s)
  [dbg] mean SINR_dB inside : 5.60095
  [dbg] mean SINR_dB outside: -16.1952
  [dbg] L_in=334.618  L_out=-110.878  L_uniform=478.753  L_min_j=0.527051  L_spread=[0]
  Iter  72/100  loss=1616.0397  (2.7s)
  [dbg] mean SINR_dB inside : 5.67976
  [dbg] mean SINR_dB outside: -16.1155
  [dbg] L_in=327.053  L_out=-110.359  L_uniform=467.315  L_min_j=0.528302  L_spread=[0]
  Iter  73/100  loss=1559.5674  (2.7s)
  [dbg] mean SINR_dB inside : 5.65875
  [dbg] mean SINR_dB outside: -16.1194
  [dbg] L_in=329.233  L_out=-110.404  L_uniform=470.688  L_min_j=0.529479  L_spread=[0]
  Iter  74/100  loss=1576.8915  (2.7s)
  [dbg] mean SINR_dB inside : 5.79551
  [dbg] mean SINR_dB outside: -16.1095
  [dbg] L_in=320.736  L_out=-110.293  L_uniform=460.061  L_min_j=0.530575  L_spread=[0]
  Iter  75/100  loss=1508.9628  (2.4s)
  [dbg] mean SINR_dB inside : 5.72306
  [dbg] mean SINR_dB outside: -15.8199
  [dbg] L_in=325.638  L_out=-108.121  L_uniform=466.499  L_min_j=0.531589  L_spread=[0]
  Iter  76/100  loss=1570.5502  (2.7s)
  [dbg] mean SINR_dB inside : 5.83518
  [dbg] mean SINR_dB outside: -16.0107
  [dbg] L_in=317.377  L_out=-109.381  L_uniform=455.194  L_min_j=0.532547  L_spread=[0]
  Iter  77/100  loss=1490.7277  (2.7s)
  [dbg] mean SINR_dB inside : 5.74115
  [dbg] mean SINR_dB outside: -15.9379
  [dbg] L_in=326.998  L_out=-108.943  L_uniform=470.061  L_min_j=0.533436  L_spread=[0]
  Iter  78/100  loss=1573.5630  (2.7s)
  [dbg] mean SINR_dB inside : 5.67757
  [dbg] mean SINR_dB outside: -16.1396
  [dbg] L_in=329.781  L_out=-110.385  L_uniform=472.678  L_min_j=0.534256  L_spread=[0]
  Iter  79/100  loss=1581.6586  (2.7s)
  [dbg] mean SINR_dB inside : 5.91572
  [dbg] mean SINR_dB outside: -16.1132
  [dbg] L_in=316.916  L_out=-110.14  L_uniform=457.997  L_min_j=0.535016  L_spread=[0]
  Iter  80/100  loss=1479.7218  (2.7s)
  [dbg] mean SINR_dB inside : 5.69177
  [dbg] mean SINR_dB outside: -15.9926
  [dbg] L_in=328.025  L_out=-109.32  L_uniform=469.81  L_min_j=0.53571  L_spread=[0]
  Iter  81/100  loss=1577.9789  (2.5s)
  [dbg] mean SINR_dB inside : 5.79424
  [dbg] mean SINR_dB outside: -16.0745
  [dbg] L_in=323.38  L_out=-109.864  L_uniform=465.289  L_min_j=0.536336  L_spread=[0]
  Iter  82/100  loss=1534.9211  (2.7s)
  [dbg] mean SINR_dB inside : 5.81433
  [dbg] mean SINR_dB outside: -15.9767
  [dbg] L_in=322.011  L_out=-109.215  L_uniform=463.495  L_min_j=0.536899  L_spread=[0]
  Iter  83/100  loss=1530.2909  (3.3s)
  [dbg] mean SINR_dB inside : 6.01904
  [dbg] mean SINR_dB outside: -15.9564
  [dbg] L_in=309.835  L_out=-109.034  L_uniform=448.599  L_min_j=0.537407  L_spread=[0]
  Iter  84/100  loss=1433.1951  (3.1s)
  [dbg] mean SINR_dB inside : 5.65593
  [dbg] mean SINR_dB outside: -15.9743
  [dbg] L_in=331.586  L_out=-109.128  L_uniform=475.277  L_min_j=0.537863  L_spread=[0]
  Iter  85/100  loss=1608.9314  (2.5s)
  [dbg] mean SINR_dB inside : 5.83849
  [dbg] mean SINR_dB outside: -16.1804
  [dbg] L_in=320.435  L_out=-110.578  L_uniform=461.466  L_min_j=0.538266  L_spread=[0]
  Iter  86/100  loss=1503.8423  (2.7s)
  [dbg] mean SINR_dB inside : 5.70643
  [dbg] mean SINR_dB outside: -16.0683
  [dbg] L_in=330.393  L_out=-109.702  L_uniform=475.238  L_min_j=0.538621  L_spread=[0]
  Iter  87/100  loss=1593.6520  (2.7s)
  [dbg] mean SINR_dB inside : 5.79498
  [dbg] mean SINR_dB outside: -15.9745
  [dbg] L_in=322.586  L_out=-109.124  L_uniform=463.742  L_min_j=0.538932  L_spread=[0]
  Iter  88/100  loss=1535.8204  (2.7s)
  [dbg] mean SINR_dB inside : 5.75008
  [dbg] mean SINR_dB outside: -16.1848
  [dbg] L_in=324.914  L_out=-110.72  L_uniform=466.308  L_min_j=0.539201  L_spread=[0]
  Iter  89/100  loss=1538.7400  (2.5s)
  [dbg] mean SINR_dB inside : 5.85143
  [dbg] mean SINR_dB outside: -16.2868
  [dbg] L_in=321.593  L_out=-111.362  L_uniform=464.374  L_min_j=0.539432  L_spread=[0]
  Iter  90/100  loss=1505.5575  (2.7s)
  [dbg] mean SINR_dB inside : 5.75265
  [dbg] mean SINR_dB outside: -15.9103
  [dbg] L_in=326.132  L_out=-108.682  L_uniform=468.856  L_min_j=0.539626  L_spread=[0]
  Iter  91/100  loss=1569.1240  (2.7s)
  [dbg] mean SINR_dB inside : 5.85814
  [dbg] mean SINR_dB outside: -16.0626
  [dbg] L_in=317.641  L_out=-109.775  L_uniform=456.795  L_min_j=0.539789  L_spread=[0]
  Iter  92/100  loss=1489.0520  (2.6s)
  [dbg] mean SINR_dB inside : 5.74228
  [dbg] mean SINR_dB outside: -16.3507
  [dbg] L_in=326.688  L_out=-111.89  L_uniform=469.499  L_min_j=0.539922  L_spread=[0]
  Iter  93/100  loss=1541.5576  (2.7s)
  [dbg] mean SINR_dB inside : 5.62645
  [dbg] mean SINR_dB outside: -16.2257
  [dbg] L_in=335.325  L_out=-111.042  L_uniform=481.396  L_min_j=0.540027  L_spread=[0]
  Iter  94/100  loss=1620.3177  (2.7s)
  [dbg] mean SINR_dB inside : 5.69162
  [dbg] mean SINR_dB outside: -16.22
  [dbg] L_in=330.021  L_out=-110.91  L_uniform=473.821  L_min_j=0.540106  L_spread=[0]
  Iter  95/100  loss=1578.4467  (2.7s)
  [dbg] mean SINR_dB inside : 5.76398
  [dbg] mean SINR_dB outside: -16.2594
  [dbg] L_in=324.05  L_out=-111.254  L_uniform=465.238  L_min_j=0.540166  L_spread=[0]
  Iter  96/100  loss=1526.3892  (2.7s)
  [dbg] mean SINR_dB inside : 5.82666
  [dbg] mean SINR_dB outside: -16.001
  [dbg] L_in=323.837  L_out=-109.322  L_uniform=467.71  L_min_j=0.540207  L_spread=[0]
  Iter  97/100  loss=1544.2423  (2.5s)
  [dbg] mean SINR_dB inside : 5.95709
  [dbg] mean SINR_dB outside: -16.0036
  [dbg] L_in=313.129  L_out=-109.547  L_uniform=452.333  L_min_j=0.540234  L_spread=[0]
  Iter  98/100  loss=1454.7947  (2.7s)
  [dbg] mean SINR_dB inside : 5.79369
  [dbg] mean SINR_dB outside: -15.8895
  [dbg] L_in=322.121  L_out=-108.597  L_uniform=462.753  L_min_j=0.54025  L_spread=[0]
  Iter  99/100  loss=1537.2706  (2.7s)
  [dbg] mean SINR_dB inside : 5.90744
  [dbg] mean SINR_dB outside: -16.1307
  [dbg] L_in=318.516  L_out=-110.29  L_uniform=460.813  L_min_j=0.540256  L_spread=[0]
  Iter 100/100  loss=1491.3086  (2.5s)

======================================================================
OPTIMIZATION COMPLETE  (281.5s)
  bs_0: Az=161.5°, El=-12.0°, pos=(390.0, -165.8)
  bs_1: Az=20.3°, El=-11.5°, pos=(-392.2, -121.8)
  bs_2: Az=269.3°, El=-9.2°, pos=(-17.3, 414.2)
  bs_3: Az=52.1°, El=-10.9°, pos=(-148.3, -404.8)
  jam_1 [OFF gate=0.188]: Az=155.7°, El=-90.0°, pos=(583.5, -230.7, 7.0), pwr=18.6 dBm
  jam_2 [ON  gate=0.894]: Az=114.2°, El=-90.0°, pos=(299.0, -521.3, 26.8), pwr=23.0 dBm
  jam_3 [OFF gate=0.235]: Az=64.7°, El=-90.0°, pos=(-214.7, -556.2, 16.5), pwr=18.8 dBm
  jam_4 [OFF gate=0.332]: Az=21.9°, El=-90.0°, pos=(-590.8, -180.7, 20.6), pwr=19.2 dBm
  jam_5 [ON  gate=0.670]: Az=337.6°, El=-90.0°, pos=(-528.2, 369.9, 29.7), pwr=20.6 dBm
  jam_6 [OFF gate=0.301]: Az=290.0°, El=-90.0°, pos=(-292.7, 553.5, 12.7), pwr=19.0 dBm
  jam_7 [ON  gate=0.917]: Az=250.8°, El=-90.0°, pos=(278.3, 553.0, 33.6), pwr=23.6 dBm
  jam_8 [ON  gate=0.786]: Az=199.9°, El=-90.0°, pos=(521.8, 286.1, 22.4), pwr=21.5 dBm
======================================================================

  Joint:   281.5s total, 2.82s/iter
  Evaluating...

======================================================================
BS PARAMETERS  —  BEFORE / AFTER
======================================================================
  Name           Param         Initial   Optimised       Delta
  ----------------------------------------------------------------
  bs_0           Azimuth      +159.20°    +161.49°      +2.29°
                 Elevation      -9.16°     -12.02°      -2.87°
                 X (m)          +414.2      +390.0       -24.2
                 Y (m)          -174.1      -165.8        +8.4
                 Power dBm      +35.00      +40.00       +5.00
  ----------------------------------------------------------------
  bs_1           Azimuth       +16.88°     +20.32°      +3.44°
                 Elevation      -8.90°     -11.55°      -2.65°
                 X (m)          -438.0      -392.2       +45.8
                 Y (m)          -113.4      -121.8        -8.4
                 Power dBm      +35.00      +40.00       +5.00
  ----------------------------------------------------------------
  bs_2           Azimuth      +268.26°    +269.27°      +1.01°
                 Elevation      -7.19°      -9.20°      -2.01°
                 X (m)           +47.9       -17.3       -65.2
                 Y (m)          +497.9      +414.2       -83.7
                 Power dBm      +35.00      +40.00       +5.00
  ----------------------------------------------------------------
  bs_3           Azimuth       +53.79°     +52.13°      -1.66°
                 Elevation      -9.17°     -10.92°      -1.76°
                 X (m)          -145.9      -148.3        -2.4
                 Y (m)          -451.9      -404.8       +47.0
                 Power dBm      +35.00      +39.97       +4.97
  ----------------------------------------------------------------
======================================================================

Computing RadioMap for optimized BS configuration...
Computing RadioMap for 4/8 active jammers...
[verify] jam_interference_map: mean=7.034e-11 W  | mean SINR shift (BS-only − BS+Jam) = +1.010 dB

======================================================================
BS-ONLY SINR CONTAINMENT  (gamma = +0.0 dB)
======================================================================
  bs_0:
    rho_leak  (outside >= gamma):  31.0%
    rho_hole  (inside  <  gamma):  13.4%
    SINR inside  mean / p10: +10.5 / -2.2 dB
    SINR outside mean / p10: -17.1 / -38.4 dB

  bs_1:
    rho_leak  (outside >= gamma):  31.0%
    rho_hole  (inside  <  gamma):  13.4%
    SINR inside  mean / p10: +10.5 / -2.2 dB
    SINR outside mean / p10: -17.1 / -38.4 dB

  bs_2:
    rho_leak  (outside >= gamma):  31.0%
    rho_hole  (inside  <  gamma):  13.4%
    SINR inside  mean / p10: +10.5 / -2.2 dB
    SINR outside mean / p10: -17.1 / -38.4 dB

  bs_3:
    rho_leak  (outside >= gamma):  31.0%
    rho_hole  (inside  <  gamma):  13.4%
    SINR inside  mean / p10: +10.5 / -2.2 dB
    SINR outside mean / p10: -17.1 / -38.4 dB

======================================================================
BS+JAMMER SINR CONTAINMENT  (gamma = +0.0 dB)
======================================================================
  bs_0:
    rho_leak  (outside >= gamma):  26.3%
    rho_hole  (inside  <  gamma):  13.4%
    SINR inside  mean / p10: +10.4 / -2.2 dB
    SINR outside mean / p10: -18.9 / -42.0 dB

  bs_1:
    rho_leak  (outside >= gamma):  26.3%
    rho_hole  (inside  <  gamma):  13.4%
    SINR inside  mean / p10: +10.4 / -2.2 dB
    SINR outside mean / p10: -18.9 / -42.0 dB

  bs_2:
    rho_leak  (outside >= gamma):  26.3%
    rho_hole  (inside  <  gamma):  13.4%
    SINR inside  mean / p10: +10.4 / -2.2 dB
    SINR outside mean / p10: -18.9 / -42.0 dB

  bs_3:
    rho_leak  (outside >= gamma):  26.3%
    rho_hole  (inside  <  gamma):  13.4%
    SINR inside  mean / p10: +10.4 / -2.2 dB
    SINR outside mean / p10: -18.9 / -42.0 dB

======================================================================

  Saved → ../results/duke/circle_large_n500

[  7/16] START circle_large_n700
Creating polygon
  Zone cells: 1467218
seed_bs_positions: cluster 3 has no candidate >= 250.0 m from existing BSs; relaxing separation constraint for this station.
  bs_0: (371.6, -138.3, 50.0)
  bs_1: (-385.9, -91.4, 50.0)
  bs_2: (16.5, 396.2, 50.0)
  bs_3: (-214.4, -333.8, 50.0)
  Jammers: 8 evenly placed at 200 m standoff
  Run 1: BS warm-up (100 iter, inside coverage only)
-700.0

======================================================================
MULTI-TX SIR OPTIMIZATION  (4 transmitters)
======================================================================
Tx Position: [371.63970947265625, -138.33380126953125, 50.0]
look_at_position: [0.0, 0.0, 1.5]
Tx Position: [-385.865234375, -91.43533325195312, 50.0]
look_at_position: [0.0, 0.0, 1.5]
Tx Position: [16.497787475585938, 396.18603515625, 50.0]
look_at_position: [0.0, 0.0, 1.5]
Tx Position: [-214.40602111816406, -333.7804870605469, 50.0]
look_at_position: [0.0, 0.0, 1.5]
  [dbg] mean SINR_dB inside : 4.12661
  [dbg] mean SINR_dB outside: -12.1362
  [dbg] L_in=384.291  L_out=1.01654  L_uniform=506.852  L_min_j=[0]  L_spread=[0]
  Iter   1/100  loss=3893.5933  (11.3s)
  [dbg] mean SINR_dB inside : 4.37861
  [dbg] mean SINR_dB outside: -12.9029
  [dbg] L_in=377.508  L_out=1.16173  L_uniform=505.762  L_min_j=[0]  L_spread=[0]
  Iter   2/100  loss=3825.6541  (1.6s)
  [dbg] mean SINR_dB inside : 4.66958
  [dbg] mean SINR_dB outside: -13.7565
  [dbg] L_in=375.994  L_out=1.31061  L_uniform=516.98  L_min_j=[0]  L_spread=[0]
  Iter   3/100  loss=3811.6360  (1.6s)
  [dbg] mean SINR_dB inside : 4.70087
  [dbg] mean SINR_dB outside: -13.9528
  [dbg] L_in=380.415  L_out=1.83509  L_uniform=527.355  L_min_j=[0]  L_spread=[0]
  Iter   4/100  loss=3856.8811  (1.4s)
  [dbg] mean SINR_dB inside : 4.95383
  [dbg] mean SINR_dB outside: -13.5424
  [dbg] L_in=369.877  L_out=2.43144  L_uniform=518.492  L_min_j=[0]  L_spread=[0]
  Iter   5/100  loss=3750.6179  (1.7s)
  [dbg] mean SINR_dB inside : 5.15888
  [dbg] mean SINR_dB outside: -13.3023
  [dbg] L_in=363.66  L_out=3.11667  L_uniform=515.927  L_min_j=[0]  L_spread=[0]
  Iter   6/100  loss=3688.1968  (1.7s)
  [dbg] mean SINR_dB inside : 5.15248
  [dbg] mean SINR_dB outside: -13.167
  [dbg] L_in=364.336  L_out=3.80098  L_uniform=516.987  L_min_j=[0]  L_spread=[0]
  Iter   7/100  loss=3695.0603  (1.9s)
  [dbg] mean SINR_dB inside : 5.51093
  [dbg] mean SINR_dB outside: -12.7687
  [dbg] L_in=345.651  L_out=4.49271  L_uniform=496.619  L_min_j=[0]  L_spread=[0]
  Iter   8/100  loss=3506.1768  (1.9s)
  [dbg] mean SINR_dB inside : 5.8109
  [dbg] mean SINR_dB outside: -12.4721
  [dbg] L_in=331.646  L_out=5.14404  L_uniform=482.612  L_min_j=[0]  L_spread=[0]
  Iter   9/100  loss=3364.7224  (1.7s)
  [dbg] mean SINR_dB inside : 5.73191
  [dbg] mean SINR_dB outside: -12.2989
  [dbg] L_in=337.283  L_out=5.83468  L_uniform=490.215  L_min_j=[0]  L_spread=[0]
  Iter  10/100  loss=3421.8499  (1.6s)
  [dbg] mean SINR_dB inside : 5.97266
  [dbg] mean SINR_dB outside: -12.0346
  [dbg] L_in=327.735  L_out=6.5592  L_uniform=482.272  L_min_j=[0]  L_spread=[0]
  Iter  11/100  loss=3325.5742  (1.7s)
  [dbg] mean SINR_dB inside : 5.89058
  [dbg] mean SINR_dB outside: -11.9452
  [dbg] L_in=333.135  L_out=7.40497  L_uniform=489.302  L_min_j=[0]  L_spread=[0]
  Iter  12/100  loss=3380.2756  (1.7s)
  [dbg] mean SINR_dB inside : 5.98503
  [dbg] mean SINR_dB outside: -11.5745
  [dbg] L_in=329.658  L_out=8.50829  L_uniform=486.714  L_min_j=[0]  L_spread=[0]
  Iter  13/100  loss=3345.2524  (1.7s)
  [dbg] mean SINR_dB inside : 6.01218
  [dbg] mean SINR_dB outside: -11.3781
  [dbg] L_in=328.799  L_out=9.42183  L_uniform=486.247  L_min_j=[0]  L_spread=[0]
  Iter  14/100  loss=3336.6160  (1.4s)
  [dbg] mean SINR_dB inside : 6.05744
  [dbg] mean SINR_dB outside: -11.0452
  [dbg] L_in=326.365  L_out=10.3162  L_uniform=483.467  L_min_j=[0]  L_spread=[0]
  Iter  15/100  loss=3311.9963  (1.4s)
  [dbg] mean SINR_dB inside : 6.32407
  [dbg] mean SINR_dB outside: -10.6584
  [dbg] L_in=309.277  L_out=11.0949  L_uniform=461.468  L_min_j=[0]  L_spread=[0]
  Iter  16/100  loss=3138.9197  (1.4s)
  [dbg] mean SINR_dB inside : 6.38736
  [dbg] mean SINR_dB outside: -10.6282
  [dbg] L_in=308.884  L_out=11.7696  L_uniform=463.534  L_min_j=[0]  L_spread=[0]
  Iter  17/100  loss=3135.1929  (1.3s)
  [dbg] mean SINR_dB inside : 6.54871
  [dbg] mean SINR_dB outside: -10.4394
  [dbg] L_in=300.509  L_out=12.6042  L_uniform=454.071  L_min_j=[0]  L_spread=[0]
  Iter  18/100  loss=3050.4946  (1.4s)
  [dbg] mean SINR_dB inside : 6.50785
  [dbg] mean SINR_dB outside: -10.3743
  [dbg] L_in=303.34  L_out=13.1113  L_uniform=457.864  L_min_j=[0]  L_spread=[0]
  Iter  19/100  loss=3079.1816  (1.4s)
  [dbg] mean SINR_dB inside : 6.60422
  [dbg] mean SINR_dB outside: -10.2296
  [dbg] L_in=298.357  L_out=13.67  L_uniform=452.24  L_min_j=[0]  L_spread=[0]
  Iter  20/100  loss=3028.7925  (1.5s)
  [dbg] mean SINR_dB inside : 6.6993
  [dbg] mean SINR_dB outside: -10.3486
  [dbg] L_in=292.923  L_out=13.8073  L_uniform=445.629  L_min_j=[0]  L_spread=[0]
  Iter  21/100  loss=2973.7935  (1.5s)
  [dbg] mean SINR_dB inside : 6.69336
  [dbg] mean SINR_dB outside: -10.3346
  [dbg] L_in=293.518  L_out=14.5611  L_uniform=446.538  L_min_j=[0]  L_spread=[0]
  Iter  22/100  loss=2979.8352  (1.5s)
  [dbg] mean SINR_dB inside : 6.83106
  [dbg] mean SINR_dB outside: -9.83944
  [dbg] L_in=286.551  L_out=14.8891  L_uniform=438.737  L_min_j=[0]  L_spread=[0]
  Iter  23/100  loss=2909.3799  (1.5s)
  [dbg] mean SINR_dB inside : 6.75222
  [dbg] mean SINR_dB outside: -9.9728
  [dbg] L_in=289.126  L_out=15.1254  L_uniform=440.387  L_min_j=[0]  L_spread=[0]
  Iter  24/100  loss=2935.3015  (1.5s)
  [dbg] mean SINR_dB inside : 6.87885
  [dbg] mean SINR_dB outside: -9.9573
  [dbg] L_in=285.032  L_out=16.1932  L_uniform=437.814  L_min_j=[0]  L_spread=[0]
  Iter  25/100  loss=2894.1042  (1.5s)
  [dbg] mean SINR_dB inside : 6.83901
  [dbg] mean SINR_dB outside: -9.62064
  [dbg] L_in=288.975  L_out=16.7502  L_uniform=443.922  L_min_j=[0]  L_spread=[0]
  Iter  26/100  loss=2934.1406  (1.5s)
  [dbg] mean SINR_dB inside : 7.11903
  [dbg] mean SINR_dB outside: -9.5156
  [dbg] L_in=275.123  L_out=16.9741  L_uniform=428.565  L_min_j=[0]  L_spread=[0]
  Iter  27/100  loss=2794.0857  (1.5s)
  [dbg] mean SINR_dB inside : 7.08901
  [dbg] mean SINR_dB outside: -9.183
  [dbg] L_in=277.421  L_out=17.1874  L_uniform=431.85  L_min_j=[0]  L_spread=[0]
  Iter  28/100  loss=2817.3977  (1.5s)
  [dbg] mean SINR_dB inside : 7.40428
  [dbg] mean SINR_dB outside: -9.19766
  [dbg] L_in=261.488  L_out=18.1486  L_uniform=413.69  L_min_j=[0]  L_spread=[0]
  Iter  29/100  loss=2656.2537  (1.5s)
  [dbg] mean SINR_dB inside : 7.35663
  [dbg] mean SINR_dB outside: -8.97816
  [dbg] L_in=265.502  L_out=18.4739  L_uniform=419.691  L_min_j=[0]  L_spread=[0]
  Iter  30/100  loss=2696.9927  (1.5s)
  [dbg] mean SINR_dB inside : 7.38821
  [dbg] mean SINR_dB outside: -8.65701
  [dbg] L_in=264.327  L_out=19.1333  L_uniform=418.697  L_min_j=[0]  L_spread=[0]
  Iter  31/100  loss=2685.1394  (1.5s)
  [dbg] mean SINR_dB inside : 7.46398
  [dbg] mean SINR_dB outside: -8.61693
  [dbg] L_in=261.178  L_out=19.4977  L_uniform=415.64  L_min_j=[0]  L_spread=[0]
  Iter  32/100  loss=2653.3428  (1.5s)
  [dbg] mean SINR_dB inside : 7.53617
  [dbg] mean SINR_dB outside: -8.51411
  [dbg] L_in=259.859  L_out=20.0556  L_uniform=416.095  L_min_j=[0]  L_spread=[0]
  Iter  33/100  loss=2640.1970  (1.5s)
  [dbg] mean SINR_dB inside : 7.73756
  [dbg] mean SINR_dB outside: -8.25472
  [dbg] L_in=252.207  L_out=20.3922  L_uniform=409.392  L_min_j=[0]  L_spread=[0]
  Iter  34/100  loss=2563.0098  (1.4s)
  [dbg] mean SINR_dB inside : 7.61221
  [dbg] mean SINR_dB outside: -8.35094
  [dbg] L_in=258.489  L_out=20.8247  L_uniform=416.598  L_min_j=[0]  L_spread=[0]
  Iter  35/100  loss=2626.5513  (1.5s)
  [dbg] mean SINR_dB inside : 7.78056
  [dbg] mean SINR_dB outside: -8.22068
  [dbg] L_in=247.324  L_out=21.3036  L_uniform=401.423  L_min_j=[0]  L_spread=[0]
  Iter  36/100  loss=2513.3787  (1.5s)
  [dbg] mean SINR_dB inside : 7.61606
  [dbg] mean SINR_dB outside: -8.18307
  [dbg] L_in=256.935  L_out=21.5962  L_uniform=413.642  L_min_j=[0]  L_spread=[0]
  Iter  37/100  loss=2610.7139  (1.5s)
  [dbg] mean SINR_dB inside : 7.66084
  [dbg] mean SINR_dB outside: -8.00756
  [dbg] L_in=255.995  L_out=22.1707  L_uniform=413.696  L_min_j=[0]  L_spread=[0]
  Iter  38/100  loss=2601.3154  (1.5s)
  [dbg] mean SINR_dB inside : 7.58778
  [dbg] mean SINR_dB outside: -8.03961
  [dbg] L_in=257.731  L_out=22.5669  L_uniform=414.025  L_min_j=[0]  L_spread=[0]
  Iter  39/100  loss=2618.7136  (1.5s)
  [dbg] mean SINR_dB inside : 7.71545
  [dbg] mean SINR_dB outside: -7.86725
  [dbg] L_in=254.52  L_out=23.0999  L_uniform=413.057  L_min_j=[0]  L_spread=[0]
  Iter  40/100  loss=2586.5061  (1.4s)
  [dbg] mean SINR_dB inside : 7.6474
  [dbg] mean SINR_dB outside: -7.82377
  [dbg] L_in=257.689  L_out=23.4429  L_uniform=416.505  L_min_j=[0]  L_spread=[0]
  Iter  41/100  loss=2618.5454  (1.4s)
  [dbg] mean SINR_dB inside : 7.80186
  [dbg] mean SINR_dB outside: -7.62327
  [dbg] L_in=246.185  L_out=23.8043  L_uniform=400.054  L_min_j=[0]  L_spread=[0]
  Iter  42/100  loss=2501.8577  (1.5s)
  [dbg] mean SINR_dB inside : 7.8524
  [dbg] mean SINR_dB outside: -7.65086
  [dbg] L_in=250.843  L_out=23.9661  L_uniform=411.499  L_min_j=[0]  L_spread=[0]
  Iter  43/100  loss=2549.5815  (1.4s)
  [dbg] mean SINR_dB inside : 8.03964
  [dbg] mean SINR_dB outside: -7.47898
  [dbg] L_in=238.474  L_out=24.2179  L_uniform=394.653  L_min_j=[0]  L_spread=[0]
  Iter  44/100  loss=2424.2087  (1.4s)
  [dbg] mean SINR_dB inside : 7.82396
  [dbg] mean SINR_dB outside: -7.3822
  [dbg] L_in=252.426  L_out=24.653  L_uniform=413.458  L_min_j=[0]  L_spread=[0]
  Iter  45/100  loss=2565.6062  (1.5s)
  [dbg] mean SINR_dB inside : 7.94278
  [dbg] mean SINR_dB outside: -7.47123
  [dbg] L_in=243.869  L_out=24.9702  L_uniform=401.372  L_min_j=[0]  L_spread=[0]
  Iter  46/100  loss=2478.8276  (1.5s)
  [dbg] mean SINR_dB inside : 8.1123
  [dbg] mean SINR_dB outside: -7.51561
  [dbg] L_in=235.83  L_out=25.1802  L_uniform=392.396  L_min_j=[0]  L_spread=[0]
  Iter  47/100  loss=2397.5425  (1.5s)
  [dbg] mean SINR_dB inside : 8.03518
  [dbg] mean SINR_dB outside: -7.25931
  [dbg] L_in=238.316  L_out=25.4092  L_uniform=394.126  L_min_j=[0]  L_spread=[0]
  Iter  48/100  loss=2422.5767  (1.5s)
  [dbg] mean SINR_dB inside : 7.85666
  [dbg] mean SINR_dB outside: -7.34725
  [dbg] L_in=251.883  L_out=25.7787  L_uniform=413.753  L_min_j=[0]  L_spread=[0]
  Iter  49/100  loss=2560.2048  (1.5s)
  [dbg] mean SINR_dB inside : 8.03931
  [dbg] mean SINR_dB outside: -7.35315
  [dbg] L_in=241.028  L_out=25.9191  L_uniform=399.751  L_min_j=[0]  L_spread=[0]
  Iter  50/100  loss=2450.2561  (1.5s)
  [dbg] mean SINR_dB inside : 8.01709
  [dbg] mean SINR_dB outside: -7.13583
  [dbg] L_in=243.282  L_out=26.054  L_uniform=403.313  L_min_j=[0]  L_spread=[0]
  Iter  51/100  loss=2473.1479  (1.4s)
  [dbg] mean SINR_dB inside : 8.1096
  [dbg] mean SINR_dB outside: -7.25169
  [dbg] L_in=238.536  L_out=26.2124  L_uniform=397.71  L_min_j=[0]  L_spread=[0]
  Iter  52/100  loss=2425.1279  (1.5s)
  [dbg] mean SINR_dB inside : 8.12672
  [dbg] mean SINR_dB outside: -7.25827
  [dbg] L_in=240.801  L_out=26.6636  L_uniform=402.966  L_min_j=[0]  L_spread=[0]
  Iter  53/100  loss=2448.3071  (1.2s)
  [dbg] mean SINR_dB inside : 8.16316
  [dbg] mean SINR_dB outside: -7.21705
  [dbg] L_in=236.687  L_out=26.9948  L_uniform=396.255  L_min_j=[0]  L_spread=[0]
  Iter  54/100  loss=2406.4905  (1.4s)
  [dbg] mean SINR_dB inside : 8.23992
  [dbg] mean SINR_dB outside: -6.97328
  [dbg] L_in=236.525  L_out=27.071  L_uniform=399.136  L_min_j=[0]  L_spread=[0]
  Iter  55/100  loss=2405.1621  (1.5s)
  [dbg] mean SINR_dB inside : 8.35446
  [dbg] mean SINR_dB outside: -6.86331
  [dbg] L_in=230.74  L_out=27.1037  L_uniform=392.311  L_min_j=[0]  L_spread=[0]
  Iter  56/100  loss=2346.6265  (1.5s)
  [dbg] mean SINR_dB inside : 8.54654
  [dbg] mean SINR_dB outside: -7.11505
  [dbg] L_in=220.463  L_out=27.4009  L_uniform=379.609  L_min_j=[0]  L_spread=[0]
  Iter  57/100  loss=2242.5898  (1.5s)
  [dbg] mean SINR_dB inside : 8.35502
  [dbg] mean SINR_dB outside: -7.13263
  [dbg] L_in=230.156  L_out=27.6518  L_uniform=391.116  L_min_j=[0]  L_spread=[0]
  Iter  58/100  loss=2340.6733  (1.5s)
  [dbg] mean SINR_dB inside : 8.25249
  [dbg] mean SINR_dB outside: -6.85247
  [dbg] L_in=237.761  L_out=27.6586  L_uniform=402.134  L_min_j=[0]  L_spread=[0]
  Iter  59/100  loss=2417.8196  (1.5s)
  [dbg] mean SINR_dB inside : 8.02605
  [dbg] mean SINR_dB outside: -6.82733
  [dbg] L_in=251.213  L_out=27.7557  L_uniform=419.61  L_min_j=[0]  L_spread=[0]
  Iter  60/100  loss=2554.0923  (1.4s)
  [dbg] mean SINR_dB inside : 8.50971
  [dbg] mean SINR_dB outside: -6.73919
  [dbg] L_in=227.555  L_out=28.0291  L_uniform=392.342  L_min_j=[0]  L_spread=[0]
  Iter  61/100  loss=2314.7859  (1.5s)
  [dbg] mean SINR_dB inside : 8.48735
  [dbg] mean SINR_dB outside: -6.81884
  [dbg] L_in=224.555  L_out=27.9205  L_uniform=385.415  L_min_j=[0]  L_spread=[0]
  Iter  62/100  loss=2284.0898  (1.4s)
  [dbg] mean SINR_dB inside : 8.36067
  [dbg] mean SINR_dB outside: -6.73181
  [dbg] L_in=235.558  L_out=28.111  L_uniform=402.225  L_min_j=[0]  L_spread=[0]
  Iter  63/100  loss=2395.8020  (1.4s)
  [dbg] mean SINR_dB inside : 8.5593
  [dbg] mean SINR_dB outside: -6.88893
  [dbg] L_in=224.268  L_out=28.1911  L_uniform=387.785  L_min_j=[0]  L_spread=[0]
  Iter  64/100  loss=2281.4548  (1.4s)
  [dbg] mean SINR_dB inside : 8.67339
  [dbg] mean SINR_dB outside: -6.81856
  [dbg] L_in=220.099  L_out=28.5342  L_uniform=384.132  L_min_j=[0]  L_spread=[0]
  Iter  65/100  loss=2239.4014  (1.5s)
  [dbg] mean SINR_dB inside : 8.61534
  [dbg] mean SINR_dB outside: -6.84127
  [dbg] L_in=219.347  L_out=28.4002  L_uniform=380.217  L_min_j=[0]  L_spread=[0]
  Iter  66/100  loss=2231.4927  (1.5s)
  [dbg] mean SINR_dB inside : 8.68721
  [dbg] mean SINR_dB outside: -6.59805
  [dbg] L_in=221.377  L_out=29.0544  L_uniform=387.257  L_min_j=[0]  L_spread=[0]
  Iter  67/100  loss=2252.4915  (1.2s)
  [dbg] mean SINR_dB inside : 8.62115
  [dbg] mean SINR_dB outside: -6.66822
  [dbg] L_in=221.962  L_out=28.9946  L_uniform=385.708  L_min_j=[0]  L_spread=[0]
  Iter  68/100  loss=2258.1936  (1.5s)
  [dbg] mean SINR_dB inside : 8.65443
  [dbg] mean SINR_dB outside: -6.73314
  [dbg] L_in=220.532  L_out=28.7351  L_uniform=384.22  L_min_j=[0]  L_spread=[0]
  Iter  69/100  loss=2243.7444  (1.4s)
  [dbg] mean SINR_dB inside : 8.60559
  [dbg] mean SINR_dB outside: -6.66074
  [dbg] L_in=223.816  L_out=28.9416  L_uniform=388.783  L_min_j=[0]  L_spread=[0]
  Iter  70/100  loss=2277.0339  (1.2s)
  [dbg] mean SINR_dB inside : 8.65858
  [dbg] mean SINR_dB outside: -6.60343
  [dbg] L_in=219.661  L_out=29.0162  L_uniform=382.656  L_min_j=[0]  L_spread=[0]
  Iter  71/100  loss=2234.8748  (1.5s)
  [dbg] mean SINR_dB inside : 8.6322
  [dbg] mean SINR_dB outside: -6.38736
  [dbg] L_in=224.893  L_out=28.9653  L_uniform=392.042  L_min_j=[0]  L_spread=[0]
  Iter  72/100  loss=2288.1318  (1.5s)
  [dbg] mean SINR_dB inside : 8.69329
  [dbg] mean SINR_dB outside: -6.41228
  [dbg] L_in=223.224  L_out=29.3665  L_uniform=391.177  L_min_j=[0]  L_spread=[0]
  Iter  73/100  loss=2271.3533  (1.4s)
  [dbg] mean SINR_dB inside : 8.62876
  [dbg] mean SINR_dB outside: -6.5388
  [dbg] L_in=223.447  L_out=29.5322  L_uniform=388.996  L_min_j=[0]  L_spread=[0]
  Iter  74/100  loss=2273.3735  (1.5s)
  [dbg] mean SINR_dB inside : 8.75932
  [dbg] mean SINR_dB outside: -6.53279
  [dbg] L_in=217.125  L_out=29.533  L_uniform=381.668  L_min_j=[0]  L_spread=[0]
  Iter  75/100  loss=2209.4150  (1.5s)
  [dbg] mean SINR_dB inside : 8.73856
  [dbg] mean SINR_dB outside: -6.52778
  [dbg] L_in=220.168  L_out=29.0578  L_uniform=386.931  L_min_j=[0]  L_spread=[0]
  Iter  76/100  loss=2240.3684  (1.5s)
  [dbg] mean SINR_dB inside : 8.87825
  [dbg] mean SINR_dB outside: -6.40518
  [dbg] L_in=212.168  L_out=29.0289  L_uniform=376.542  L_min_j=[0]  L_spread=[0]
  Iter  77/100  loss=2159.3359  (1.5s)
  [dbg] mean SINR_dB inside : 8.6885
  [dbg] mean SINR_dB outside: -6.43335
  [dbg] L_in=223.268  L_out=29.6332  L_uniform=391.103  L_min_j=[0]  L_spread=[0]
  Iter  78/100  loss=2271.7937  (1.5s)
  [dbg] mean SINR_dB inside : 8.84543
  [dbg] mean SINR_dB outside: -6.40647
  [dbg] L_in=215.186  L_out=29.473  L_uniform=381.267  L_min_j=[0]  L_spread=[0]
  Iter  79/100  loss=2189.9817  (1.5s)
  [dbg] mean SINR_dB inside : 8.78414
  [dbg] mean SINR_dB outside: -6.37202
  [dbg] L_in=219.366  L_out=29.6702  L_uniform=387.135  L_min_j=[0]  L_spread=[0]
  Iter  80/100  loss=2232.3691  (1.4s)
  [dbg] mean SINR_dB inside : 8.87261
  [dbg] mean SINR_dB outside: -6.48291
  [dbg] L_in=212.272  L_out=29.7099  L_uniform=376.535  L_min_j=[0]  L_spread=[0]
  Iter  81/100  loss=2160.3699  (1.5s)
  [dbg] mean SINR_dB inside : 8.75847
  [dbg] mean SINR_dB outside: -6.34974[0m[31m2026-05-24 22:46:34 WARN  [HDRFilm] Monochrome mode enabled, setting film output pixel format to 'luminance' (was rgb).

  [dbg] L_in=217.21  L_out=29.4841  L_uniform=381.805  L_min_j=[0]  L_spread=[0]
  Iter  82/100  loss=2210.2783  (1.4s)
  [dbg] mean SINR_dB inside : 8.70312
  [dbg] mean SINR_dB outside: -6.48585
  [dbg] L_in=219.298  L_out=29.256  L_uniform=383.721  L_min_j=[0]  L_spread=[0]
  Iter  83/100  loss=2231.3560  (1.2s)
  [dbg] mean SINR_dB inside : 8.82657
  [dbg] mean SINR_dB outside: -6.57142
  [dbg] L_in=214.575  L_out=29.6927  L_uniform=379.329  L_min_j=[0]  L_spread=[0]
  Iter  84/100  loss=2183.6833  (1.4s)
  [dbg] mean SINR_dB inside : 8.85549
  [dbg] mean SINR_dB outside: -6.39383
  [dbg] L_in=213.024  L_out=29.6633  L_uniform=377.333  L_min_j=[0]  L_spread=[0]
  Iter  85/100  loss=2167.9714  (1.2s)
  [dbg] mean SINR_dB inside : 8.771
  [dbg] mean SINR_dB outside: -6.52133
  [dbg] L_in=216.748  L_out=29.7399  L_uniform=381.385  L_min_j=[0]  L_spread=[0]
  Iter  86/100  loss=2205.6162  (1.4s)
  [dbg] mean SINR_dB inside : 8.68227
  [dbg] mean SINR_dB outside: -6.45869
  [dbg] L_in=222.493  L_out=29.3496  L_uniform=389.297  L_min_j=[0]  L_spread=[0]
  Iter  87/100  loss=2263.8599  (1.5s)
  [dbg] mean SINR_dB inside : 8.86324
  [dbg] mean SINR_dB outside: -6.54949
  [dbg] L_in=213.607  L_out=29.5401  L_uniform=378.844  L_min_j=[0]  L_spread=[0]
  Iter  88/100  loss=2173.9565  (1.3s)
  [dbg] mean SINR_dB inside : 8.7444
  [dbg] mean SINR_dB outside: -6.37838
  [dbg] L_in=218.563  L_out=29.4416  L_uniform=383.94  L_min_j=[0]  L_spread=[0]
  Iter  89/100  loss=2224.0208  (1.4s)
  [dbg] mean SINR_dB inside : 8.7074
  [dbg] mean SINR_dB outside: -6.39196
  [dbg] L_in=219.907  L_out=29.8456  L_uniform=385.13  L_min_j=[0]  L_spread=[0]
  Iter  90/100  loss=2237.5823  (1.2s)
  [dbg] mean SINR_dB inside : 8.85886
  [dbg] mean SINR_dB outside: -6.54235
  [dbg] L_in=214.494  L_out=29.3374  L_uniform=380.416  L_min_j=[0]  L_spread=[0]
  Iter  91/100  loss=2182.9866  (1.5s)
  [dbg] mean SINR_dB inside : 8.80723
  [dbg] mean SINR_dB outside: -6.48403
  [dbg] L_in=216.621  L_out=29.579  L_uniform=382.608  L_min_j=[0]  L_spread=[0]
  Iter  92/100  loss=2204.4700  (1.4s)
  [dbg] mean SINR_dB inside : 8.74917
  [dbg] mean SINR_dB outside: -6.4061
  [dbg] L_in=218.268  L_out=29.6912  L_uniform=383.578  L_min_j=[0]  L_spread=[0]
  Iter  93/100  loss=2221.0405  (1.2s)
  [dbg] mean SINR_dB inside : 8.71757
  [dbg] mean SINR_dB outside: -6.44509
  [dbg] L_in=221.442  L_out=29.5598  L_uniform=388.638  L_min_j=[0]  L_spread=[0]
  Iter  94/100  loss=2253.2793  (1.5s)
  [dbg] mean SINR_dB inside : 8.7372
  [dbg] mean SINR_dB outside: -6.41639
  [dbg] L_in=221.454  L_out=29.5879  L_uniform=389.447  L_min_j=[0]  L_spread=[0]
  Iter  95/100  loss=2253.4812  (1.5s)
  [dbg] mean SINR_dB inside : 8.89957
  [dbg] mean SINR_dB outside: -6.28628
  [dbg] L_in=211.648  L_out=29.8051  L_uniform=376.387  L_min_j=[0]  L_spread=[0]
  Iter  96/100  loss=2154.1140  (1.5s)
  [dbg] mean SINR_dB inside : 8.73829
  [dbg] mean SINR_dB outside: -6.38002
  [dbg] L_in=218.24  L_out=29.295  L_uniform=383.049  L_min_j=[0]  L_spread=[0]
  Iter  97/100  loss=2220.7026  (1.2s)
  [dbg] mean SINR_dB inside : 8.77851
  [dbg] mean SINR_dB outside: -6.44901
  [dbg] L_in=218.127  L_out=29.8141  L_uniform=384.487  L_min_j=[0]  L_spread=[0]
  Iter  98/100  loss=2219.7139  (1.2s)
  [dbg] mean SINR_dB inside : 8.7769
  [dbg] mean SINR_dB outside: -6.35838
  [dbg] L_in=216.637  L_out=29.9921  L_uniform=381.417  L_min_j=[0]  L_spread=[0]
  Iter  99/100  loss=2204.5078  (1.5s)
  [dbg] mean SINR_dB inside : 8.63066
  [dbg] mean SINR_dB outside: -6.35878
  [dbg] L_in=222.679  L_out=29.5919  L_uniform=387.552  L_min_j=[0]  L_spread=[0]
  Iter 100/100  loss=2265.5479  (1.2s)

======================================================================
OPTIMIZATION COMPLETE  (156.6s)
  bs_0: Az=158.6°, El=-9.1°, pos=(418.2, -174.2)
  bs_1: Az=17.2°, El=-8.9°, pos=(-442.8, -112.9)
  bs_2: Az=268.3°, El=-7.2°, pos=(47.7, 505.4)
  bs_3: Az=53.7°, El=-8.8°, pos=(-153.0, -452.5)
======================================================================

  Warm-up: 156.6s total, 1.57s/iter
  Run 2: Joint optimization (100 iter, BS positions frozen)
-700.0

======================================================================
MULTI-TX SIR OPTIMIZATION  (4 transmitters)
======================================================================
Pre-created 1984 receivers (700 inside + 1284 outside) across 4 base stations
Tx Position: [550.3499145507812, -238.58389282226562, 50.0]
look_at_position: [-2.3293987263526324e-15, -1.5754854456243946e-15, 1.5]
Tx Position: [220.45193481445312, -557.8604736328125, 50.0]
look_at_position: [-2.3293987263526324e-15, -1.5754854456243946e-15, 1.5]
Tx Position: [-238.58389282226562, -550.3499145507812, 50.0]
look_at_position: [-2.3293987263526324e-15, -1.5754854456243946e-15, 1.5]
Tx Position: [-557.8604736328125, -220.45193481445312, 50.0]
look_at_position: [-2.3293987263526324e-15, -1.5754854456243946e-15, 1.5]
Tx Position: [-550.3499145507812, 238.58389282226562, 50.0]
look_at_position: [-2.3293987263526324e-15, -1.5754854456243946e-15, 1.5]
Tx Position: [-220.45193481445312, 557.8604736328125, 50.0]
look_at_position: [-2.3293987263526324e-15, -1.5754854456243946e-15, 1.5]
Tx Position: [238.58389282226562, 550.3499145507812, 50.0]
look_at_position: [-2.3293987263526324e-15, -1.5754854456243946e-15, 1.5]
Tx Position: [557.8604736328125, 220.45193481445312, 50.0]
look_at_position: [-2.3293987263526324e-15, -1.5754854456243946e-15, 1.5]
  [dbg] mean SINR_dB inside : -2.50153
  [dbg] mean SINR_dB outside: -24.0945
  [dbg] L_in=706.468  L_out=-166.612  L_uniform=777.59  L_min_j=0.5  L_spread=[0]
  Iter   1/100  loss=4063.3867  (9.4s)
  [dbg] mean SINR_dB inside : 0.141022
  [dbg] mean SINR_dB outside: -18.1571
  [dbg] L_in=577.39  L_out=-122.004  L_uniform=678.939  L_min_j=0.475021  L_spread=[0]
  Iter   2/100  loss=3466.9700  (3.2s)
  [dbg] mean SINR_dB inside : 0.755807
  [dbg] mean SINR_dB outside: -18.2551
  [dbg] L_in=545.142  L_out=-123.322  L_uniform=649.549  L_min_j=0.452462  L_spread=[0]
  Iter   3/100  loss=3192.8669  (3.2s)
  [dbg] mean SINR_dB inside : 1.1317
  [dbg] mean SINR_dB outside: -18.1756
  [dbg] L_in=520.934  L_out=-123.221  L_uniform=622.225  L_min_j=0.431757  L_spread=[0]
  Iter   4/100  loss=2997.4854  (3.2s)
  [dbg] mean SINR_dB inside : 1.47536
  [dbg] mean SINR_dB outside: -18.4023
  [dbg] L_in=505.567  L_out=-125.234  L_uniform=610.528  L_min_j=0.41285  L_spread=[0]
  Iter   5/100  loss=2853.2524  (3.2s)
  [dbg] mean SINR_dB inside : 1.62496
  [dbg] mean SINR_dB outside: -18.3543
  [dbg] L_in=503.676  L_out=-125.153  L_uniform=614.956  L_min_j=0.395982  L_spread=[0]
  Iter   6/100  loss=2839.3691  (3.1s)
  [dbg] mean SINR_dB inside : 1.8319
  [dbg] mean SINR_dB outside: -18.5118
  [dbg] L_in=490.75  L_out=-126.485  L_uniform=600.391  L_min_j=0.381401  L_spread=[0]
  Iter   7/100  loss=2721.1914  (3.1s)
  [dbg] mean SINR_dB inside : 2.14401
  [dbg] mean SINR_dB outside: -18.2429
  [dbg] L_in=477.386  L_out=-124.747  L_uniform=590.525  L_min_j=0.369125  L_spread=[0]
  Iter   8/100  loss=2630.6677  (3.2s)
  [dbg] mean SINR_dB inside : 2.36499
  [dbg] mean SINR_dB outside: -18.068
  [dbg] L_in=466.821  L_out=-123.257  L_uniform=581.213  L_min_j=0.359106  L_spread=[0]
  Iter   9/100  loss=2560.1130  (3.2s)
  [dbg] mean SINR_dB inside : 2.49399
  [dbg] mean SINR_dB outside: -18.1146
  [dbg] L_in=466.065  L_out=-123.752  L_uniform=586.55  L_min_j=0.351074  L_spread=[0]
  Iter  10/100  loss=2549.6555  (3.2s)
  [dbg] mean SINR_dB inside : 2.65077
  [dbg] mean SINR_dB outside: -18.1265
  [dbg] L_in=459.796  L_out=-124.011  L_uniform=582.296  L_min_j=0.345012  L_spread=[0]
  Iter  11/100  loss=2496.4917  (3.2s)
  [dbg] mean SINR_dB inside : 2.6989
  [dbg] mean SINR_dB outside: -18.038
  [dbg] L_in=458.131  L_out=-123.605  L_uniform=581.498  L_min_j=0.340742  L_spread=[0]
  Iter  12/100  loss=2487.1479  (3.0s)
  [dbg] mean SINR_dB inside : 2.95075
  [dbg] mean SINR_dB outside: -18.2529
  [dbg] L_in=441.408  L_out=-125.264  L_uniform=561.233  L_min_j=0.338172  L_spread=[0]
  Iter  13/100  loss=2334.7439  (3.1s)
  [dbg] mean SINR_dB inside : 2.94243
  [dbg] mean SINR_dB outside: -18.2032
  [dbg] L_in=447.946  L_out=-125.025  L_uniform=573.876  L_min_j=0.337107  L_spread=[0]
  Iter  14/100  loss=2390.7100  (3.1s)
  [dbg] mean SINR_dB inside : 3.06798
  [dbg] mean SINR_dB outside: -18.3078
  [dbg] L_in=438.784  L_out=-125.806  L_uniform=562.077  L_min_j=0.337294  L_spread=[0]
  Iter  15/100  loss=2308.4216  (3.1s)
  [dbg] mean SINR_dB inside : 3.26254
  [dbg] mean SINR_dB outside: -18.3141
  [dbg] L_in=429.871  L_out=-125.918  L_uniform=554.301  L_min_j=0.338519  L_spread=[0]
  Iter  16/100  loss=2235.2249  (3.8s)
  [dbg] mean SINR_dB inside : 3.2397
  [dbg] mean SINR_dB outside: -18.5766
  [dbg] L_in=437.49  L_out=-127.866  L_uniform=568.359  L_min_j=0.340658  L_spread=[0]
  Iter  17/100  loss=2278.0991  (3.9s)
  [dbg] mean SINR_dB inside : 3.22291
  [dbg] mean SINR_dB outside: -18.8019
  [dbg] L_in=438.595  L_out=-129.567  L_uniform=569.701  L_min_j=0.343552  L_spread=[0]
  Iter  18/100  loss=2270.0544  (3.4s)
  [dbg] mean SINR_dB inside : 3.40072
  [dbg] mean SINR_dB outside: -18.6979
  [dbg] L_in=428.472  L_out=-128.981  L_uniform=558.59  L_min_j=0.347042  L_spread=[0]
  Iter  19/100  loss=2193.8252  (3.3s)
  [dbg] mean SINR_dB inside : 3.53621
  [dbg] mean SINR_dB outside: -18.6014
  [dbg] L_in=420.727  L_out=-128.474  L_uniform=550.019  L_min_j=0.351049  L_spread=[0]
  Iter  20/100  loss=2136.0767  (3.2s)
  [dbg] mean SINR_dB inside : 3.5098
  [dbg] mean SINR_dB outside: -18.5203
  [dbg] L_in=424.467  L_out=-127.964  L_uniform=556.15  L_min_j=0.355533  L_spread=[0]
  Iter  21/100  loss=2171.7109  (3.2s)
  [dbg] mean SINR_dB inside : 3.76536
  [dbg] mean SINR_dB outside: -18.4346
  [dbg] L_in=409.024  L_out=-127.401  L_uniform=538.229  L_min_j=0.360191  L_spread=[0]
  Iter  22/100  loss=2052.0078  (3.3s)
  [dbg] mean SINR_dB inside : 3.8082
  [dbg] mean SINR_dB outside: -18.3839
  [dbg] L_in=409.278  L_out=-127.057  L_uniform=540.896  L_min_j=0.364826  L_spread=[0]
  Iter  23/100  loss=2057.7505  (3.2s)
  [dbg] mean SINR_dB inside : 3.80483
  [dbg] mean SINR_dB outside: -18.1623
  [dbg] L_in=412.344  L_out=-125.509  L_uniform=546.857  L_min_j=0.36958  L_spread=[0]
  Iter  24/100  loss=2098.3464  (3.2s)
  [dbg] mean SINR_dB inside : 3.97308
  [dbg] mean SINR_dB outside: -18.076
  [dbg] L_in=403.501  L_out=-124.799  L_uniform=537.623  L_min_j=0.374222  L_spread=[0]
  Iter  25/100  loss=2033.7775  (3.2s)
  [dbg] mean SINR_dB inside : 3.8798
  [dbg] mean SINR_dB outside: -18.2128
  [dbg] L_in=410.096  L_out=-125.662  L_uniform=546.133  L_min_j=0.378867  L_spread=[0]
  Iter  26/100  loss=2078.7610  (3.4s)
  [dbg] mean SINR_dB inside : 4.05775
  [dbg] mean SINR_dB outside: -18.1664
  [dbg] L_in=397.481  L_out=-125.171  L_uniform=529.813  L_min_j=0.383624  L_spread=[0]
  Iter  27/100  loss=1981.1200  (3.2s)
  [dbg] mean SINR_dB inside : 4.14781
  [dbg] mean SINR_dB outside: -18.2499
  [dbg] L_in=395.722  L_out=-125.697  L_uniform=530.777  L_min_j=0.388561  L_spread=[0]
  Iter  28/100  loss=1961.8812  (3.4s)
  [dbg] mean SINR_dB inside : 4.17357
  [dbg] mean SINR_dB outside: -18.304
  [dbg] L_in=396.261  L_out=-125.904  L_uniform=533.138  L_min_j=0.39368  L_spread=[0]
  Iter  29/100  loss=1964.3610  (3.3s)
  [dbg] mean SINR_dB inside : 4.34248
  [dbg] mean SINR_dB outside: -18.3595
  [dbg] L_in=384.188  L_out=-126.268  L_uniform=517.349  L_min_j=0.398876  L_spread=[0]
  Iter  30/100  loss=1862.5549  (3.5s)
  [dbg] mean SINR_dB inside : 4.45315
  [dbg] mean SINR_dB outside: -18.2164
  [dbg] L_in=381.148  L_out=-125.207  L_uniform=516.713  L_min_j=0.404096  L_spread=[0]
  Iter  31/100  loss=1848.7871  (3.1s)
  [dbg] mean SINR_dB inside : 4.46456
  [dbg] mean SINR_dB outside: -18.0607
  [dbg] L_in=381.331  L_out=-124.105  L_uniform=517.639  L_min_j=0.409305  L_spread=[0]
  Iter  32/100  loss=1861.3564  (3.2s)
  [dbg] mean SINR_dB inside : 4.37857
  [dbg] mean SINR_dB outside: -17.9963
  [dbg] L_in=386.332  L_out=-123.727  L_uniform=523.418  L_min_j=0.414555  L_spread=[0]
  Iter  33/100  loss=1905.7274  (3.3s)
  [dbg] mean SINR_dB inside : 4.44795
  [dbg] mean SINR_dB outside: -18.0843
  [dbg] L_in=381.857  L_out=-124.385  L_uniform=517.88  L_min_j=0.41974  L_spread=[0]
  Iter  34/100  loss=1862.7877  (3.2s)
  [dbg] mean SINR_dB inside : 4.50805
  [dbg] mean SINR_dB outside: -18.0118
  [dbg] L_in=378.898  L_out=-123.971  L_uniform=514.91  L_min_j=0.424849  L_spread=[0]
  Iter  35/100  loss=1842.9626  (3.1s)
  [dbg] mean SINR_dB inside : 4.52608
  [dbg] mean SINR_dB outside: -17.8354
  [dbg] L_in=378.046  L_out=-122.753  L_uniform=514.089  L_min_j=0.429927  L_spread=[0]
  Iter  36/100  loss=1848.2439  (3.2s)
  [dbg] mean SINR_dB inside : 4.70977
  [dbg] mean SINR_dB outside: -17.6742
  [dbg] L_in=370.713  L_out=-121.616  L_uniform=508.384  L_min_j=0.434901  L_spread=[0]
  Iter  37/100  loss=1800.3812  (3.2s)
  [dbg] mean SINR_dB inside : 4.57242
  [dbg] mean SINR_dB outside: -17.7981
  [dbg] L_in=379.481  L_out=-122.488  L_uniform=519.222  L_min_j=0.43981  L_spread=[0]
  Iter  38/100  loss=1862.8896  (3.2s)
  [dbg] mean SINR_dB inside : 4.56589
  [dbg] mean SINR_dB outside: -17.9683
  [dbg] L_in=377.689  L_out=-123.804  L_uniform=515.327  L_min_j=0.444619  L_spread=[0]
  Iter  39/100  loss=1835.0049  (3.2s)
  [dbg] mean SINR_dB inside : 4.47662
  [dbg] mean SINR_dB outside: -17.6326
  [dbg] L_in=384.422  L_out=-121.375  L_uniform=524.424  L_min_j=0.449248  L_spread=[0]
  Iter  40/100  loss=1914.0697  (3.2s)
  [dbg] mean SINR_dB inside : 4.75162
  [dbg] mean SINR_dB outside: -17.8011
  [dbg] L_in=369.868  L_out=-122.515  L_uniform=508.731  L_min_j=0.453701  L_spread=[0]
  Iter  41/100  loss=1784.6654  (3.2s)
  [dbg] mean SINR_dB inside : 4.68862
  [dbg] mean SINR_dB outside: -17.5653
  [dbg] L_in=374.631  L_out=-120.797  L_uniform=515.205  L_min_j=0.458044  L_spread=[0]
  Iter  42/100  loss=1840.6035  (3.3s)
  [dbg] mean SINR_dB inside : 4.85293
  [dbg] mean SINR_dB outside: -17.4476
  [dbg] L_in=359.771  L_out=-119.959  L_uniform=493.445  L_min_j=0.462291  L_spread=[0]
  Iter  43/100  loss=1727.9246  (3.3s)
  [dbg] mean SINR_dB inside : 4.8008
  [dbg] mean SINR_dB outside: -17.4296
  [dbg] L_in=366.689  L_out=-119.827  L_uniform=504.759  L_min_j=0.466401  L_spread=[0]
  Iter  44/100  loss=1785.7166  (3.2s)
  [dbg] mean SINR_dB inside : 4.89837
  [dbg] mean SINR_dB outside: -17.5429
  [dbg] L_in=357.97  L_out=-120.493  L_uniform=492.045  L_min_j=0.470365  L_spread=[0]
  Iter  45/100  loss=1708.0366  (3.2s)
  [dbg] mean SINR_dB inside : 4.81535
  [dbg] mean SINR_dB outside: -17.5931
  [dbg] L_in=366.47  L_out=-120.875  L_uniform=505.034  L_min_j=0.474164  L_spread=[0]
  Iter  46/100  loss=1773.5092  (3.0s)
  [dbg] mean SINR_dB inside : 4.95936
  [dbg] mean SINR_dB outside: -17.1824
  [dbg] L_in=360.776  L_out=-117.897  L_uniform=500.589  L_min_j=0.477857  L_spread=[0]
  Iter  47/100  loss=1757.2975  (3.3s)
  [dbg] mean SINR_dB inside : 5.05969
  [dbg] mean SINR_dB outside: -17.2757
  [dbg] L_in=355.147  L_out=-118.501  L_uniform=494.156  L_min_j=0.481437  L_spread=[0]
  Iter  48/100  loss=1705.5776  (3.2s)
  [dbg] mean SINR_dB inside : 5.09817
  [dbg] mean SINR_dB outside: -17.2682
  [dbg] L_in=352.394  L_out=-118.441  L_uniform=490.48  L_min_j=0.484897  L_spread=[0]
  Iter  49/100  loss=1683.7908  (3.2s)
  [dbg] mean SINR_dB inside : 5.11996
  [dbg] mean SINR_dB outside: -17.3352
  [dbg] L_in=354.489  L_out=-118.931  L_uniform=495.722  L_min_j=0.488272  L_spread=[0]
  Iter  50/100  loss=1696.1741  (3.2s)
  [dbg] mean SINR_dB inside : 5.10917
  [dbg] mean SINR_dB outside: -17.3532
  [dbg] L_in=354.451  L_out=-119.071  L_uniform=495.124  L_min_j=0.491569  L_spread=[0]
  Iter  51/100  loss=1694.4061  (3.2s)
  [dbg] mean SINR_dB inside : 5.02676
  [dbg] mean SINR_dB outside: -17.3378
  [dbg] L_in=360.114  L_out=-118.964  L_uniform=502.509  L_min_j=0.49476  L_spread=[0]
  Iter  52/100  loss=1741.5262  (3.2s)
  [dbg] mean SINR_dB inside : 5.30012
  [dbg] mean SINR_dB outside: -17.6644
  [dbg] L_in=344.338  L_out=-121.271  L_uniform=483.987  L_min_j=0.497839  L_spread=[0]
  Iter  53/100  loss=1590.3853  (3.3s)
  [dbg] mean SINR_dB inside : 5.23927
  [dbg] mean SINR_dB outside: -17.4915
  [dbg] L_in=346.887  L_out=-120.045  L_uniform=486.216  L_min_j=0.500807  L_spread=[0]
  Iter  54/100  loss=1623.2673  (3.3s)
  [dbg] mean SINR_dB inside : 4.98273
  [dbg] mean SINR_dB outside: -17.5997
  [dbg] L_in=360.304  L_out=-120.782  L_uniform=500.784  L_min_j=0.503659  L_spread=[0]
  Iter  55/100  loss=1724.6970  (3.3s)
  [dbg] mean SINR_dB inside : 5.21395
  [dbg] mean SINR_dB outside: -17.4448
  [dbg] L_in=349.526  L_out=-119.646  L_uniform=490.276  L_min_j=0.506368  L_spread=[0]
  Iter  56/100  loss=1648.7776  (3.1s)
  [dbg] mean SINR_dB inside : 5.17948
  [dbg] mean SINR_dB outside: -17.4366
  [dbg] L_in=350.938  L_out=-119.561  L_uniform=491.466  L_min_j=0.509002  L_spread=[0]
  Iter  57/100  loss=1661.0413  (3.2s)
  [dbg] mean SINR_dB inside : 5.23877
  [dbg] mean SINR_dB outside: -17.4854
  [dbg] L_in=349.346  L_out=-119.84  L_uniform=491.102  L_min_j=0.511522  L_spread=[0]
  Iter  58/100  loss=1645.4727  (2.9s)
  [dbg] mean SINR_dB inside : 5.39618
  [dbg] mean SINR_dB outside: -17.6674
  [dbg] L_in=340.925  L_out=-121.027  L_uniform=481.713  L_min_j=0.513964  L_spread=[0]
  Iter  59/100  loss=1565.2971  (3.3s)
  [dbg] mean SINR_dB inside : 5.41911
  [dbg] mean SINR_dB outside: -17.5662
  [dbg] L_in=337.685  L_out=-120.249  L_uniform=476.324  L_min_j=0.516291  L_spread=[0]
  Iter  60/100  loss=1546.6210  (3.1s)
  [dbg] mean SINR_dB inside : 5.43289
  [dbg] mean SINR_dB outside: -17.5571
  [dbg] L_in=339.297  L_out=-120.292  L_uniform=480.196  L_min_j=0.518532  L_spread=[0]
  Iter  61/100  loss=1559.4736  (3.1s)
  [dbg] mean SINR_dB inside : 5.34706
  [dbg] mean SINR_dB outside: -17.4872
  [dbg] L_in=345.382  L_out=-119.76  L_uniform=488.309  L_min_j=0.520677  L_spread=[0]
  Iter  62/100  loss=1614.2856  (3.3s)
  [dbg] mean SINR_dB inside : 5.32027
  [dbg] mean SINR_dB outside: -17.4239
  [dbg] L_in=346.285  L_out=-119.324  L_uniform=488.849  L_min_j=0.522704  L_spread=[0]
  Iter  63/100  loss=1625.9261  (3.2s)
  [dbg] mean SINR_dB inside : 5.36392
  [dbg] mean SINR_dB outside: -17.5365
  [dbg] L_in=344.416  L_out=-120.136  L_uniform=487.184  L_min_j=0.524603  L_spread=[0]
  Iter  64/100  loss=1602.6938  (3.1s)
  [dbg] mean SINR_dB inside : 5.72244
  [dbg] mean SINR_dB outside: -17.3014
  [dbg] L_in=322.533  L_out=-118.464  L_uniform=460.238  L_min_j=0.526384  L_spread=[0]
  Iter  65/100  loss=1441.6396  (3.1s)
  [dbg] mean SINR_dB inside : 5.51843
  [dbg] mean SINR_dB outside: -17.3806
  [dbg] L_in=338.744  L_out=-119.075  L_uniform=483.114  L_min_j=0.528079  L_spread=[0]
  Iter  66/100  loss=1567.5134  (2.9s)
  [dbg] mean SINR_dB inside : 5.47945
  [dbg] mean SINR_dB outside: -17.3858
  [dbg] L_in=338.097  L_out=-119.139  L_uniform=479.998  L_min_j=0.529653  L_spread=[0]
  Iter  67/100  loss=1561.3809  (3.1s)
  [dbg] mean SINR_dB inside : 5.56103
  [dbg] mean SINR_dB outside: -17.4017
  [dbg] L_in=336.26  L_out=-119.164  L_uniform=480.167  L_min_j=0.531132  L_spread=[0]
  Iter  68/100  loss=1546.4552  (3.2s)
  [dbg] mean SINR_dB inside : 5.45873
  [dbg] mean SINR_dB outside: -17.5225
  [dbg] L_in=340.85  L_out=-120.131  L_uniform=484.534  L_min_j=0.53253  L_spread=[0]
  Iter  69/100  loss=1573.9420  (3.1s)
  [dbg] mean SINR_dB inside : 5.59281
  [dbg] mean SINR_dB outside: -17.362
  [dbg] L_in=331.165  L_out=-118.829  L_uniform=471.449  L_min_j=0.533845  L_spread=[0]
  Iter  70/100  loss=1508.1725  (2.9s)
  [dbg] mean SINR_dB inside : 5.5296
  [dbg] mean SINR_dB outside: -17.4246
  [dbg] L_in=334.926  L_out=-119.311  L_uniform=476.02  L_min_j=0.535101  L_spread=[0]
  Iter  71/100  loss=1533.8978  (3.1s)
  [dbg] mean SINR_dB inside : 5.51808
  [dbg] mean SINR_dB outside: -17.315
  [dbg] L_in=339.399  L_out=-118.509  L_uniform=484.43  L_min_j=0.536277  L_spread=[0]
  Iter  72/100  loss=1578.5457  (3.1s)
  [dbg] mean SINR_dB inside : 5.46321
  [dbg] mean SINR_dB outside: -17.0322
  [dbg] L_in=342.759  L_out=-116.515  L_uniform=488.554  L_min_j=0.53739  L_spread=[0]
  Iter  73/100  loss=1625.7793  (3.1s)
  [dbg] mean SINR_dB inside : 5.57798
  [dbg] mean SINR_dB outside: -17.3325
  [dbg] L_in=337.177  L_out=-118.614  L_uniform=482.781  L_min_j=0.538439  L_spread=[0]
  Iter  74/100  loss=1559.5540  (3.1s)
  [dbg] mean SINR_dB inside : 5.52617
  [dbg] mean SINR_dB outside: -17.2821
  [dbg] L_in=340.338  L_out=-118.272  L_uniform=486.693  L_min_j=0.539425  L_spread=[0]
  Iter  75/100  loss=1588.6525  (3.1s)
  [dbg] mean SINR_dB inside : 5.70799
  [dbg] mean SINR_dB outside: -17.3135
  [dbg] L_in=328.197  L_out=-118.497  L_uniform=470.904  L_min_j=0.540342  L_spread=[0]
  Iter  76/100  loss=1487.6951  (3.1s)
  [dbg] mean SINR_dB inside : 5.69178
  [dbg] mean SINR_dB outside: -17.2197
  [dbg] L_in=329.334  L_out=-117.832  L_uniform=472.423  L_min_j=0.541205  L_spread=[0]
  Iter  77/100  loss=1503.6008  (3.1s)
  [dbg] mean SINR_dB inside : 5.64248
  [dbg] mean SINR_dB outside: -17.2846
  [dbg] L_in=331.605  L_out=-118.309  L_uniform=474.665  L_min_j=0.542013  L_spread=[0]
  Iter  78/100  loss=1517.2164  (3.1s)
  [dbg] mean SINR_dB inside : 5.67822
  [dbg] mean SINR_dB outside: -17.1841
  [dbg] L_in=329.688  L_out=-117.605  L_uniform=472.504  L_min_j=0.542758  L_spread=[0]
  Iter  79/100  loss=1508.7062  (2.9s)
  [dbg] mean SINR_dB inside : 5.59057
  [dbg] mean SINR_dB outside: -17.2677
  [dbg] L_in=334.675  L_out=-118.081  L_uniform=478.371  L_min_j=0.543442  L_spread=[0]
  Iter  80/100  loss=1544.4294  (3.1s)
  [dbg] mean SINR_dB inside : 5.68288
  [dbg] mean SINR_dB outside: -17.343
  [dbg] L_in=329.94  L_out=-118.684  L_uniform=473.23  L_min_j=0.544075  L_spread=[0]
  Iter  81/100  loss=1500.0016  (3.1s)
  [dbg] mean SINR_dB inside : 5.55083
  [dbg] mean SINR_dB outside: -17.3452
  [dbg] L_in=336.547  L_out=-118.68  L_uniform=480.267  L_min_j=0.544649  L_spread=[0]
  Iter  82/100  loss=1553.6071  (3.1s)
  [dbg] mean SINR_dB inside : 5.50189
  [dbg] mean SINR_dB outside: -17.2657
  [dbg] L_in=337.49  L_out=-118.125  L_uniform=479.852  L_min_j=0.545168  L_spread=[0]
  Iter  83/100  loss=1566.6523  (3.1s)
  [dbg] mean SINR_dB inside : 5.69605
  [dbg] mean SINR_dB outside: -17.3531
  [dbg] L_in=327.806  L_out=-118.662  L_uniform=469.582  L_min_j=0.545633  L_spread=[0]
  Iter  84/100  loss=1482.7843  (3.0s)
  [dbg] mean SINR_dB inside : 5.57232
  [dbg] mean SINR_dB outside: -17.2746
  [dbg] L_in=334.111  L_out=-118.183  L_uniform=476.408  L_min_j=0.546049  L_spread=[0]
  Iter  85/100  loss=1538.6949  (3.1s)
  [dbg] mean SINR_dB inside : 5.69151
  [dbg] mean SINR_dB outside: -17.2281
  [dbg] L_in=327.565  L_out=-117.835  L_uniform=468.872  L_min_j=0.546421  L_spread=[0]
  Iter  86/100  loss=1489.0564  (3.1s)
  [dbg] mean SINR_dB inside : 5.78704
  [dbg] mean SINR_dB outside: -17.1981
  [dbg] L_in=322.889  L_out=-117.674  L_uniform=463.981  L_min_j=0.546752  L_spread=[0]
  Iter  87/100  loss=1452.7733  (3.0s)
  [dbg] mean SINR_dB inside : 5.6781
  [dbg] mean SINR_dB outside: -17.2544
  [dbg] L_in=330.359  L_out=-118.092  L_uniform=473.837  L_min_j=0.547041  L_spread=[0]
  Iter  88/100  loss=1509.3375  (3.1s)
  [dbg] mean SINR_dB inside : 5.67885
  [dbg] mean SINR_dB outside: -17.3711
  [dbg] L_in=328.755  L_out=-118.806  L_uniform=470.675  L_min_j=0.547291  L_spread=[0]
  Iter  89/100  loss=1489.0455  (3.1s)
  [dbg] mean SINR_dB inside : 5.73291
  [dbg] mean SINR_dB outside: -17.2884
  [dbg] L_in=328.21  L_out=-118.285  L_uniform=472.101  L_min_j=0.547505  L_spread=[0]
  Iter  90/100  loss=1490.0360  (3.1s)
  [dbg] mean SINR_dB inside : 5.60022
  [dbg] mean SINR_dB outside: -17.3057
  [dbg] L_in=331.63  L_out=-118.358  L_uniform=472.745  L_min_j=0.547688  L_spread=[0]
  Iter  91/100  loss=1516.7350  (2.9s)
  [dbg] mean SINR_dB inside : 5.63829
  [dbg] mean SINR_dB outside: -17.2947
  [dbg] L_in=331.338  L_out=-118.363  L_uniform=473.939  L_min_j=0.547839  L_spread=[0]
  Iter  92/100  loss=1514.4640  (2.8s)
  [dbg] mean SINR_dB inside : 5.58333
  [dbg] mean SINR_dB outside: -17.4282
  [dbg] L_in=332.917  L_out=-119.324  L_uniform=474.527  L_min_j=0.547961  L_spread=[0]
  Iter  93/100  loss=1517.5510  (3.1s)
  [dbg] mean SINR_dB inside : 5.57344
  [dbg] mean SINR_dB outside: -17.3235
  [dbg] L_in=335.296  L_out=-118.47  L_uniform=478.82  L_min_j=0.548058  L_spread=[0]
  Iter  94/100  loss=1545.5519  (3.1s)
  [dbg] mean SINR_dB inside : 5.70862
  [dbg] mean SINR_dB outside: -17.1152
  [dbg] L_in=328.02  L_out=-117.051  L_uniform=470.592  L_min_j=0.548133  L_spread=[0]
  Iter  95/100  loss=1500.7068  (3.1s)
  [dbg] mean SINR_dB inside : 5.61668
  [dbg] mean SINR_dB outside: -17.2054
  [dbg] L_in=332.675  L_out=-117.696  L_uniform=475.612  L_min_j=0.54819  L_spread=[0]
  Iter  96/100  loss=1532.0071  (3.1s)
  [dbg] mean SINR_dB inside : 5.68021
  [dbg] mean SINR_dB outside: -17.4019
  [dbg] L_in=330.411  L_out=-119.03  L_uniform=474.046  L_min_j=0.54823  L_spread=[0]
  Iter  97/100  loss=1500.3910  (2.8s)
  [dbg] mean SINR_dB inside : 5.52572
  [dbg] mean SINR_dB outside: -17.1849
  [dbg] L_in=335.609  L_out=-117.561  L_uniform=477.208  L_min_j=0.548255  L_spread=[0]
  Iter  98/100  loss=1556.9886  (3.1s)
  [dbg] mean SINR_dB inside : 5.52469
  [dbg] mean SINR_dB outside: -17.0542
  [dbg] L_in=340.134  L_out=-116.535  L_uniform=486.218  L_min_j=0.548269  L_spread=[0]
  Iter  99/100  loss=1604.3461  (3.1s)
  [dbg] mean SINR_dB inside : 5.65713
  [dbg] mean SINR_dB outside: -17.3365
  [dbg] L_in=331.818  L_out=-118.548  L_uniform=475.798  L_min_j=0.548275  L_spread=[0]
  Iter 100/100  loss=1516.6423  (3.1s)

======================================================================
OPTIMIZATION COMPLETE  (323.8s)
  bs_0: Az=158.2°, El=-11.8°, pos=(382.5, -177.0)
  bs_1: Az=21.2°, El=-11.2°, pos=(-402.5, -120.6)
  bs_2: Az=269.8°, El=-9.1°, pos=(0.7, 425.5)
  bs_3: Az=52.1°, El=-10.2°, pos=(-141.4, -400.9)
  jam_1 [OFF gate=0.192]: Az=155.7°, El=-90.0°, pos=(594.6, -259.3, 12.7), pwr=18.6 dBm
  jam_2 [ON  gate=0.913]: Az=113.6°, El=-90.0°, pos=(304.4, -560.5, 32.1), pwr=23.4 dBm
  jam_3 [OFF gate=0.224]: Az=65.0°, El=-90.0°, pos=(-208.5, -598.9, 14.8), pwr=18.8 dBm
  jam_4 [OFF gate=0.291]: Az=22.5°, El=-90.0°, pos=(-597.9, -185.9, 19.2), pwr=19.0 dBm
  jam_5 [ON  gate=0.729]: Az=338.9°, El=-90.0°, pos=(-523.0, 356.5, 32.8), pwr=21.0 dBm
  jam_6 [OFF gate=0.308]: Az=290.2°, El=-90.0°, pos=(-311.6, 555.3, 26.2), pwr=19.1 dBm
  jam_7 [ON  gate=0.909]: Az=245.6°, El=-90.0°, pos=(300.2, 542.8, 33.7), pwr=23.4 dBm
  jam_8 [ON  gate=0.820]: Az=200.6°, El=-90.0°, pos=(537.9, 279.7, 27.6), pwr=21.9 dBm
======================================================================

  Joint:   323.8s total, 3.24s/iter
  Evaluating...

======================================================================
BS PARAMETERS  —  BEFORE / AFTER
======================================================================
  Name           Param         Initial   Optimised       Delta
  ----------------------------------------------------------------
  bs_0           Azimuth      +158.61°    +158.25°      -0.36°
                 Elevation      -9.08°     -11.80°      -2.72°
                 X (m)          +418.2      +382.5       -35.7
                 Y (m)          -174.2      -177.0        -2.7
                 Power dBm      +35.00      +40.00       +5.00
  ----------------------------------------------------------------
  bs_1           Azimuth       +17.23°     +21.17°      +3.94°
                 Elevation      -8.88°     -11.17°      -2.29°
                 X (m)          -442.8      -402.5       +40.3
                 Y (m)          -112.9      -120.6        -7.7
                 Power dBm      +35.00      +40.00       +5.00
  ----------------------------------------------------------------
  bs_2           Azimuth      +268.26°    +269.77°      +1.51°
                 Elevation      -7.24°      -9.12°      -1.89°
                 X (m)           +47.7        +0.7       -47.1
                 Y (m)          +505.4      +425.5       -79.8
                 Power dBm      +35.00      +40.00       +5.00
  ----------------------------------------------------------------
  bs_3           Azimuth       +53.74°     +52.15°      -1.59°
                 Elevation      -8.78°     -10.20°      -1.42°
                 X (m)          -153.0      -141.4       +11.5
                 Y (m)          -452.5      -400.9       +51.7
                 Power dBm      +35.00      +39.96       +4.96
  ----------------------------------------------------------------
======================================================================

Computing RadioMap for optimized BS configuration...
Computing RadioMap for 4/8 active jammers...
[verify] jam_interference_map: mean=7.909e-11 W  | mean SINR shift (BS-only − BS+Jam) = +1.135 dB

======================================================================
BS-ONLY SINR CONTAINMENT  (gamma = +0.0 dB)
======================================================================
  bs_0:
    rho_leak  (outside >= gamma):  32.2%
    rho_hole  (inside  <  gamma):  13.6%
    SINR inside  mean / p10: +9.9 / -2.2 dB
    SINR outside mean / p10: -17.5 / -39.4 dB

  bs_1:
    rho_leak  (outside >= gamma):  32.2%
    rho_hole  (inside  <  gamma):  13.6%
    SINR inside  mean / p10: +9.9 / -2.2 dB
    SINR outside mean / p10: -17.5 / -39.4 dB

  bs_2:
    rho_leak  (outside >= gamma):  32.2%
    rho_hole  (inside  <  gamma):  13.6%
    SINR inside  mean / p10: +9.9 / -2.2 dB
    SINR outside mean / p10: -17.5 / -39.4 dB

  bs_3:
    rho_leak  (outside >= gamma):  32.2%
    rho_hole  (inside  <  gamma):  13.6%
    SINR inside  mean / p10: +9.9 / -2.2 dB
    SINR outside mean / p10: -17.5 / -39.4 dB

======================================================================
BS+JAMMER SINR CONTAINMENT  (gamma = +0.0 dB)
======================================================================
  bs_0:
    rho_leak  (outside >= gamma):  26.5%
    rho_hole  (inside  <  gamma):  13.7%
    SINR inside  mean / p10: +9.8 / -2.3 dB
    SINR outside mean / p10: -19.5 / -43.5 dB

  bs_1:
    rho_leak  (outside >= gamma):  26.5%
    rho_hole  (inside  <  gamma):  13.7%
    SINR inside  mean / p10: +9.8 / -2.3 dB
    SINR outside mean / p10: -19.5 / -43.5 dB

  bs_2:
    rho_leak  (outside >= gamma):  26.5%
    rho_hole  (inside  <  gamma):  13.7%
    SINR inside  mean / p10: +9.8 / -2.3 dB
    SINR outside mean / p10: -19.5 / -43.5 dB

  bs_3:
    rho_leak  (outside >= gamma):  26.5%
    rho_hole  (inside  <  gamma):  13.7%
    SINR inside  mean / p10: +9.8 / -2.3 dB
    SINR outside mean / p10: -19.5 / -43.5 dB

======================================================================

  Saved → ../results/duke/circle_large_n700

[  8/16] START circle_large_n1000
Creating polygon
  Zone cells: 1467218
seed_bs_positions: cluster 3 has no candidate >= 250.0 m from existing BSs; relaxing separation constraint for this station.
  bs_0: (371.6, -138.3, 50.0)
  bs_1: (-385.9, -91.4, 50.0)
  bs_2: (16.5, 396.2, 50.0)
  bs_3: (-214.4, -333.8, 50.0)
  Jammers: 8 evenly placed at 200 m standoff
  Run 1: BS warm-up (100 iter, inside coverage only)
-700.0

======================================================================
MULTI-TX SIR OPTIMIZATION  (4 transmitters)
======================================================================
Tx Position: [371.63970947265625, -138.33380126953125, 50.0]
look_at_position: [0.0, 0.0, 1.5]
Tx Position: [-385.865234375, -91.43533325195312, 50.0]
look_at_position: [0.0, 0.0, 1.5]
Tx Position: [16.497787475585938, 396.18603515625, 50.0]
look_at_position: [0.0, 0.0, 1.5]
Tx Position: [-214.40602111816406, -333.7804870605469, 50.0]
look_at_position: [0.0, 0.0, 1.5]
  [dbg] mean SINR_dB inside : 3.75874
  [dbg] mean SINR_dB outside: -13.341
  [dbg] L_in=409.345  L_out=1.10946  L_uniform=538.527  L_min_j=[0]  L_spread=[0]
  Iter   1/100  loss=4147.2979  (14.2s)
  [dbg] mean SINR_dB inside : 4.07361
  [dbg] mean SINR_dB outside: -14.5127
  [dbg] L_in=400.321  L_out=1.09599  L_uniform=536.275  L_min_j=[0]  L_spread=[0]
  Iter   2/100  loss=4056.8391  (1.8s)
  [dbg] mean SINR_dB inside : 4.22526
  [dbg] mean SINR_dB outside: -16.2811
  [dbg] L_in=407.571  L_out=1.18003  L_uniform=558.329  L_min_j=[0]  L_spread=[0]
  Iter   3/100  loss=4131.5405  (1.6s)
  [dbg] mean SINR_dB inside : 4.54243
  [dbg] mean SINR_dB outside: -15.2969
  [dbg] L_in=400.492  L_out=1.47401  L_uniform=559.788  L_min_j=[0]  L_spread=[0]
  Iter   4/100  loss=4060.8938  (1.6s)
  [dbg] mean SINR_dB inside : 4.65864
  [dbg] mean SINR_dB outside: -15.4577
  [dbg] L_in=396.294  L_out=1.81307  L_uniform=557.061  L_min_j=[0]  L_spread=[0]
  Iter   5/100  loss=4018.6504  (1.6s)
  [dbg] mean SINR_dB inside : 4.88885
  [dbg] mean SINR_dB outside: -15.3708
  [dbg] L_in=387.951  L_out=2.14445  L_uniform=551.555  L_min_j=[0]  L_spread=[0]
  Iter   6/100  loss=3934.6621  (1.6s)
  [dbg] mean SINR_dB inside : 5.03066
  [dbg] mean SINR_dB outside: -15.1548
  [dbg] L_in=383.457  L_out=2.61712  L_uniform=549.412  L_min_j=[0]  L_spread=[0]
  Iter   7/100  loss=3889.5161  (1.4s)
  [dbg] mean SINR_dB inside : 5.07295
  [dbg] mean SINR_dB outside: -14.9126
  [dbg] L_in=380.455  L_out=3.15524  L_uniform=545.439  L_min_j=[0]  L_spread=[0]
  Iter   8/100  loss=3859.0918  (1.7s)
  [dbg] mean SINR_dB inside : 5.12226
  [dbg] mean SINR_dB outside: -14.3129
  [dbg] L_in=376.667  L_out=3.76715  L_uniform=540.246  L_min_j=[0]  L_spread=[0]
  Iter   9/100  loss=3820.6995  (1.6s)
  [dbg] mean SINR_dB inside : 5.24718
  [dbg] mean SINR_dB outside: -14.7325
  [dbg] L_in=370.447  L_out=4.50601  L_uniform=533.755  L_min_j=[0]  L_spread=[0]
  Iter  10/100  loss=3757.8423  (1.6s)
  [dbg] mean SINR_dB inside : 5.16663
  [dbg] mean SINR_dB outside: -14.7829
  [dbg] L_in=374.75  L_out=5.274  L_uniform=538.552  L_min_j=[0]  L_spread=[0]
  Iter  11/100  loss=3801.3577  (1.6s)
  [dbg] mean SINR_dB inside : 5.47831
  [dbg] mean SINR_dB outside: -13.9218
  [dbg] L_in=362.991  L_out=6.28574  L_uniform=529.806  L_min_j=[0]  L_spread=[0]
  Iter  12/100  loss=3682.8896  (1.6s)
  [dbg] mean SINR_dB inside : 5.6758
  [dbg] mean SINR_dB outside: -13.9197
  [dbg] L_in=348.005  L_out=6.91018  L_uniform=509.1  L_min_j=[0]  L_spread=[0]
  Iter  13/100  loss=3530.9561  (1.6s)
  [dbg] mean SINR_dB inside : 5.55893
  [dbg] mean SINR_dB outside: -13.7243
  [dbg] L_in=357.599  L_out=7.71743  L_uniform=522.823  L_min_j=[0]  L_spread=[0]
  Iter  14/100  loss=3628.2754  (2.0s)
  [dbg] mean SINR_dB inside : 5.6616
  [dbg] mean SINR_dB outside: -13.4308
  [dbg] L_in=353.905  L_out=8.70525  L_uniform=520.23  L_min_j=[0]  L_spread=[0]
  Iter  15/100  loss=3591.0706  (1.9s)
  [dbg] mean SINR_dB inside : 5.77805
  [dbg] mean SINR_dB outside: -13.3308
  [dbg] L_in=345.707  L_out=9.62254  L_uniform=509.279  L_min_j=[0]  L_spread=[0]
  Iter  16/100  loss=3507.9946  (1.6s)
  [dbg] mean SINR_dB inside : 6.08538
  [dbg] mean SINR_dB outside: -12.8602
  [dbg] L_in=334.253  L_out=10.5078  L_uniform=500.554  L_min_j=[0]  L_spread=[0]
  Iter  17/100  loss=3392.5818  (1.6s)
  [dbg] mean SINR_dB inside : 6.16183
  [dbg] mean SINR_dB outside: -12.6243
  [dbg] L_in=330.283  L_out=11.4037  L_uniform=496.073  L_min_j=[0]  L_spread=[0]
  Iter  18/100  loss=3352.4353  (1.7s)
  [dbg] mean SINR_dB inside : 6.22293
  [dbg] mean SINR_dB outside: -12.7396
  [dbg] L_in=324.003  L_out=12.0173  L_uniform=486.334  L_min_j=[0]  L_spread=[0]
  Iter  19/100  loss=3288.6641  (1.6s)
  [dbg] mean SINR_dB inside : 6.36736
  [dbg] mean SINR_dB outside: -12.4806
  [dbg] L_in=319.976  L_out=12.7272  L_uniform=484.837  L_min_j=[0]  L_spread=[0]
  Iter  20/100  loss=3248.2429  (1.6s)
  [dbg] mean SINR_dB inside : 6.46164
  [dbg] mean SINR_dB outside: -12.4115
  [dbg] L_in=311.148  L_out=13.4613  L_uniform=471.455  L_min_j=[0]  L_spread=[0]
  Iter  21/100  loss=3158.6226  (1.6s)
  [dbg] mean SINR_dB inside : 6.44762
  [dbg] mean SINR_dB outside: -12.1426
  [dbg] L_in=314.651  L_out=14.0951  L_uniform=477.82  L_min_j=[0]  L_spread=[0]
  Iter  22/100  loss=3194.2910  (1.6s)
  [dbg] mean SINR_dB inside : 6.65704
  [dbg] mean SINR_dB outside: -11.943
  [dbg] L_in=303.073  L_out=14.9675  L_uniform=464.068  L_min_j=[0]  L_spread=[0]
  Iter  23/100  loss=3077.1335  (1.6s)
  [dbg] mean SINR_dB inside : 6.60065
  [dbg] mean SINR_dB outside: -11.5747
  [dbg] L_in=309.622  L_out=15.3562  L_uniform=474.617  L_min_j=[0]  L_spread=[0]
  Iter  24/100  loss=3143.6858  (1.6s)
  [dbg] mean SINR_dB inside : 6.61745
  [dbg] mean SINR_dB outside: -11.2186
  [dbg] L_in=307.409  L_out=15.8624  L_uniform=470.969  L_min_j=[0]  L_spread=[0]
  Iter  25/100  loss=3121.1890  (1.6s)
  [dbg] mean SINR_dB inside : 6.85496
  [dbg] mean SINR_dB outside: -11.1067
  [dbg] L_in=297.576  L_out=16.5333  L_uniform=461.867  L_min_j=[0]  L_spread=[0]
  Iter  26/100  loss=3021.9514  (1.6s)
  [dbg] mean SINR_dB inside : 6.7924
  [dbg] mean SINR_dB outside: -11.1983
  [dbg] L_in=301.107  L_out=17.2364  L_uniform=466.131  L_min_j=[0]  L_spread=[0]
  Iter  27/100  loss=3057.6873  (1.6s)
  [dbg] mean SINR_dB inside : 6.66595
  [dbg] mean SINR_dB outside: -10.9734
  [dbg] L_in=306.654  L_out=17.4991  L_uniform=471.591  L_min_j=[0]  L_spread=[0]
  Iter  28/100  loss=3113.6946  (1.7s)
  [dbg] mean SINR_dB inside : 6.84871
  [dbg] mean SINR_dB outside: -10.874
  [dbg] L_in=296.758  L_out=18.0188  L_uniform=459.939  L_min_j=[0]  L_spread=[0]
  Iter  29/100  loss=3013.5693  (1.8s)
  [dbg] mean SINR_dB inside : 6.79227
  [dbg] mean SINR_dB outside: -10.5832
  [dbg] L_in=301.44  L_out=18.6873  L_uniform=466.783  L_min_j=[0]  L_spread=[0]
  Iter  30/100  loss=3061.0784  (2.0s)
  [dbg] mean SINR_dB inside : 6.93588
  [dbg] mean SINR_dB outside: -10.4975
  [dbg] L_in=293.325  L_out=19.0914  L_uniform=456.928  L_min_j=[0]  L_spread=[0]
  Iter  31/100  loss=2978.9385  (1.6s)
  [dbg] mean SINR_dB inside : 6.65698
  [dbg] mean SINR_dB outside: -10.2438
  [dbg] L_in=311.28  L_out=19.5818  L_uniform=480.452  L_min_j=[0]  L_spread=[0]
  Iter  32/100  loss=3160.8469  (1.6s)
  [dbg] mean SINR_dB inside : 6.84403
  [dbg] mean SINR_dB outside: -10.22
  [dbg] L_in=295.289  L_out=19.9425  L_uniform=456.792  L_min_j=[0]  L_spread=[0]
  Iter  33/100  loss=2998.5701  (1.6s)
  [dbg] mean SINR_dB inside : 6.97673
  [dbg] mean SINR_dB outside: -10.2369
  [dbg] L_in=292.169  L_out=20.3598  L_uniform=456.403  L_min_j=[0]  L_spread=[0]
  Iter  34/100  loss=2967.3335  (1.6s)
  [dbg] mean SINR_dB inside : 6.92155
  [dbg] mean SINR_dB outside: -10.0751
  [dbg] L_in=293.801  L_out=20.7519  L_uniform=457.222  L_min_j=[0]  L_spread=[0]
  Iter  35/100  loss=2983.7371  (1.6s)
  [dbg] mean SINR_dB inside : 7.05321
  [dbg] mean SINR_dB outside: -10.2623
  [dbg] L_in=288.225  L_out=21.0656  L_uniform=451.876  L_min_j=[0]  L_spread=[0]
  Iter  36/100  loss=2927.4392  (1.6s)
  [dbg] mean SINR_dB inside : 7.06284
  [dbg] mean SINR_dB outside: -10.1684
  [dbg] L_in=289.57  L_out=21.4295  L_uniform=454.973  L_min_j=[0]  L_spread=[0]
  Iter  37/100  loss=2941.1948  (1.6s)
  [dbg] mean SINR_dB inside : 7.1579
  [dbg] mean SINR_dB outside: -9.84118
  [dbg] L_in=284.218  L_out=21.8655  L_uniform=448.433  L_min_j=[0]  L_spread=[0]
  Iter  38/100  loss=2887.0208  (1.7s)
  [dbg] mean SINR_dB inside : 7.12544
  [dbg] mean SINR_dB outside: -9.39242
  [dbg] L_in=288.523  L_out=22.2253  L_uniform=455.623  L_min_j=[0]  L_spread=[0]
  Iter  39/100  loss=2930.7932  (1.6s)
  [dbg] mean SINR_dB inside : 7.08167
  [dbg] mean SINR_dB outside: -9.44588
  [dbg] L_in=291.066  L_out=22.7683  L_uniform=458.778  L_min_j=[0]  L_spread=[0]
  Iter  40/100  loss=2956.5361  (1.7s)
  [dbg] mean SINR_dB inside : 7.23039
  [dbg] mean SINR_dB outside: -9.33653
  [dbg] L_in=282.739  L_out=22.8336  L_uniform=448.615  L_min_j=[0]  L_spread=[0]
  Iter  41/100  loss=2872.2500  (1.6s)
  [dbg] mean SINR_dB inside : 7.2004
  [dbg] mean SINR_dB outside: -9.21341
  [dbg] L_in=285.712  L_out=23.3472  L_uniform=453.264  L_min_j=[0]  L_spread=[0]
  Iter  42/100  loss=2902.4502  (1.6s)
  [dbg] mean SINR_dB inside : 7.23778
  [dbg] mean SINR_dB outside: -9.06937
  [dbg] L_in=284.031  L_out=23.5246  L_uniform=451.527  L_min_j=[0]  L_spread=[0]
  Iter  43/100  loss=2885.4675  (1.6s)
  [dbg] mean SINR_dB inside : 7.39352
  [dbg] mean SINR_dB outside: -8.83166
  [dbg] L_in=274.239  L_out=23.7755  L_uniform=438.679  L_min_j=[0]  L_spread=[0]
  Iter  44/100  loss=2786.2566  (1.7s)
  [dbg] mean SINR_dB inside : 7.43421
  [dbg] mean SINR_dB outside: -9.08043
  [dbg] L_in=272.658  L_out=24.0904  L_uniform=437.303  L_min_j=[0]  L_spread=[0]
  Iter  45/100  loss=2770.3120  (1.7s)
  [dbg] mean SINR_dB inside : 7.36754
  [dbg] mean SINR_dB outside: -9.08557
  [dbg] L_in=276.21  L_out=24.3693  L_uniform=441.519  L_min_j=[0]  L_spread=[0]
  Iter  46/100  loss=2806.2498  (1.7s)
  [dbg] mean SINR_dB inside : 7.4946
  [dbg] mean SINR_dB outside: -8.57671
  [dbg] L_in=273.55  L_out=24.6363  L_uniform=441.685  L_min_j=[0]  L_spread=[0]
  Iter  47/100  loss=2779.6660  (1.6s)
  [dbg] mean SINR_dB inside : 7.40851
  [dbg] mean SINR_dB outside: -8.66471
  [dbg] L_in=276.517  L_out=24.9469  L_uniform=443.896  L_min_j=[0]  L_spread=[0]
  Iter  48/100  loss=2809.5608  (1.7s)
  [dbg] mean SINR_dB inside : 7.48112
  [dbg] mean SINR_dB outside: -8.86198
  [dbg] L_in=272.918  L_out=25.5389  L_uniform=439.845  L_min_j=[0]  L_spread=[0]
  Iter  49/100  loss=2773.1611  (1.6s)
  [dbg] mean SINR_dB inside : 7.52131
  [dbg] mean SINR_dB outside: -8.62982
  [dbg] L_in=273.249  L_out=25.6681  L_uniform=442.223  L_min_j=[0]  L_spread=[0]
  Iter  50/100  loss=2776.7073  (1.7s)
  [dbg] mean SINR_dB inside : 7.50964
  [dbg] mean SINR_dB outside: -8.73299
  [dbg] L_in=274.564  L_out=26.1017  L_uniform=444.366  L_min_j=[0]  L_spread=[0]
  Iter  51/100  loss=2790.0750  (1.6s)
  [dbg] mean SINR_dB inside : 7.63009
  [dbg] mean SINR_dB outside: -8.70526
  [dbg] L_in=269.887  L_out=26.3708  L_uniform=440.195  L_min_j=[0]  L_spread=[0]
  Iter  52/100  loss=2742.8865  (1.7s)
  [dbg] mean SINR_dB inside : 7.5986
  [dbg] mean SINR_dB outside: -8.57004
  [dbg] L_in=271.552  L_out=26.6293  L_uniform=442.155  L_min_j=[0]  L_spread=[0]
  Iter  53/100  loss=2759.7349  (1.7s)
  [dbg] mean SINR_dB inside : 7.68342
  [dbg] mean SINR_dB outside: -8.67583
  [dbg] L_in=269.558  L_out=26.8218  L_uniform=441.811  L_min_j=[0]  L_spread=[0]
  Iter  54/100  loss=2739.7617  (1.7s)
  [dbg] mean SINR_dB inside : 7.76828
  [dbg] mean SINR_dB outside: -8.68494
  [dbg] L_in=265.704  L_out=26.8772  L_uniform=437.716  L_min_j=[0]  L_spread=[0]
  Iter  55/100  loss=2700.8152  (1.7s)
  [dbg] mean SINR_dB inside : 7.64167
  [dbg] mean SINR_dB outside: -8.40496
  [dbg] L_in=271.125  L_out=27.0304  L_uniform=443.148  L_min_j=[0]  L_spread=[0]
  Iter  56/100  loss=2755.5632  (1.7s)
  [dbg] mean SINR_dB inside : 7.80681
  [dbg] mean SINR_dB outside: -8.62544
  [dbg] L_in=262.212  L_out=27.5048  L_uniform=432.351  L_min_j=[0]  L_spread=[0]
  Iter  57/100  loss=2665.3521  (1.7s)
  [dbg] mean SINR_dB inside : 7.72807
  [dbg] mean SINR_dB outside: -8.42819
  [dbg] L_in=268.962  L_out=27.8661  L_uniform=442.536  L_min_j=[0]  L_spread=[0]
  Iter  58/100  loss=2733.8730  (1.6s)
  [dbg] mean SINR_dB inside : 7.72545
  [dbg] mean SINR_dB outside: -8.28798
  [dbg] L_in=271.443  L_out=28.0664  L_uniform=447.39  L_min_j=[0]  L_spread=[0]
  Iter  59/100  loss=2759.1650  (1.6s)
  [dbg] mean SINR_dB inside : 7.89986
  [dbg] mean SINR_dB outside: -8.11659
  [dbg] L_in=259.234  L_out=28.547  L_uniform=430.337  L_min_j=[0]  L_spread=[0]
  Iter  60/100  loss=2635.3689  (1.7s)
  [dbg] mean SINR_dB inside : 7.87639
  [dbg] mean SINR_dB outside: -8.03626
  [dbg] L_in=262.499  L_out=28.355  L_uniform=435.904  L_min_j=[0]  L_spread=[0]
  Iter  61/100  loss=2668.5825  (1.4s)
  [dbg] mean SINR_dB inside : 8.01195
  [dbg] mean SINR_dB outside: -8.02829
  [dbg] L_in=255.067  L_out=28.8681  L_uniform=426.738  L_min_j=[0]  L_spread=[0]
  Iter  62/100  loss=2593.3474  (1.7s)
  [dbg] mean SINR_dB inside : 7.97668
  [dbg] mean SINR_dB outside: -8.07125
  [dbg] L_in=257.315  L_out=28.9249  L_uniform=429.753  L_min_j=[0]  L_spread=[0]
  Iter  63/100  loss=2616.1211  (1.7s)
  [dbg] mean SINR_dB inside : 7.96298
  [dbg] mean SINR_dB outside: -7.98553
  [dbg] L_in=258.113  L_out=29.0223  L_uniform=430.771  L_min_j=[0]  L_spread=[0]
  Iter  64/100  loss=2624.2063  (1.7s)
  [dbg] mean SINR_dB inside : 7.95711
  [dbg] mean SINR_dB outside: -7.95209
  [dbg] L_in=259.738  L_out=29.1846  L_uniform=433.769  L_min_j=[0]  L_spread=[0]
  Iter  65/100  loss=2640.7603  (1.6s)
  [dbg] mean SINR_dB inside : 8.19611
  [dbg] mean SINR_dB outside: -7.94568
  [dbg] L_in=246.747  L_out=29.6283  L_uniform=417.834  L_min_j=[0]  L_spread=[0]
  Iter  66/100  loss=2509.2517  (1.6s)
  [dbg] mean SINR_dB inside : 8.0403
  [dbg] mean SINR_dB outside: -7.74581
  [dbg] L_in=256.571  L_out=29.5316  L_uniform=430.944  L_min_j=[0]  L_spread=[0]
  Iter  67/100  loss=2608.8030  (1.7s)
  [dbg] mean SINR_dB inside : 8.15515
  [dbg] mean SINR_dB outside: -7.87285
  [dbg] L_in=247.682  L_out=29.8213  L_uniform=417.954  L_min_j=[0]  L_spread=[0]
  Iter  68/100  loss=2518.6187  (1.7s)
  [dbg] mean SINR_dB inside : 8.17776
  [dbg] mean SINR_dB outside: -7.66358
  [dbg] L_in=249.264  L_out=30.1545  L_uniform=422.061  L_min_j=[0]  L_spread=[0]
  Iter  69/100  loss=2534.8447  (1.4s)
  [dbg] mean SINR_dB inside : 7.97313
  [dbg] mean SINR_dB outside: -7.70972
  [dbg] L_in=259.017  L_out=30.2224  L_uniform=433.03  L_min_j=[0]  L_spread=[0]
  Iter  70/100  loss=2633.4702  (1.7s)
  [dbg] mean SINR_dB inside : 8.27797
  [dbg] mean SINR_dB outside: -7.7231
  [dbg] L_in=244.412  L_out=30.2453  L_uniform=416.556  L_min_j=[0]  L_spread=[0]
  Iter  71/100  loss=2485.7720  (1.7s)
  [dbg] mean SINR_dB inside : 8.08937
  [dbg] mean SINR_dB outside: -7.73953
  [dbg] L_in=252.139  L_out=30.4877  L_uniform=424.147  L_min_j=[0]  L_spread=[0]
  Iter  72/100  loss=2563.8027  (1.7s)
  [dbg] mean SINR_dB inside : 8.08626
  [dbg] mean SINR_dB outside: -7.67892
  [dbg] L_in=254.494  L_out=30.5124  L_uniform=428.705  L_min_j=[0]  L_spread=[0]
  Iter  73/100  loss=2587.8132  (1.7s)
  [dbg] mean SINR_dB inside : 8.18507
  [dbg] mean SINR_dB outside: -7.74251
  [dbg] L_in=249.631  L_out=30.5616  L_uniform=423.113  L_min_j=[0]  L_spread=[0]
  Iter  74/100  loss=2538.6221  (1.6s)
  [dbg] mean SINR_dB inside : 8.19778
  [dbg] mean SINR_dB outside: -7.66514
  [dbg] L_in=249.864  L_out=30.5132  L_uniform=424.153  L_min_j=[0]  L_spread=[0]
  Iter  75/100  loss=2541.0549  (1.6s)
  [dbg] mean SINR_dB inside : 8.20412
  [dbg] mean SINR_dB outside: -7.6935
  [dbg] L_in=250.524  L_out=30.7286  L_uniform=425.72  L_min_j=[0]  L_spread=[0]
  Iter  76/100  loss=2547.8135  (1.6s)
  [dbg] mean SINR_dB inside : 8.17418
  [dbg] mean SINR_dB outside: -7.68746
  [dbg] L_in=250.548  L_out=30.8904  L_uniform=424.51  L_min_j=[0]  L_spread=[0]
  Iter  77/100  loss=2547.9348  (1.4s)
  [dbg] mean SINR_dB inside : 8.32819
  [dbg] mean SINR_dB outside: -7.71575
  [dbg] L_in=241.892  L_out=30.7809  L_uniform=413.59  L_min_j=[0]  L_spread=[0]
  Iter  78/100  loss=2460.2803  (1.7s)
  [dbg] mean SINR_dB inside : 8.1303
  [dbg] mean SINR_dB outside: -7.51978
  [dbg] L_in=252.297  L_out=30.7417  L_uniform=426.177  L_min_j=[0]  L_spread=[0]
  Iter  79/100  loss=2565.5837  (1.4s)
  [dbg] mean SINR_dB inside : 8.2325
  [dbg] mean SINR_dB outside: -7.56889
  [dbg] L_in=247.88  L_out=31.1279  L_uniform=421.586  L_min_j=[0]  L_spread=[0]
  Iter  80/100  loss=2520.9597  (1.4s)
  [dbg] mean SINR_dB inside : 8.2976
  [dbg] mean SINR_dB outside: -7.53619
  [dbg] L_in=243.517  L_out=31.1301  L_uniform=415.578  L_min_j=[0]  L_spread=[0]
  Iter  81/100  loss=2476.7317  (1.7s)
  [dbg] mean SINR_dB inside : 8.2955
  [dbg] mean SINR_dB outside: -7.59874
  [dbg] L_in=245.546  L_out=30.9999  L_uniform=419.557  L_min_j=[0]  L_spread=[0]
  Iter  82/100  loss=2497.4172  (1.7s)
  [dbg] mean SINR_dB inside : 8.1878
  [dbg] mean SINR_dB outside: -7.53136
  [dbg] L_in=249.546  L_out=30.9392  L_uniform=423.062  L_min_j=[0]  L_spread=[0]
  Iter  83/100  loss=2537.7637  (1.6s)
  [dbg] mean SINR_dB inside : 8.29738
  [dbg] mean SINR_dB outside: -7.65992
  [dbg] L_in=243.474  L_out=31.022  L_uniform=415.499  L_min_j=[0]  L_spread=[0]
  Iter  84/100  loss=2476.2886  (1.6s)
  [dbg] mean SINR_dB inside : 8.14189
  [dbg] mean SINR_dB outside: -7.58589
  [dbg] L_in=253.514  L_out=30.9324  L_uniform=429.112  L_min_j=[0]  L_spread=[0]
  Iter  85/100  loss=2578.0503  (1.6s)
  [dbg] mean SINR_dB inside : 8.14499
  [dbg] mean SINR_dB outside: -7.57446
  [dbg] L_in=254.024  L_out=31.3315  L_uniform=430.24  L_min_j=[0]  L_spread=[0]
  Iter  86/100  loss=2583.2649  (1.6s)
  [dbg] mean SINR_dB inside : 8.10066
  [dbg] mean SINR_dB outside: -7.40423
  [dbg] L_in=255.582  L_out=31.3649  L_uniform=431.52  L_min_j=[0]  L_spread=[0]
  Iter  87/100  loss=2598.9709  (1.6s)
  [dbg] mean SINR_dB inside : 8.21237
  [dbg] mean SINR_dB outside: -7.35994[0m[31m2026-05-24 22:55:38 WARN  [HDRFilm] Monochrome mode enabled, setting film output pixel format to 'luminance' (was rgb).

  [dbg] L_in=248.808  L_out=31.2018  L_uniform=422.604  L_min_j=[0]  L_spread=[0]
  Iter  88/100  loss=2530.3359  (1.7s)
  [dbg] mean SINR_dB inside : 8.1608
  [dbg] mean SINR_dB outside: -7.48217
  [dbg] L_in=251.294  L_out=31.335  L_uniform=425.451  L_min_j=[0]  L_spread=[0]
  Iter  89/100  loss=2555.4836  (1.6s)
  [dbg] mean SINR_dB inside : 8.21906
  [dbg] mean SINR_dB outside: -7.38955
  [dbg] L_in=246.908  L_out=31.49  L_uniform=419.094  L_min_j=[0]  L_spread=[0]
  Iter  90/100  loss=2510.9941  (1.7s)
  [dbg] mean SINR_dB inside : 8.07479
  [dbg] mean SINR_dB outside: -7.42091
  [dbg] L_in=254.994  L_out=31.3033  L_uniform=429.248  L_min_j=[0]  L_spread=[0]
  Iter  91/100  loss=2592.8643  (1.7s)
  [dbg] mean SINR_dB inside : 8.22451
  [dbg] mean SINR_dB outside: -7.33039
  [dbg] L_in=246.476  L_out=31.4267  L_uniform=418.459  L_min_j=[0]  L_spread=[0]
  Iter  92/100  loss=2506.6030  (1.6s)
  [dbg] mean SINR_dB inside : 8.10184
  [dbg] mean SINR_dB outside: -7.39097
  [dbg] L_in=252.587  L_out=31.2299  L_uniform=425.58  L_min_j=[0]  L_spread=[0]
  Iter  93/100  loss=2568.4307  (1.6s)
  [dbg] mean SINR_dB inside : 8.28462
  [dbg] mean SINR_dB outside: -7.53344
  [dbg] L_in=242.916  L_out=31.2817  L_uniform=413.845  L_min_j=[0]  L_spread=[0]
  Iter  94/100  loss=2470.5461  (1.7s)
  [dbg] mean SINR_dB inside : 8.10249
  [dbg] mean SINR_dB outside: -7.34733
  [dbg] L_in=252.514  L_out=31.3411  L_uniform=425.469  L_min_j=[0]  L_spread=[0]
  Iter  95/100  loss=2567.6846  (1.4s)
  [dbg] mean SINR_dB inside : 8.30487
  [dbg] mean SINR_dB outside: -7.33045
  [dbg] L_in=246.351  L_out=31.3614  L_uniform=421.544  L_min_j=[0]  L_spread=[0]
  Iter  96/100  loss=2505.6672  (1.6s)
  [dbg] mean SINR_dB inside : 8.16962
  [dbg] mean SINR_dB outside: -7.27178
  [dbg] L_in=251.381  L_out=31.3743  L_uniform=426.003  L_min_j=[0]  L_spread=[0]
  Iter  97/100  loss=2556.4106  (1.6s)
  [dbg] mean SINR_dB inside : 8.07845
  [dbg] mean SINR_dB outside: -7.40924
  [dbg] L_in=254.823  L_out=31.6315  L_uniform=429.095  L_min_j=[0]  L_spread=[0]
  Iter  98/100  loss=2591.1416  (1.7s)
  [dbg] mean SINR_dB inside : 8.21145
  [dbg] mean SINR_dB outside: -7.33754
  [dbg] L_in=248.89  L_out=31.5357  L_uniform=422.741  L_min_j=[0]  L_spread=[0]
  Iter  99/100  loss=2531.1748  (1.6s)
  [dbg] mean SINR_dB inside : 8.18288
  [dbg] mean SINR_dB outside: -7.50723
  [dbg] L_in=249.217  L_out=31.4134  L_uniform=422.213  L_min_j=[0]  L_spread=[0]
  Iter 100/100  loss=2534.3901  (1.4s)

======================================================================
OPTIMIZATION COMPLETE  (177.4s)
  bs_0: Az=158.3°, El=-9.4°, pos=(422.5, -175.5)
  bs_1: Az=17.8°, El=-8.5°, pos=(-451.6, -105.1)
  bs_2: Az=269.1°, El=-6.6°, pos=(49.6, 508.6)
  bs_3: Az=53.7°, El=-8.1°, pos=(-158.7, -455.8)
======================================================================

  Warm-up: 177.4s total, 1.77s/iter
  Run 2: Joint optimization (100 iter, BS positions frozen)
-700.0

======================================================================
MULTI-TX SIR OPTIMIZATION  (4 transmitters)
======================================================================
Pre-created 2834 receivers (1000 inside + 1834 outside) across 4 base stations
Tx Position: [550.3499145507812, -238.58389282226562, 50.0]
look_at_position: [-2.3293987263526324e-15, -1.5754854456243946e-15, 1.5]
Tx Position: [220.45193481445312, -557.8604736328125, 50.0]
look_at_position: [-2.3293987263526324e-15, -1.5754854456243946e-15, 1.5]
Tx Position: [-238.58389282226562, -550.3499145507812, 50.0]
look_at_position: [-2.3293987263526324e-15, -1.5754854456243946e-15, 1.5]
Tx Position: [-557.8604736328125, -220.45193481445312, 50.0]
look_at_position: [-2.3293987263526324e-15, -1.5754854456243946e-15, 1.5]
Tx Position: [-550.3499145507812, 238.58389282226562, 50.0]
look_at_position: [-2.3293987263526324e-15, -1.5754854456243946e-15, 1.5]
Tx Position: [-220.45193481445312, 557.8604736328125, 50.0]
look_at_position: [-2.3293987263526324e-15, -1.5754854456243946e-15, 1.5]
Tx Position: [238.58389282226562, 550.3499145507812, 50.0]
look_at_position: [-2.3293987263526324e-15, -1.5754854456243946e-15, 1.5]
Tx Position: [557.8604736328125, 220.45193481445312, 50.0]
look_at_position: [-2.3293987263526324e-15, -1.5754854456243946e-15, 1.5]
  [dbg] mean SINR_dB inside : -3.04769
  [dbg] mean SINR_dB outside: -23.8843
  [dbg] L_in=747.818  L_out=-164.767  L_uniform=825.581  L_min_j=0.5  L_spread=[0]
  Iter   1/100  loss=4417.4321  (12.6s)
  [dbg] mean SINR_dB inside : -0.294362
  [dbg] mean SINR_dB outside: -18.4688
  [dbg] L_in=609.777  L_out=-123.146  L_uniform=718.394  L_min_j=0.475021  L_spread=[0]
  Iter   2/100  loss=3718.5918  (3.9s)
  [dbg] mean SINR_dB inside : 0.167575
  [dbg] mean SINR_dB outside: -18.3172
  [dbg] L_in=582.392  L_out=-122.727  L_uniform=690.476  L_min_j=0.452243  L_spread=[0]
  Iter   3/100  loss=3500.9214  (3.9s)
  [dbg] mean SINR_dB inside : 0.544983
  [dbg] mean SINR_dB outside: -17.9204
  [dbg] L_in=558.402  L_out=-120.405  L_uniform=664.115  L_min_j=0.430974  L_spread=[0]
  Iter   4/100  loss=3329.5789  (3.8s)
  [dbg] mean SINR_dB inside : 0.678579
  [dbg] mean SINR_dB outside: -17.9189
  [dbg] L_in=559.208  L_out=-120.55  L_uniform=673.313  L_min_j=0.411544  L_spread=[0]
  Iter   5/100  loss=3335.4993  (3.8s)
  [dbg] mean SINR_dB inside : 1.08159
  [dbg] mean SINR_dB outside: -18.1872
  [dbg] L_in=535.461  L_out=-122.793  L_uniform=648.482  L_min_j=0.394051  L_spread=[0]
  Iter   6/100  loss=3120.6064  (3.8s)
  [dbg] mean SINR_dB inside : 1.3331
  [dbg] mean SINR_dB outside: -18.622
  [dbg] L_in=523.399  L_out=-126.04  L_uniform=638.34  L_min_j=0.378271  L_spread=[0]
  Iter   7/100  loss=2990.6299  (3.8s)
  [dbg] mean SINR_dB inside : 1.49722
  [dbg] mean SINR_dB outside: -18.3041
  [dbg] L_in=519.373  L_out=-123.961  L_uniform=639.34  L_min_j=0.364309  L_spread=[0]
  Iter   8/100  loss=2979.3054  (3.8s)
  [dbg] mean SINR_dB inside : 1.67815
  [dbg] mean SINR_dB outside: -18.3141
  [dbg] L_in=511.538  L_out=-123.917  L_uniform=633.59  L_min_j=0.352496  L_spread=[0]
  Iter   9/100  loss=2916.5000  (3.8s)
  [dbg] mean SINR_dB inside : 1.97426
  [dbg] mean SINR_dB outside: -17.6916
  [dbg] L_in=496.086  L_out=-119.962  L_uniform=618.776  L_min_j=0.342417  L_spread=[0]
  Iter  10/100  loss=2830.9465  (3.8s)
  [dbg] mean SINR_dB inside : 2.14785
  [dbg] mean SINR_dB outside: -17.9788
  [dbg] L_in=488.476  L_out=-122.41  L_uniform=612.907  L_min_j=0.334246  L_spread=[0]
  Iter  11/100  loss=2744.9988  (3.8s)
  [dbg] mean SINR_dB inside : 2.22486
  [dbg] mean SINR_dB outside: -17.957
  [dbg] L_in=487.948  L_out=-122.673  L_uniform=615.976  L_min_j=0.327779  L_spread=[0]
  Iter  12/100  loss=2738.4451  (3.9s)
  [dbg] mean SINR_dB inside : 2.28054
  [dbg] mean SINR_dB outside: -17.7982
  [dbg] L_in=483.455  L_out=-121.9  L_uniform=609.97  L_min_j=0.322946  L_spread=[0]
  Iter  13/100  loss=2709.6387  (3.8s)
  [dbg] mean SINR_dB inside : 2.48211
  [dbg] mean SINR_dB outside: -17.9727
  [dbg] L_in=475.628  L_out=-123.419  L_uniform=605.045  L_min_j=0.319607  L_spread=[0]
  Iter  14/100  loss=2631.3376  (3.8s)
  [dbg] mean SINR_dB inside : 2.55275
  [dbg] mean SINR_dB outside: -18.1089
  [dbg] L_in=471.309  L_out=-124.579  L_uniform=600.145  L_min_j=0.317655  L_spread=[0]
  Iter  15/100  loss=2584.6985  (3.8s)
  [dbg] mean SINR_dB inside : 2.63097
  [dbg] mean SINR_dB outside: -18.6937
  [dbg] L_in=473.29  L_out=-128.844  L_uniform=608.233  L_min_j=0.316885  L_spread=[0]
  Iter  16/100  loss=2558.7041  (3.9s)
  [dbg] mean SINR_dB inside : 2.8311
  [dbg] mean SINR_dB outside: -18.6122
  [dbg] L_in=465.64  L_out=-128.36  L_uniform=603.443  L_min_j=0.317089  L_spread=[0]
  Iter  17/100  loss=2501.8589  (3.8s)
  [dbg] mean SINR_dB inside : 2.93169
  [dbg] mean SINR_dB outside: -18.8182
  [dbg] L_in=458.968  L_out=-129.848  L_uniform=595.352  L_min_j=0.318126  L_spread=[0]
  Iter  18/100  loss=2432.8037  (3.9s)
  [dbg] mean SINR_dB inside : 2.89171
  [dbg] mean SINR_dB outside: -19.1416
  [dbg] L_in=461.12  L_out=-132.166  L_uniform=597.567  L_min_j=0.319835  L_spread=[0]
  Iter  19/100  loss=2427.0637  (4.0s)
  [dbg] mean SINR_dB inside : 2.86023
  [dbg] mean SINR_dB outside: -19.0815
  [dbg] L_in=468.499  L_out=-131.849  L_uniform=610.68  L_min_j=0.322028  L_spread=[0]
  Iter  20/100  loss=2490.5703  (3.9s)
  [dbg] mean SINR_dB inside : 3.14936
  [dbg] mean SINR_dB outside: -19.1717
  [dbg] L_in=450.259  L_out=-132.571  L_uniform=589.232  L_min_j=0.324603  L_spread=[0]
  Iter  21/100  loss=2335.2834  (3.9s)
  [dbg] mean SINR_dB inside : 3.09284
  [dbg] mean SINR_dB outside: -18.9539
  [dbg] L_in=457.895  L_out=-131.133  L_uniform=601.577  L_min_j=0.327399  L_spread=[0]
  Iter  22/100  loss=2411.9880  (4.0s)
  [dbg] mean SINR_dB inside : 3.02209
  [dbg] mean SINR_dB outside: -18.9959
  [dbg] L_in=460.813  L_out=-131.494  L_uniform=603.738  L_min_j=0.330711  L_spread=[0]
  Iter  23/100  loss=2431.9397  (3.8s)
  [dbg] mean SINR_dB inside : 3.11903
  [dbg] mean SINR_dB outside: -18.8864
  [dbg] L_in=456.673  L_out=-130.757  L_uniform=600.487  L_min_j=0.334427  L_spread=[0]
  Iter  24/100  loss=2405.8672  (3.9s)
  [dbg] mean SINR_dB inside : 3.30028
  [dbg] mean SINR_dB outside: -19.0673
  [dbg] L_in=446.576  L_out=-132.054  L_uniform=589.644  L_min_j=0.338503  L_spread=[0]
  Iter  25/100  loss=2311.0293  (3.9s)
  [dbg] mean SINR_dB inside : 3.351
  [dbg] mean SINR_dB outside: -18.7548
  [dbg] L_in=445.489  L_out=-129.84  L_uniform=590.072  L_min_j=0.342928  L_spread=[0]
  Iter  26/100  loss=2324.5232  (3.9s)
  [dbg] mean SINR_dB inside : 3.52907
  [dbg] mean SINR_dB outside: -18.6306
  [dbg] L_in=436.826  L_out=-128.977  L_uniform=581.848  L_min_j=0.347538  L_spread=[0]
  Iter  27/100  loss=2263.0173  (3.9s)
  [dbg] mean SINR_dB inside : 3.58632
  [dbg] mean SINR_dB outside: -18.3959
  [dbg] L_in=436.354  L_out=-127.235  L_uniform=583.815  L_min_j=0.352418  L_spread=[0]
  Iter  28/100  loss=2276.8704  (3.9s)
  [dbg] mean SINR_dB inside : 3.6526
  [dbg] mean SINR_dB outside: -18.235
  [dbg] L_in=431.909  L_out=-126.051  L_uniform=578.29  L_min_j=0.357472  L_spread=[0]
  Iter  29/100  loss=2252.5857  (3.7s)
  [dbg] mean SINR_dB inside : 3.79612
  [dbg] mean SINR_dB outside: -18.2732
  [dbg] L_in=426.069  L_out=-126.181  L_uniform=573.868  L_min_j=0.362495  L_spread=[0]
  Iter  30/100  loss=2204.1309  (3.9s)
  [dbg] mean SINR_dB inside : 3.94136
  [dbg] mean SINR_dB outside: -18.2642
  [dbg] L_in=416.41  L_out=-126.058  L_uniform=561.855  L_min_j=0.367494  L_spread=[0]
  Iter  31/100  loss=2126.8845  (3.9s)
  [dbg] mean SINR_dB inside : 3.94587
  [dbg] mean SINR_dB outside: -18.0116
  [dbg] L_in=420.148  L_out=-124.169  L_uniform=569.554  L_min_j=0.372269  L_spread=[0]
  Iter  32/100  loss=2176.4465  (3.9s)
  [dbg] mean SINR_dB inside : 3.92808
  [dbg] mean SINR_dB outside: -18.1205
  [dbg] L_in=418.725  L_out=-124.864  L_uniform=565.818  L_min_j=0.377036  L_spread=[0]
  Iter  33/100  loss=2157.7356  (3.9s)
  [dbg] mean SINR_dB inside : 3.98066
  [dbg] mean SINR_dB outside: -17.9566
  [dbg] L_in=416.755  L_out=-123.615  L_uniform=564.512  L_min_j=0.381741  L_spread=[0]
  Iter  34/100  loss=2154.3413  (3.6s)
  [dbg] mean SINR_dB inside : 4.08267
  [dbg] mean SINR_dB outside: -17.8073
  [dbg] L_in=409.108  L_out=-122.509  L_uniform=554.313  L_min_j=0.386389  L_spread=[0]
  Iter  35/100  loss=2103.2041  (3.9s)
  [dbg] mean SINR_dB inside : 4.18197
  [dbg] mean SINR_dB outside: -17.862
  [dbg] L_in=403.748  L_out=-122.883  L_uniform=548.535  L_min_j=0.390886  L_spread=[0]
  Iter  36/100  loss=2056.0120  (3.9s)
  [dbg] mean SINR_dB inside : 4.35286
  [dbg] mean SINR_dB outside: -17.7349
  [dbg] L_in=395.258  L_out=-121.912  L_uniform=540.011  L_min_j=0.395092  L_spread=[0]
  Iter  37/100  loss=1996.9432  (3.9s)
  [dbg] mean SINR_dB inside : 4.19589
  [dbg] mean SINR_dB outside: -17.6709
  [dbg] L_in=403.568  L_out=-121.488  L_uniform=548.87  L_min_j=0.399429  L_spread=[0]
  Iter  38/100  loss=2068.5474  (3.9s)
  [dbg] mean SINR_dB inside : 4.26056
  [dbg] mean SINR_dB outside: -17.7213
  [dbg] L_in=403.913  L_out=-121.846  L_uniform=552.762  L_min_j=0.403803  L_spread=[0]
  Iter  39/100  loss=2068.1270  (3.8s)
  [dbg] mean SINR_dB inside : 4.22129
  [dbg] mean SINR_dB outside: -17.5937
  [dbg] L_in=406.185  L_out=-120.934  L_uniform=555.362  L_min_j=0.408298  L_spread=[0]
  Iter  40/100  loss=2095.6772  (3.7s)
  [dbg] mean SINR_dB inside : 4.30195
  [dbg] mean SINR_dB outside: -18.1217
  [dbg] L_in=404.479  L_out=-124.671  L_uniform=555.942  L_min_j=0.412902  L_spread=[0]
  Iter  41/100  loss=2044.7114  (3.7s)
  [dbg] mean SINR_dB inside : 4.41624
  [dbg] mean SINR_dB outside: -18.3601
  [dbg] L_in=395.463  L_out=-126.326  L_uniform=543.545  L_min_j=0.417544  L_spread=[0]
  Iter  42/100  loss=1954.7986  (3.9s)
  [dbg] mean SINR_dB inside : 4.41493
  [dbg] mean SINR_dB outside: -18.4135
  [dbg] L_in=398.559  L_out=-126.72  L_uniform=549.672  L_min_j=0.422196  L_spread=[0]
  Iter  43/100  loss=1976.2445  (3.8s)
  [dbg] mean SINR_dB inside : 4.39759
  [dbg] mean SINR_dB outside: -18.1355
  [dbg] L_in=400.486  L_out=-124.684  L_uniform=552.674  L_min_j=0.42674  L_spread=[0]
  Iter  44/100  loss=2012.3186  (3.8s)
  [dbg] mean SINR_dB inside : 4.46335
  [dbg] mean SINR_dB outside: -18.5481
  [dbg] L_in=395.813  L_out=-127.586  L_uniform=546.565  L_min_j=0.431245  L_spread=[0]
  Iter  45/100  loss=1945.3014  (3.9s)
  [dbg] mean SINR_dB inside : 4.55265
  [dbg] mean SINR_dB outside: -18.2259
  [dbg] L_in=388.313  L_out=-125.209  L_uniform=535.935  L_min_j=0.435708  L_spread=[0]
  Iter  46/100  loss=1908.0099  (3.6s)
  [dbg] mean SINR_dB inside : 4.49719
  [dbg] mean SINR_dB outside: -18.2639
  [dbg] L_in=392.479  L_out=-125.432  L_uniform=541.556  L_min_j=0.440143  L_spread=[0]
  Iter  47/100  loss=1939.6721  (3.8s)
  [dbg] mean SINR_dB inside : 4.44188
  [dbg] mean SINR_dB outside: -18.3147
  [dbg] L_in=397.559  L_out=-125.812  L_uniform=549.008  L_min_j=0.444517  L_spread=[0]
  Iter  48/100  loss=1977.2477  (3.9s)
  [dbg] mean SINR_dB inside : 4.6062
  [dbg] mean SINR_dB outside: -18.2527
  [dbg] L_in=388.312  L_out=-125.373  L_uniform=538.552  L_min_j=0.448789  L_spread=[0]
  Iter  49/100  loss=1906.6263  (3.8s)
  [dbg] mean SINR_dB inside : 4.57426
  [dbg] mean SINR_dB outside: -18.3621
  [dbg] L_in=391.228  L_out=-126.04  L_uniform=542.827  L_min_j=0.452938  L_spread=[0]
  Iter  50/100  loss=1923.7101  (3.8s)
  [dbg] mean SINR_dB inside : 4.64299
  [dbg] mean SINR_dB outside: -18.2188
  [dbg] L_in=386.535  L_out=-124.984  L_uniform=536.798  L_min_j=0.456993  L_spread=[0]
  Iter  51/100  loss=1896.1270  (3.9s)
  [dbg] mean SINR_dB inside : 4.74176
  [dbg] mean SINR_dB outside: -18.1424
  [dbg] L_in=380.879  L_out=-124.45  L_uniform=530.285  L_min_j=0.460974  L_spread=[0]
  Iter  52/100  loss=1855.5573  (3.7s)
  [dbg] mean SINR_dB inside : 4.66281
  [dbg] mean SINR_dB outside: -18.1468
  [dbg] L_in=386.873  L_out=-124.44  L_uniform=538.435  L_min_j=0.46482  L_spread=[0]
  Iter  53/100  loss=1904.4309  (3.6s)
  [dbg] mean SINR_dB inside : 4.78036
  [dbg] mean SINR_dB outside: -18.2725
  [dbg] L_in=382.095  L_out=-125.247  L_uniform=534.597  L_min_j=0.468514  L_spread=[0]
  Iter  54/100  loss=1857.7500  (3.8s)
  [dbg] mean SINR_dB inside : 4.89042
  [dbg] mean SINR_dB outside: -18.1295
  [dbg] L_in=375.334  L_out=-124.175  L_uniform=526.39  L_min_j=0.472045  L_spread=[0]
  Iter  55/100  loss=1813.5653  (3.8s)
  [dbg] mean SINR_dB inside : 4.76133
  [dbg] mean SINR_dB outside: -18.1326
  [dbg] L_in=383.335  L_out=-124.188  L_uniform=536.156  L_min_j=0.475464  L_spread=[0]
  Iter  56/100  loss=1878.4167  (3.9s)
  [dbg] mean SINR_dB inside : 4.9697
  [dbg] mean SINR_dB outside: -17.9702
  [dbg] L_in=370.239  L_out=-123.004  L_uniform=520.019  L_min_j=0.478745  L_spread=[0]
  Iter  57/100  loss=1783.8715  (3.8s)
  [dbg] mean SINR_dB inside : 4.87333
  [dbg] mean SINR_dB outside: -18.0654
  [dbg] L_in=379.193  L_out=-123.663  L_uniform=533.292  L_min_j=0.481923  L_spread=[0]
  Iter  58/100  loss=1850.2479  (3.8s)
  [dbg] mean SINR_dB inside : 5.0901
  [dbg] mean SINR_dB outside: -18.0224
  [dbg] L_in=366.044  L_out=-123.289  L_uniform=517.405  L_min_j=0.485004  L_spread=[0]
  Iter  59/100  loss=1747.2090  (3.8s)
  [dbg] mean SINR_dB inside : 5.12077
  [dbg] mean SINR_dB outside: -17.921
  [dbg] L_in=363.762  L_out=-122.51  L_uniform=514.316  L_min_j=0.487974  L_spread=[0]
  Iter  60/100  loss=1736.4269  (3.9s)
  [dbg] mean SINR_dB inside : 5.06354
  [dbg] mean SINR_dB outside: -17.811
  [dbg] L_in=365.562  L_out=-121.744  L_uniform=515.176  L_min_j=0.490834  L_spread=[0]
  Iter  61/100  loss=1758.5663  (3.8s)
  [dbg] mean SINR_dB inside : 5.00695
  [dbg] mean SINR_dB outside: -17.7288
  [dbg] L_in=371.147  L_out=-121.149  L_uniform=523.631  L_min_j=0.493557  L_spread=[0]
  Iter  62/100  loss=1810.0485  (3.6s)
  [dbg] mean SINR_dB inside : 5.05875
  [dbg] mean SINR_dB outside: -16.9803
  [dbg] L_in=368.874  L_out=-115.95  L_uniform=521.572  L_min_j=0.496147  L_spread=[0]
  Iter  63/100  loss=1843.6448  (3.6s)
  [dbg] mean SINR_dB inside : 5.20429
  [dbg] mean SINR_dB outside: -17.1386
  [dbg] L_in=360.303  L_out=-116.991  L_uniform=511.37  L_min_j=0.498628  L_spread=[0]
  Iter  64/100  loss=1763.6515  (3.8s)
  [dbg] mean SINR_dB inside : 5.10301
  [dbg] mean SINR_dB outside: -17.2647
  [dbg] L_in=367.178  L_out=-117.914  L_uniform=520.299  L_min_j=0.501005  L_spread=[0]
  Iter  65/100  loss=1810.3138  (3.6s)
  [dbg] mean SINR_dB inside : 5.13555
  [dbg] mean SINR_dB outside: -17.1674
  [dbg] L_in=366.49  L_out=-117.267  L_uniform=520.47  L_min_j=0.503264  L_spread=[0]
  Iter  66/100  loss=1811.2997  (3.8s)
  [dbg] mean SINR_dB inside : 5.23804
  [dbg] mean SINR_dB outside: -17.7049
  [dbg] L_in=360.582  L_out=-120.972  L_uniform=513.54  L_min_j=0.505377  L_spread=[0]
  Iter  67/100  loss=1726.2927  (3.8s)
  [dbg] mean SINR_dB inside : 5.08663
  [dbg] mean SINR_dB outside: -17.7203
  [dbg] L_in=368.914  L_out=-121.019  L_uniform=522.992  L_min_j=0.507394  L_spread=[0]
  Iter  68/100  loss=1793.4165  (3.8s)
  [dbg] mean SINR_dB inside : 5.18915
  [dbg] mean SINR_dB outside: -17.8815
  [dbg] L_in=365.456  L_out=-122.191  L_uniform=520.967  L_min_j=0.509298  L_spread=[0]
  Iter  69/100  loss=1753.8383  (3.9s)
  [dbg] mean SINR_dB inside : 5.19457
  [dbg] mean SINR_dB outside: -17.7352
  [dbg] L_in=365.614  L_out=-121.153  L_uniform=521.541  L_min_j=0.511093  L_spread=[0]
  Iter  70/100  loss=1765.5347  (3.6s)
  [dbg] mean SINR_dB inside : 5.2182
  [dbg] mean SINR_dB outside: -17.7871
  [dbg] L_in=365.17  L_out=-121.462  L_uniform=521.776  L_min_j=0.512794  L_spread=[0]
  Iter  71/100  loss=1758.9167  (3.6s)
  [dbg] mean SINR_dB inside : 5.27857
  [dbg] mean SINR_dB outside: -17.6458
  [dbg] L_in=357.613  L_out=-120.404  L_uniform=509.531  L_min_j=0.514397  L_spread=[0]
  Iter  72/100  loss=1707.8169  (3.8s)
  [dbg] mean SINR_dB inside : 5.20568
  [dbg] mean SINR_dB outside: -17.8083
  [dbg] L_in=363.933  L_out=-121.584  L_uniform=518.705  L_min_j=0.51592  L_spread=[0]
  Iter  73/100  loss=1747.4915  (3.8s)
  [dbg] mean SINR_dB inside : 5.35951
  [dbg] mean SINR_dB outside: -17.668
  [dbg] L_in=356.022  L_out=-120.581  L_uniform=510.182  L_min_j=0.517367  L_spread=[0]
  Iter  74/100  loss=1693.3817  (3.8s)
  [dbg] mean SINR_dB inside : 5.21888
  [dbg] mean SINR_dB outside: -17.8163
  [dbg] L_in=367.33  L_out=-121.679  L_uniform=526.122  L_min_j=0.51871  L_spread=[0]
  Iter  75/100  loss=1774.4618  (3.6s)
  [dbg] mean SINR_dB inside : 5.20761
  [dbg] mean SINR_dB outside: -17.7278
  [dbg] L_in=365.301  L_out=-121.028  L_uniform=521.538  L_min_j=0.519966  L_spread=[0]
  Iter  76/100  loss=1764.2815  (3.6s)
  [dbg] mean SINR_dB inside : 5.33173
  [dbg] mean SINR_dB outside: -17.7896
  [dbg] L_in=354.725  L_out=-121.511  L_uniform=506.278  L_min_j=0.521125  L_spread=[0]
  Iter  77/100  loss=1673.3142  (3.6s)
  [dbg] mean SINR_dB inside : 5.3843
  [dbg] mean SINR_dB outside: -17.6625
  [dbg] L_in=354.587  L_out=-120.611  L_uniform=508.489  L_min_j=0.522192  L_spread=[0]
  Iter  78/100  loss=1681.4385  (3.8s)
  [dbg] mean SINR_dB inside : 5.37142
  [dbg] mean SINR_dB outside: -17.7495
  [dbg] L_in=353.327  L_out=-121.151  L_uniform=505.358  L_min_j=0.523176  L_spread=[0]
  Iter  79/100  loss=1665.6455  (3.8s)
  [dbg] mean SINR_dB inside : 5.34843
  [dbg] mean SINR_dB outside: -17.8299
  [dbg] L_in=356.397  L_out=-121.782  L_uniform=510.403  L_min_j=0.524077  L_spread=[0]
  Iter  80/100  loss=1684.3960  (3.8s)
  [dbg] mean SINR_dB inside : 5.33408
  [dbg] mean SINR_dB outside: -17.8919
  [dbg] L_in=355.555  L_out=-122.248  L_uniform=508.049  L_min_j=0.524909  L_spread=[0]
  Iter  81/100  loss=1672.7590  (3.5s)
  [dbg] mean SINR_dB inside : 5.45953
  [dbg] mean SINR_dB outside: -17.9241
  [dbg] L_in=348.913  L_out=-122.496  L_uniform=500.691  L_min_j=0.525668  L_spread=[0]
  Iter  82/100  loss=1616.4156  (3.8s)
  [dbg] mean SINR_dB inside : 5.35876
  [dbg] mean SINR_dB outside: -17.802
  [dbg] L_in=355.977  L_out=-121.667  L_uniform=510.055  L_min_j=0.526357  L_spread=[0]
  Iter  83/100  loss=1682.1500  (3.8s)
  [dbg] mean SINR_dB inside : 5.32516
  [dbg] mean SINR_dB outside: -17.8338
  [dbg] L_in=358.019  L_out=-121.839  L_uniform=512.548  L_min_j=0.526985  L_spread=[0]
  Iter  84/100  loss=1697.0209  (3.6s)
  [dbg] mean SINR_dB inside : 5.36464
  [dbg] mean SINR_dB outside: -17.7357
  [dbg] L_in=356.478  L_out=-121.159  L_uniform=511.345  L_min_j=0.527553  L_spread=[0]
  Iter  85/100  loss=1691.3691  (3.6s)
  [dbg] mean SINR_dB inside : 5.27802
  [dbg] mean SINR_dB outside: -17.8828
  [dbg] L_in=361.539  L_out=-122.152  L_uniform=517.355  L_min_j=0.528057  L_spread=[0]
  Iter  86/100  loss=1722.5215  (3.8s)
  [dbg] mean SINR_dB inside : 5.32802
  [dbg] mean SINR_dB outside: -17.7716
  [dbg] L_in=360.072  L_out=-121.465  L_uniform=516.799  L_min_j=0.528503  L_spread=[0]
  Iter  87/100  loss=1717.6063  (3.7s)
  [dbg] mean SINR_dB inside : 5.2617
  [dbg] mean SINR_dB outside: -17.6372
  [dbg] L_in=364.501  L_out=-120.463  L_uniform=522.509  L_min_j=0.528885  L_spread=[0]
  Iter  88/100  loss=1763.6273  (3.6s)
  [dbg] mean SINR_dB inside : 5.3903
  [dbg] mean SINR_dB outside: -17.7501
  [dbg] L_in=355.307  L_out=-121.218  L_uniform=510.212  L_min_j=0.529218  L_spread=[0]
  Iter  89/100  loss=1681.2952  (3.6s)
  [dbg] mean SINR_dB inside : 5.24767
  [dbg] mean SINR_dB outside: -17.6538
  [dbg] L_in=361.648  L_out=-120.612  L_uniform=516.136  L_min_j=0.529505  L_spread=[0]
  Iter  90/100  loss=1738.6848  (3.6s)
  [dbg] mean SINR_dB inside : 5.32979
  [dbg] mean SINR_dB outside: -17.8929
  [dbg] L_in=358.131  L_out=-122.304  L_uniform=512.99  L_min_j=0.529747  L_spread=[0]
  Iter  91/100  loss=1693.3088  (3.8s)
  [dbg] mean SINR_dB inside : 5.24385
  [dbg] mean SINR_dB outside: -17.7996
  [dbg] L_in=363.783  L_out=-121.648  L_uniform=520.224  L_min_j=0.529947  L_spread=[0]
  Iter  92/100  loss=1745.7986  (3.8s)
  [dbg] mean SINR_dB inside : 5.50439
  [dbg] mean SINR_dB outside: -17.8087
  [dbg] L_in=347.281  L_out=-121.73  L_uniform=499.524  L_min_j=0.530111  L_spread=[0]
  Iter  93/100  loss=1610.9026  (3.8s)
  [dbg] mean SINR_dB inside : 5.44117
  [dbg] mean SINR_dB outside: -17.8712
  [dbg] L_in=352.117  L_out=-122.121  L_uniform=506.236  L_min_j=0.530241  L_spread=[0]
  Iter  94/100  loss=1646.3517  (3.6s)
  [dbg] mean SINR_dB inside : 5.33557
  [dbg] mean SINR_dB outside: -17.7344
  [dbg] L_in=359.792  L_out=-121.166  L_uniform=516.592  L_min_j=0.530341  L_spread=[0]
  Iter  95/100  loss=1718.3279  (3.6s)
  [dbg] mean SINR_dB inside : 5.35803
  [dbg] mean SINR_dB outside: -17.6757
  [dbg] L_in=357.353  L_out=-120.768  L_uniform=512.773  L_min_j=0.530414  L_spread=[0]
  Iter  96/100  loss=1702.4280  (3.6s)
  [dbg] mean SINR_dB inside : 5.47473
  [dbg] mean SINR_dB outside: -17.9235
  [dbg] L_in=349.323  L_out=-122.483  L_uniform=502.227  L_min_j=0.530465  L_spread=[0]
  Iter  97/100  loss=1619.9750  (3.8s)
  [dbg] mean SINR_dB inside : 5.39983
  [dbg] mean SINR_dB outside: -17.8603
  [dbg] L_in=355.059  L_out=-122.02  L_uniform=510.156  L_min_j=0.530497  L_spread=[0]
  Iter  98/100  loss=1671.2825  (3.6s)
  [dbg] mean SINR_dB inside : 5.24122
  [dbg] mean SINR_dB outside: -17.7852
  [dbg] L_in=361.316  L_out=-121.466  L_uniform=515.168  L_min_j=0.530516  L_spread=[0]
  Iter  99/100  loss=1727.3792  (3.7s)
  [dbg] mean SINR_dB inside : 5.36466
  [dbg] mean SINR_dB outside: -17.7955
  [dbg] L_in=354.981  L_out=-121.527  L_uniform=508.354  L_min_j=0.530524  L_spread=[0]
  Iter 100/100  loss=1675.4196  (3.8s)

======================================================================
OPTIMIZATION COMPLETE  (387.3s)
  bs_0: Az=160.0°, El=-12.0°, pos=(387.4, -174.2)
  bs_1: Az=22.0°, El=-11.2°, pos=(-399.3, -117.8)
  bs_2: Az=270.0°, El=-8.3°, pos=(0.8, 424.9)
  bs_3: Az=50.9°, El=-8.7°, pos=(-160.4, -388.7)
  jam_1 [OFF gate=0.222]: Az=157.1°, El=-90.0°, pos=(603.1, -251.5, 12.3), pwr=18.8 dBm
  jam_2 [ON  gate=0.774]: Az=108.5°, El=-90.0°, pos=(243.3, -570.0, 28.0), pwr=21.5 dBm
  jam_3 [OFF gate=0.211]: Az=65.0°, El=-90.0°, pos=(-213.8, -587.7, 17.1), pwr=18.7 dBm
  jam_4 [OFF gate=0.318]: Az=22.7°, El=-90.0°, pos=(-600.8, -186.6, 20.9), pwr=19.1 dBm
  jam_5 [ON  gate=0.696]: Az=338.2°, El=-90.0°, pos=(-512.9, 361.6, 32.8), pwr=20.8 dBm
  jam_6 [OFF gate=0.419]: Az=290.2°, El=-90.0°, pos=(-273.0, 559.7, 22.6), pwr=19.5 dBm
  jam_7 [ON  gate=0.885]: Az=249.6°, El=-90.0°, pos=(297.1, 492.8, 33.1), pwr=22.9 dBm
  jam_8 [ON  gate=0.718]: Az=199.9°, El=-90.0°, pos=(561.5, 280.1, 22.9), pwr=21.0 dBm
======================================================================

  Joint:   387.3s total, 3.87s/iter
  Evaluating...

======================================================================
BS PARAMETERS  —  BEFORE / AFTER
======================================================================
  Name           Param         Initial   Optimised       Delta
  ----------------------------------------------------------------
  bs_0           Azimuth      +158.31°    +160.00°      +1.69°
                 Elevation      -9.35°     -12.01°      -2.66°
                 X (m)          +422.5      +387.4       -35.1
                 Y (m)          -175.5      -174.2        +1.4
                 Power dBm      +35.00      +40.00       +5.00
  ----------------------------------------------------------------
  bs_1           Azimuth       +17.82°     +22.04°      +4.21°
                 Elevation      -8.55°     -11.22°      -2.67°
                 X (m)          -451.6      -399.3       +52.4
                 Y (m)          -105.1      -117.8       -12.7
                 Power dBm      +35.00      +40.00       +5.00
  ----------------------------------------------------------------
  bs_2           Azimuth      +269.15°    +269.99°      +0.84°
                 Elevation      -6.59°      -8.28°      -1.68°
                 X (m)           +49.6        +0.8       -48.8
                 Y (m)          +508.6      +424.9       -83.7
                 Power dBm      +35.00      +40.00       +5.00
  ----------------------------------------------------------------
  bs_3           Azimuth       +53.68°     +50.94°      -2.74°
                 Elevation      -8.09°      -8.67°      -0.58°
                 X (m)          -158.7      -160.4        -1.6
                 Y (m)          -455.8      -388.7       +67.1
                 Power dBm      +35.00      +40.00       +5.00
  ----------------------------------------------------------------
======================================================================

Computing RadioMap for optimized BS configuration...
Computing RadioMap for 4/8 active jammers...
[verify] jam_interference_map: mean=5.964e-11 W  | mean SINR shift (BS-only − BS+Jam) = +0.909 dB

======================================================================
BS-ONLY SINR CONTAINMENT  (gamma = +0.0 dB)
======================================================================
  bs_0:
    rho_leak  (outside >= gamma):  29.9%
    rho_hole  (inside  <  gamma):  13.7%
    SINR inside  mean / p10: +10.0 / -2.4 dB
    SINR outside mean / p10: -18.0 / -39.6 dB

  bs_1:
    rho_leak  (outside >= gamma):  29.9%
    rho_hole  (inside  <  gamma):  13.7%
    SINR inside  mean / p10: +10.0 / -2.4 dB
    SINR outside mean / p10: -18.0 / -39.6 dB

  bs_2:
    rho_leak  (outside >= gamma):  29.9%
    rho_hole  (inside  <  gamma):  13.7%
    SINR inside  mean / p10: +10.0 / -2.4 dB
    SINR outside mean / p10: -18.0 / -39.6 dB

  bs_3:
    rho_leak  (outside >= gamma):  29.9%
    rho_hole  (inside  <  gamma):  13.7%
    SINR inside  mean / p10: +10.0 / -2.4 dB
    SINR outside mean / p10: -18.0 / -39.6 dB

======================================================================
BS+JAMMER SINR CONTAINMENT  (gamma = +0.0 dB)
======================================================================
  bs_0:
    rho_leak  (outside >= gamma):  25.0%
    rho_hole  (inside  <  gamma):  13.8%
    SINR inside  mean / p10: +9.9 / -2.4 dB
    SINR outside mean / p10: -19.7 / -43.0 dB

  bs_1:
    rho_leak  (outside >= gamma):  25.0%
    rho_hole  (inside  <  gamma):  13.8%
    SINR inside  mean / p10: +9.9 / -2.4 dB
    SINR outside mean / p10: -19.7 / -43.0 dB

  bs_2:
    rho_leak  (outside >= gamma):  25.0%
    rho_hole  (inside  <  gamma):  13.8%
    SINR inside  mean / p10: +9.9 / -2.4 dB
    SINR outside mean / p10: -19.7 / -43.0 dB

  bs_3:
    rho_leak  (outside >= gamma):  25.0%
    rho_hole  (inside  <  gamma):  13.8%
    SINR inside  mean / p10: +9.9 / -2.4 dB
    SINR outside mean / p10: -19.7 / -43.0 dB

======================================================================

  Saved → ../results/duke/circle_large_n1000

[  9/16] START splat_large_n300
Creating polygon
  Zone cells: 1648595
  bs_0: (31.2, 509.1, 50.0)
  bs_1: (233.3, -194.9, 50.0)
  bs_2: (-417.8, 110.6, 50.0)
  bs_3: (117.9, -646.1, 50.0)
  Jammers: 8 evenly placed at 200 m standoff
  Run 1: BS warm-up (100 iter, inside coverage only)
-700.0

======================================================================
MULTI-TX SIR OPTIMIZATION  (4 transmitters)
======================================================================
Tx Position: [31.197982788085938, 509.07958984375, 50.0]
look_at_position: [-50.27000000000001, -69.60000000000002, 1.5]
Tx Position: [233.28465270996094, -194.85752868652344, 50.0]
look_at_position: [-50.27000000000001, -69.60000000000002, 1.5]
Tx Position: [-417.7782287597656, 110.62852478027344, 50.0]
look_at_position: [-50.27000000000001, -69.60000000000002, 1.5]
Tx Position: [117.9024429321289, -646.106201171875, 50.0]
look_at_position: [-50.27000000000001, -69.60000000000002, 1.5]
  [dbg] mean SINR_dB inside : 3.36565
  [dbg] mean SINR_dB outside: -7.49662
  [dbg] L_in=422.403  L_out=2.86854  L_uniform=544.623  L_min_j=[0]  L_spread=[0]
  Iter   1/100  loss=4278.4888  (9.6s)
  [dbg] mean SINR_dB inside : 3.54065
  [dbg] mean SINR_dB outside: -8.24927
  [dbg] L_in=422.584  L_out=2.90016  L_uniform=553.93  L_min_j=[0]  L_spread=[0]
  Iter   2/100  loss=4281.2305  (1.1s)
  [dbg] mean SINR_dB inside : 3.71317
  [dbg] mean SINR_dB outside: -8.82133
  [dbg] L_in=426.295  L_out=3.47687  L_uniform=570.148  L_min_j=[0]  L_spread=[0]
  Iter   3/100  loss=4319.9604  (1.1s)
  [dbg] mean SINR_dB inside : 3.4137
  [dbg] mean SINR_dB outside: -9.06895
  [dbg] L_in=446.219  L_out=3.78779  L_uniform=594.794  L_min_j=[0]  L_spread=[0]
  Iter   4/100  loss=4521.6646  (1.1s)
  [dbg] mean SINR_dB inside : 3.65008
  [dbg] mean SINR_dB outside: -8.99295
  [dbg] L_in=435.379  L_out=4.27066  L_uniform=585.164  L_min_j=[0]  L_spread=[0]
  Iter   5/100  loss=4412.3062  (1.1s)
  [dbg] mean SINR_dB inside : 3.74054
  [dbg] mean SINR_dB outside: -8.82744
  [dbg] L_in=435.028  L_out=4.58691  L_uniform=589.016  L_min_j=[0]  L_spread=[0]
  Iter   6/100  loss=4409.1782  (1.1s)
  [dbg] mean SINR_dB inside : 3.6302
  [dbg] mean SINR_dB outside: -8.74701
  [dbg] L_in=441.08  L_out=4.78202  L_uniform=595.551  L_min_j=[0]  L_spread=[0]
  Iter   7/100  loss=4470.3579  (1.1s)
  [dbg] mean SINR_dB inside : 3.74718
  [dbg] mean SINR_dB outside: -8.40491
  [dbg] L_in=436.408  L_out=5.16372  L_uniform=592.137  L_min_j=[0]  L_spread=[0]
  Iter   8/100  loss=4423.2905  (1.1s)
  [dbg] mean SINR_dB inside : 3.82568
  [dbg] mean SINR_dB outside: -8.40896
  [dbg] L_in=432.848  L_out=5.63553  L_uniform=588.989  L_min_j=[0]  L_spread=[0]
  Iter   9/100  loss=4387.3760  (1.1s)
  [dbg] mean SINR_dB inside : 4.00729
  [dbg] mean SINR_dB outside: -8.2405
  [dbg] L_in=418.396  L_out=6.07318  L_uniform=569.183  L_min_j=[0]  L_spread=[0]
  Iter  10/100  loss=4240.8813  (1.1s)
  [dbg] mean SINR_dB inside : 3.96457
  [dbg] mean SINR_dB outside: -7.98805
  [dbg] L_in=425.594  L_out=6.49548  L_uniform=581.437  L_min_j=[0]  L_spread=[0]
  Iter  11/100  loss=4314.0811  (1.1s)
  [dbg] mean SINR_dB inside : 4.12645
  [dbg] mean SINR_dB outside: -7.94128
  [dbg] L_in=413.083  L_out=6.88932  L_uniform=564.476  L_min_j=[0]  L_spread=[0]
  Iter  12/100  loss=4187.2764  (1.1s)
  [dbg] mean SINR_dB inside : 4.42819
  [dbg] mean SINR_dB outside: -7.78653
  [dbg] L_in=401.057  L_out=7.35234  L_uniform=555.368  L_min_j=[0]  L_spread=[0]
  Iter  13/100  loss=4066.1047  (1.1s)
  [dbg] mean SINR_dB inside : 4.24574
  [dbg] mean SINR_dB outside: -7.4977
  [dbg] L_in=412.14  L_out=7.55253  L_uniform=568.53  L_min_j=[0]  L_spread=[0]
  Iter  14/100  loss=4178.2500  (1.1s)
  [dbg] mean SINR_dB inside : 4.78294
  [dbg] mean SINR_dB outside: -7.40097
  [dbg] L_in=383.241  L_out=8.03291  L_uniform=537.025  L_min_j=[0]  L_spread=[0]
  Iter  15/100  loss=3886.1150  (1.1s)
  [dbg] mean SINR_dB inside : 4.64019
  [dbg] mean SINR_dB outside: -7.25769
  [dbg] L_in=392.278  L_out=8.31725  L_uniform=548.226  L_min_j=[0]  L_spread=[0]
  Iter  16/100  loss=3977.6045  (1.1s)
  [dbg] mean SINR_dB inside : 4.31908
  [dbg] mean SINR_dB outside: -7.23468
  [dbg] L_in=411.872  L_out=8.5422  L_uniform=571.65  L_min_j=[0]  L_spread=[0]
  Iter  17/100  loss=4175.8843  (1.1s)
  [dbg] mean SINR_dB inside : 4.64088
  [dbg] mean SINR_dB outside: -7.04929
  [dbg] L_in=394.012  L_out=8.87039  L_uniform=551.726  L_min_j=[0]  L_spread=[0]
  Iter  18/100  loss=3995.2891  (1.1s)
  [dbg] mean SINR_dB inside : 4.54046
  [dbg] mean SINR_dB outside: -6.98557
  [dbg] L_in=399.746  L_out=9.07716  L_uniform=558.3  L_min_j=[0]  L_spread=[0]
  Iter  19/100  loss=4053.2893  (1.1s)
  [dbg] mean SINR_dB inside : 4.29491
  [dbg] mean SINR_dB outside: -6.9694
  [dbg] L_in=412.746  L_out=9.46351  L_uniform=572.225  L_min_j=[0]  L_spread=[0]
  Iter  20/100  loss=4184.6821  (1.1s)
  [dbg] mean SINR_dB inside : 4.6526
  [dbg] mean SINR_dB outside: -6.77724
  [dbg] L_in=395.258  L_out=9.76938  L_uniform=554.777  L_min_j=[0]  L_spread=[0]
  Iter  21/100  loss=4008.0608  (1.1s)
  [dbg] mean SINR_dB inside : 4.58267
  [dbg] mean SINR_dB outside: -6.68614
  [dbg] L_in=397.872  L_out=9.92943  L_uniform=556.611  L_min_j=[0]  L_spread=[0]
  Iter  22/100  loss=4034.3796  (1.1s)
  [dbg] mean SINR_dB inside : 4.95796
  [dbg] mean SINR_dB outside: -6.59283
  [dbg] L_in=383.071  L_out=10.2674  L_uniform=545.209  L_min_j=[0]  L_spread=[0]
  Iter  23/100  loss=3885.2268  (1.1s)
  [dbg] mean SINR_dB inside : 4.96441
  [dbg] mean SINR_dB outside: -6.52613
  [dbg] L_in=381.586  L_out=10.4263  L_uniform=542.545  L_min_j=[0]  L_spread=[0]
  Iter  24/100  loss=3870.1096  (1.1s)
  [dbg] mean SINR_dB inside : 4.92119
  [dbg] mean SINR_dB outside: -6.48263
  [dbg] L_in=387.83  L_out=10.5264  L_uniform=552.961  L_min_j=[0]  L_spread=[0]
  Iter  25/100  loss=3933.5950  (1.1s)
  [dbg] mean SINR_dB inside : 4.95391
  [dbg] mean SINR_dB outside: -6.2923
  [dbg] L_in=387.828  L_out=11.0303  L_uniform=554.579  L_min_j=[0]  L_spread=[0]
  Iter  26/100  loss=3933.7339  (0.9s)
  [dbg] mean SINR_dB inside : 5.0264
  [dbg] mean SINR_dB outside: -6.20127
  [dbg] L_in=380.593  L_out=11.0224  L_uniform=543.615  L_min_j=[0]  L_spread=[0]
  Iter  27/100  loss=3860.2883  (1.0s)
  [dbg] mean SINR_dB inside : 5.23543
  [dbg] mean SINR_dB outside: -6.13335
  [dbg] L_in=370.684  L_out=11.4701  L_uniform=533.761  L_min_j=[0]  L_spread=[0]
  Iter  28/100  loss=3760.2190  (1.1s)
  [dbg] mean SINR_dB inside : 5.12272
  [dbg] mean SINR_dB outside: -6.01755
  [dbg] L_in=381.52  L_out=11.8501  L_uniform=550.075  L_min_j=[0]  L_spread=[0]
  Iter  29/100  loss=3870.2102  (1.1s)
  [dbg] mean SINR_dB inside : 5.21303
  [dbg] mean SINR_dB outside: -6.0505
  [dbg] L_in=371.081  L_out=11.9021  L_uniform=533.516  L_min_j=[0]  L_spread=[0]
  Iter  30/100  loss=3764.1628  (1.1s)
  [dbg] mean SINR_dB inside : 5.00076
  [dbg] mean SINR_dB outside: -5.92446
  [dbg] L_in=383.945  L_out=12.1312  L_uniform=549.122  L_min_j=[0]  L_spread=[0]
  Iter  31/100  loss=3894.3657  (1.1s)
  [dbg] mean SINR_dB inside : 5.50521
  [dbg] mean SINR_dB outside: -5.93589
  [dbg] L_in=356.279  L_out=12.2581  L_uniform=517.78  L_min_j=[0]  L_spread=[0]
  Iter  32/100  loss=3614.5701  (0.9s)
  [dbg] mean SINR_dB inside : 5.22244
  [dbg] mean SINR_dB outside: -5.84731
  [dbg] L_in=372.052  L_out=12.7093  L_uniform=535.918  L_min_j=[0]  L_spread=[0]
  Iter  33/100  loss=3774.1113  (0.8s)
  [dbg] mean SINR_dB inside : 5.5173
  [dbg] mean SINR_dB outside: -5.84465
  [dbg] L_in=359.134  L_out=12.7952  L_uniform=524.037  L_min_j=[0]  L_spread=[0]
  Iter  34/100  loss=3643.7397  (0.9s)
  [dbg] mean SINR_dB inside : 5.52273
  [dbg] mean SINR_dB outside: -5.74133
  [dbg] L_in=357.055  L_out=13.0085  L_uniform=520.172  L_min_j=[0]  L_spread=[0]
  Iter  35/100  loss=3622.5664  (0.9s)
  [dbg] mean SINR_dB inside : 5.50251
  [dbg] mean SINR_dB outside: -5.59501
  [dbg] L_in=361.2  L_out=13.2779  L_uniform=527.549  L_min_j=[0]  L_spread=[0]
  Iter  36/100  loss=3664.7534  (1.1s)
  [dbg] mean SINR_dB inside : 5.78419
  [dbg] mean SINR_dB outside: -5.43294
  [dbg] L_in=346.084  L_out=13.5889  L_uniform=510.48  L_min_j=[0]  L_spread=[0]
  Iter  37/100  loss=3511.8894  (1.1s)
  [dbg] mean SINR_dB inside : 5.63252
  [dbg] mean SINR_dB outside: -5.57622
  [dbg] L_in=356.545  L_out=13.4725  L_uniform=524.359  L_min_j=[0]  L_spread=[0]
  Iter  38/100  loss=3617.8860  (1.1s)
  [dbg] mean SINR_dB inside : 5.63618
  [dbg] mean SINR_dB outside: -5.37155
  [dbg] L_in=357.279  L_out=13.8124  L_uniform=526.009  L_min_j=[0]  L_spread=[0]
  Iter  39/100  loss=3625.3948  (1.1s)
  [dbg] mean SINR_dB inside : 5.80581
  [dbg] mean SINR_dB outside: -5.35721
  [dbg] L_in=348.84  L_out=13.7803  L_uniform=517.011  L_min_j=[0]  L_spread=[0]
  Iter  40/100  loss=3540.1038  (1.1s)
  [dbg] mean SINR_dB inside : 5.9438
  [dbg] mean SINR_dB outside: -5.21284
  [dbg] L_in=340.98  L_out=14.2706  L_uniform=507.695  L_min_j=[0]  L_spread=[0]
  Iter  41/100  loss=3460.5654  (1.1s)
  [dbg] mean SINR_dB inside : 5.79718
  [dbg] mean SINR_dB outside: -5.13028
  [dbg] L_in=348.154  L_out=13.8932  L_uniform=515.304  L_min_j=[0]  L_spread=[0]
  Iter  42/100  loss=3533.0681  (0.9s)
  [dbg] mean SINR_dB inside : 6.0206
  [dbg] mean SINR_dB outside: -5.22736
  [dbg] L_in=336.043  L_out=13.9229  L_uniform=501.406  L_min_j=[0]  L_spread=[0]
  Iter  43/100  loss=3410.5698  (0.9s)
  [dbg] mean SINR_dB inside : 5.84896
  [dbg] mean SINR_dB outside: -5.23542
  [dbg] L_in=349.054  L_out=14.2566  L_uniform=519.543  L_min_j=[0]  L_spread=[0]
  Iter  44/100  loss=3542.4929  (0.9s)
  [dbg] mean SINR_dB inside : 5.80775
  [dbg] mean SINR_dB outside: -5.10599
  [dbg] L_in=349.578  L_out=14.2187  L_uniform=518.701  L_min_j=[0]  L_spread=[0]
  Iter  45/100  loss=3547.6526  (0.9s)
  [dbg] mean SINR_dB inside : 6.0513
  [dbg] mean SINR_dB outside: -5.05313
  [dbg] L_in=337.524  L_out=14.529  L_uniform=505.843  L_min_j=[0]  L_spread=[0]
  Iter  46/100  loss=3425.8210  (0.8s)
  [dbg] mean SINR_dB inside : 5.91653
  [dbg] mean SINR_dB outside: -5.00249
  [dbg] L_in=343.509  L_out=14.6396  L_uniform=511.63  L_min_j=[0]  L_spread=[0]
  Iter  47/100  loss=3486.2498  (1.1s)
  [dbg] mean SINR_dB inside : 5.8033
  [dbg] mean SINR_dB outside: -4.94915
  [dbg] L_in=346.364  L_out=14.6735  L_uniform=512.006  L_min_j=[0]  L_spread=[0]
  Iter  48/100  loss=3514.8372  (0.9s)
  [dbg] mean SINR_dB inside : 6.02634
  [dbg] mean SINR_dB outside: -4.90113
  [dbg] L_in=336.931  L_out=14.9882  L_uniform=503.455  L_min_j=[0]  L_spread=[0]
  Iter  49/100  loss=3419.6589  (0.9s)
  [dbg] mean SINR_dB inside : 6.25667
  [dbg] mean SINR_dB outside: -4.73583
  [dbg] L_in=327.632  L_out=15.0652  L_uniform=495.495  L_min_j=[0]  L_spread=[0]
  Iter  50/100  loss=3325.8645  (1.1s)
  [dbg] mean SINR_dB inside : 6.17286
  [dbg] mean SINR_dB outside: -4.82008
  [dbg] L_in=330.528  L_out=14.9461  L_uniform=497.459  L_min_j=[0]  L_spread=[0]
  Iter  51/100  loss=3355.0276  (0.9s)
  [dbg] mean SINR_dB inside : 6.23617
  [dbg] mean SINR_dB outside: -4.75814
  [dbg] L_in=329.589  L_out=15.3198  L_uniform=498.507  L_min_j=[0]  L_spread=[0]
  Iter  52/100  loss=3345.7424  (1.1s)
  [dbg] mean SINR_dB inside : 6.27707
  [dbg] mean SINR_dB outside: -4.79389
  [dbg] L_in=326.413  L_out=15.242  L_uniform=494.021  L_min_j=[0]  L_spread=[0]
  Iter  53/100  loss=3313.5366  (1.1s)
  [dbg] mean SINR_dB inside : 6.30296
  [dbg] mean SINR_dB outside: -4.75966
  [dbg] L_in=331.486  L_out=15.3348  L_uniform=505.377  L_min_j=[0]  L_spread=[0]
  Iter  54/100  loss=3365.4009  (0.9s)
  [dbg] mean SINR_dB inside : 6.44398
  [dbg] mean SINR_dB outside: -4.78044
  [dbg] L_in=323.082  L_out=15.4331  L_uniform=494.973  L_min_j=[0]  L_spread=[0]
  Iter  55/100  loss=3280.3223  (1.1s)
  [dbg] mean SINR_dB inside : 6.47056
  [dbg] mean SINR_dB outside: -4.76154
  [dbg] L_in=320.996  L_out=15.5807  L_uniform=492.008  L_min_j=[0]  L_spread=[0]
  Iter  56/100  loss=3259.1614  (0.9s)
  [dbg] mean SINR_dB inside : 6.15051
  [dbg] mean SINR_dB outside: -4.62256
  [dbg] L_in=335.446  L_out=15.8427  L_uniform=506.377  L_min_j=[0]  L_spread=[0]
  Iter  57/100  loss=3405.0969  (0.9s)
  [dbg] mean SINR_dB inside : 6.33697
  [dbg] mean SINR_dB outside: -4.64379
  [dbg] L_in=326.849  L_out=15.9349  L_uniform=497.64  L_min_j=[0]  L_spread=[0]
  Iter  58/100  loss=3318.2507  (0.9s)
  [dbg] mean SINR_dB inside : 6.46683
  [dbg] mean SINR_dB outside: -4.67202
  [dbg] L_in=322.143  L_out=15.8169  L_uniform=494.172  L_min_j=[0]  L_spread=[0]
  Iter  59/100  loss=3270.8521  (1.1s)
  [dbg] mean SINR_dB inside : 6.42703
  [dbg] mean SINR_dB outside: -4.60775
  [dbg] L_in=325  L_out=15.9403  L_uniform=498.105  L_min_j=[0]  L_spread=[0]
  Iter  60/100  loss=3299.8154  (0.9s)
  [dbg] mean SINR_dB inside : 6.56093
  [dbg] mean SINR_dB outside: -4.59879
  [dbg] L_in=318.969  L_out=16.1709  L_uniform=492.074  L_min_j=[0]  L_spread=[0]
  Iter  61/100  loss=3238.8926  (0.9s)
  [dbg] mean SINR_dB inside : 6.55474
  [dbg] mean SINR_dB outside: -4.43965
  [dbg] L_in=317.761  L_out=16.1018  L_uniform=489.349  L_min_j=[0]  L_spread=[0]
  Iter  62/100  loss=3226.5427  (1.0s)
  [dbg] mean SINR_dB inside : 6.51586
  [dbg] mean SINR_dB outside: -4.49932
  [dbg] L_in=318.251  L_out=16.1869  L_uniform=488.634  L_min_j=[0]  L_spread=[0]
  Iter  63/100  loss=3231.3711  (1.4s)
  [dbg] mean SINR_dB inside : 6.57907
  [dbg] mean SINR_dB outside: -4.46854
  [dbg] L_in=317.466  L_out=16.1029  L_uniform=489.857  L_min_j=[0]  L_spread=[0]
  Iter  64/100  loss=3223.6409  (1.0s)
  [dbg] mean SINR_dB inside : 6.54617
  [dbg] mean SINR_dB outside: -4.50066
  [dbg] L_in=319.215  L_out=16.1795  L_uniform=491.992  L_min_j=[0]  L_spread=[0]
  Iter  65/100  loss=3241.3445  (1.0s)
  [dbg] mean SINR_dB inside : 6.47147
  [dbg] mean SINR_dB outside: -4.37175
  [dbg] L_in=324.295  L_out=16.4561  L_uniform=498.774  L_min_j=[0]  L_spread=[0]
  Iter  66/100  loss=3292.8281  (0.9s)
  [dbg] mean SINR_dB inside : 6.53137
  [dbg] mean SINR_dB outside: -4.27317
  [dbg] L_in=319.406  L_out=16.5003  L_uniform=491.626  L_min_j=[0]  L_spread=[0]
  Iter  67/100  loss=3243.2239  (1.0s)
  [dbg] mean SINR_dB inside : 6.59999
  [dbg] mean SINR_dB outside: -4.43357
  [dbg] L_in=313.33  L_out=16.4367  L_uniform=482.676  L_min_j=[0]  L_spread=[0]
  Iter  68/100  loss=3181.5664  (1.4s)
  [dbg] mean SINR_dB inside : 6.50267
  [dbg] mean SINR_dB outside: -4.41416
  [dbg] L_in=317.358  L_out=16.3621  L_uniform=486.268  L_min_j=[0]  L_spread=[0]
  Iter  69/100  loss=3222.2095  (0.9s)
  [dbg] mean SINR_dB inside : 6.75019
  [dbg] mean SINR_dB outside: -4.39757
  [dbg] L_in=312.838  L_out=16.3812  L_uniform=488.391  L_min_j=[0]  L_spread=[0]
  Iter  70/100  loss=3177.2229  (1.0s)
  [dbg] mean SINR_dB inside : 6.86504
  [dbg] mean SINR_dB outside: -4.42569
  [dbg] L_in=303.777  L_out=16.4494  L_uniform=475.42  L_min_j=[0]  L_spread=[0]
  Iter  71/100  loss=3085.3130  (1.0s)
  [dbg] mean SINR_dB inside : 6.72493
  [dbg] mean SINR_dB outside: -4.38239
  [dbg] L_in=310.403  L_out=16.481  L_uniform=482.426  L_min_j=[0]  L_spread=[0]
  Iter  72/100  loss=3152.2725  (1.0s)
  [dbg] mean SINR_dB inside : 6.66356
  [dbg] mean SINR_dB outside: -4.35267
  [dbg] L_in=312.476  L_out=16.4859  L_uniform=483.817  L_min_j=[0]  L_spread=[0]
  Iter  73/100  loss=3173.1443  (0.9s)
  [dbg] mean SINR_dB inside : 6.64663
  [dbg] mean SINR_dB outside: -4.3827
  [dbg] L_in=314.593  L_out=16.392  L_uniform=487.28  L_min_j=[0]  L_spread=[0]
  Iter  74/100  loss=3194.6594  (1.4s)
  [dbg] mean SINR_dB inside : 7.08215
  [dbg] mean SINR_dB outside: -4.34691
  [dbg] L_in=291.893  L_out=16.5198  L_uniform=461.246  L_min_j=[0]  L_spread=[0]
  Iter  75/100  loss=2965.0557  (1.0s)
  [dbg] mean SINR_dB inside : 6.79956
  [dbg] mean SINR_dB outside: -4.3971
  [dbg] L_in=307.57  L_out=16.6563  L_uniform=480.03  L_min_j=[0]  L_spread=[0]
  Iter  76/100  loss=3123.7009  (1.0s)
  [dbg] mean SINR_dB inside : 6.75745
  [dbg] mean SINR_dB outside: -4.40569
  [dbg] L_in=309.477  L_out=16.8036  L_uniform=482.069  L_min_j=[0]  L_spread=[0]
  Iter  77/100  loss=3142.9783  (1.0s)
  [dbg] mean SINR_dB inside : 6.6861
  [dbg] mean SINR_dB outside: -4.29371
  [dbg] L_in=311.465  L_out=16.6555  L_uniform=482.837  L_min_j=[0]  L_spread=[0]
  Iter  78/100  loss=3162.9336  (1.0s)
  [dbg] mean SINR_dB inside : 6.90687
  [dbg] mean SINR_dB outside: -4.31931
  [dbg] L_in=302.378  L_out=16.6868  L_uniform=474.484  L_min_j=[0]  L_spread=[0]
  Iter  79/100  loss=3071.2297  (1.0s)
  [dbg] mean SINR_dB inside : 6.91052
  [dbg] mean SINR_dB outside: -4.28517
  [dbg] L_in=298.212  L_out=16.8874  L_uniform=466.3  L_min_j=[0]  L_spread=[0]
  Iter  80/100  loss=3028.7473  (1.0s)
  [dbg] mean SINR_dB inside : 6.4798
  [dbg] mean SINR_dB outside: -4.15698
  [dbg] L_in=325.131  L_out=16.7209  L_uniform=500.897  L_min_j=[0]  L_spread=[0]
  Iter  81/100  loss=3301.3977  (1.3s)
  [dbg] mean SINR_dB inside : 6.91197
  [dbg] mean SINR_dB outside: -4.38803
  [dbg] L_in=300.061  L_out=16.8821  L_uniform=470.097  L_min_j=[0]  L_spread=[0]
  Iter  82/100  loss=3047.6160  (0.9s)
  [dbg] mean SINR_dB inside : 6.54003
  [dbg] mean SINR_dB outside: -4.23829
  [dbg] L_in=318.304  L_out=16.6013  L_uniform=489.946  L_min_j=[0]  L_spread=[0]
  Iter  83/100  loss=3232.0371  (0.9s)
  [dbg] mean SINR_dB inside : 6.6858
  [dbg] mean SINR_dB outside: -4.32121
  [dbg] L_in=313.87  L_out=16.8455  L_uniform=487.608  L_min_j=[0]  L_spread=[0]
  Iter  84/100  loss=3187.4602  (0.9s)
  [dbg] mean SINR_dB inside : 6.64716
  [dbg] mean SINR_dB outside: -4.30074
  [dbg] L_in=312.519  L_out=16.5202  L_uniform=483.243  L_min_j=[0]  L_spread=[0]
  Iter  85/100  loss=3173.5171  (1.1s)
  [dbg] mean SINR_dB inside : 6.84029
  [dbg] mean SINR_dB outside: -4.23224
  [dbg] L_in=303.648  L_out=16.9584  L_uniform=474.121  L_min_j=[0]  L_spread=[0]
  Iter  86/100  loss=3083.8943  (1.1s)
  [dbg] mean SINR_dB inside : 6.8088
  [dbg] mean SINR_dB outside: -4.18475
  [dbg] L_in=306.041  L_out=16.8214  L_uniform=477.529  L_min_j=[0]  L_spread=[0]
  Iter  87/100  loss=3108.1611  (0.9s)
  [dbg] mean SINR_dB inside : 6.74544
  [dbg] mean SINR_dB outside: -4.31707
  [dbg] L_in=311.209  L_out=16.9483  L_uniform=485.095  L_min_j=[0]  L_spread=[0]
  Iter  88/100  loss=3160.6030  (1.1s)
  [dbg] mean SINR_dB inside : 6.76988
  [dbg] mean SINR_dB outside: -4.23932
  [dbg] L_in=306.095  L_out=16.8415  L_uniform=475.917  L_min_j=[0]  L_spread=[0]
  Iter  89/100  loss=3108.5371  (0.8s)
  [dbg] mean SINR_dB inside : 6.60867
  [dbg] mean SINR_dB outside: -4.28793
  [dbg] L_in=314.469  L_out=16.5344  L_uniform=485.353  L_min_j=[0]  L_spread=[0]
  Iter  90/100  loss=3193.2212  (1.1s)
  [dbg] mean SINR_dB inside : 6.75578
  [dbg] mean SINR_dB outside: -4.23585
  [dbg] L_in=308.609  L_out=16.7083  L_uniform=480.288  L_min_j=[0]  L_spread=[0]
  Iter  91/100  loss=3134.1162  (0.9s)
  [dbg] mean SINR_dB inside : 6.78141
  [dbg] mean SINR_dB outside: -4.23869
  [dbg] L_in=304.599  L_out=16.4978  L_uniform=473.404  L_min_j=[0]  L_spread=[0]
  Iter  92/100  loss=3093.3301  (0.8s)
  [dbg] mean SINR_dB inside : 6.78578
  [dbg] mean SINR_dB outside: -4.3328
  [dbg] L_in=306.951  L_out=16.6351  L_uniform=478.325  L_min_j=[0]  L_spread=[0]
  Iter  93/100  loss=3117.3464  (0.9s)
  [dbg] mean SINR_dB inside : 6.80356
  [dbg] mean SINR_dB outside: -4.17152
  [dbg] L_in=309.538  L_out=17.1259  L_uniform=484.258  L_min_j=[0]  L_spread=[0]
  Iter  94/100  loss=3143.8040  (1.0s)[0m[31m2026-05-24 23:04:41 WARN  [HDRFilm] Monochrome mode enabled, setting film output pixel format to 'luminance' (was rgb).

  [dbg] mean SINR_dB inside : 6.63531
  [dbg] mean SINR_dB outside: -4.21022
  [dbg] L_in=315.024  L_out=16.7659  L_uniform=487.761  L_min_j=[0]  L_spread=[0]
  Iter  95/100  loss=3199.0115  (1.1s)
  [dbg] mean SINR_dB inside : 6.66741
  [dbg] mean SINR_dB outside: -4.23862
  [dbg] L_in=310.672  L_out=16.5605  L_uniform=480.523  L_min_j=[0]  L_spread=[0]
  Iter  96/100  loss=3154.7683  (0.9s)
  [dbg] mean SINR_dB inside : 6.70444
  [dbg] mean SINR_dB outside: -4.23621
  [dbg] L_in=310.519  L_out=16.5286  L_uniform=481.831  L_min_j=[0]  L_spread=[0]
  Iter  97/100  loss=3153.3760  (0.9s)
  [dbg] mean SINR_dB inside : 6.80563
  [dbg] mean SINR_dB outside: -4.24038
  [dbg] L_in=304.614  L_out=16.6639  L_uniform=474.495  L_min_j=[0]  L_spread=[0]
  Iter  98/100  loss=3093.5876  (0.9s)
  [dbg] mean SINR_dB inside : 6.79523
  [dbg] mean SINR_dB outside: -4.34851
  [dbg] L_in=305.769  L_out=16.7762  L_uniform=476.398  L_min_j=[0]  L_spread=[0]
  Iter  99/100  loss=3105.3279  (0.9s)
  [dbg] mean SINR_dB inside : 6.6206
  [dbg] mean SINR_dB outside: -4.13701
  [dbg] L_in=314.093  L_out=16.8598  L_uniform=485.23  L_min_j=[0]  L_spread=[0]
  Iter 100/100  loss=3189.4521  (0.8s)

======================================================================
OPTIMIZATION COMPLETE  (111.6s)
  bs_0: Az=258.8°, El=-6.6°, pos=(51.3, 542.1)
  bs_1: Az=157.8°, El=-6.9°, pos=(327.8, -270.9)
  bs_2: Az=338.9°, El=-10.1°, pos=(-424.5, 108.6)
  bs_3: Az=105.9°, El=-7.0°, pos=(163.1, -695.4)
======================================================================

  Warm-up: 111.6s total, 1.12s/iter
  Run 2: Joint optimization (100 iter, BS positions frozen)
-700.0

======================================================================
MULTI-TX SIR OPTIMIZATION  (4 transmitters)
======================================================================
Pre-created 1296 receivers (300 inside + 996 outside) across 4 base stations
Tx Position: [-311.24993896484375, -125.50519561767578, 50.0]
look_at_position: [-1.7955866425341074, -46.87210097621793, 1.5]
Tx Position: [-273.8194274902344, -592.1390380859375, 50.0]
look_at_position: [-1.7955866425341074, -46.87210097621793, 1.5]
Tx Position: [313.7500915527344, -800.6471557617188, 50.0]
look_at_position: [-1.7955866425341074, -46.87210097621793, 1.5]
Tx Position: [350.51385498046875, -72.47750854492188, 50.0]
look_at_position: [-1.7955866425341074, -46.87210097621793, 1.5]
Tx Position: [358.9024353027344, -46.872100830078125, 50.0]
look_at_position: [-1.7955866425341074, -46.87210097621793, 1.5]
Tx Position: [477.5899963378906, 48.483619689941406, 50.0]
look_at_position: [-1.7955866425341074, -46.87210097621793, 1.5]
Tx Position: [0.6326108574867249, 720.7990112304688, 50.0]
look_at_position: [-1.7955866425341074, -46.87210097621793, 1.5]
Tx Position: [-358.0230407714844, 514.0289916992188, 50.0]
look_at_position: [-1.7955866425341074, -46.87210097621793, 1.5]
  [dbg] mean SINR_dB inside : -5.55769
  [dbg] mean SINR_dB outside: -20.4812
  [dbg] L_in=916.663  L_out=-143.188  L_uniform=996.091  L_min_j=0.5  L_spread=[0]
  Iter   1/100  loss=6001.0259  (8.1s)
  [dbg] mean SINR_dB inside : -2.7075
  [dbg] mean SINR_dB outside: -15.2989
  [dbg] L_in=766.205  L_out=-106.243  L_uniform=884.039  L_min_j=0.475021  L_spread=[0]
  Iter   2/100  loss=5155.6099  (2.6s)
  [dbg] mean SINR_dB inside : -2.03987
  [dbg] mean SINR_dB outside: -15.131
  [dbg] L_in=722.383  L_out=-105.067  L_uniform=838.286  L_min_j=0.451581  L_spread=[0]
  Iter   3/100  loss=4812.2246  (2.6s)
  [dbg] mean SINR_dB inside : -1.85527
  [dbg] mean SINR_dB outside: -14.9631
  [dbg] L_in=719.892  L_out=-103.806  L_uniform=844.727  L_min_j=0.429099  L_spread=[0]
  Iter   4/100  loss=4805.5503  (2.3s)
  [dbg] mean SINR_dB inside : -1.41145
  [dbg] mean SINR_dB outside: -14.9141
  [dbg] L_in=689.625  L_out=-103.403  L_uniform=811.382  L_min_j=0.407802  L_spread=[0]
  Iter   5/100  loss=4564.1035  (2.5s)
  [dbg] mean SINR_dB inside : -1.22871
  [dbg] mean SINR_dB outside: -14.6006
  [dbg] L_in=684.817  L_out=-101.093  L_uniform=812.846  L_min_j=0.387708  L_spread=[0]
  Iter   6/100  loss=4548.8848  (2.5s)
  [dbg] mean SINR_dB inside : -1.06603
  [dbg] mean SINR_dB outside: -14.3263
  [dbg] L_in=673.339  L_out=-99.0495  L_uniform=799.696  L_min_j=0.368886  L_spread=[0]
  Iter   7/100  loss=4476.1890  (2.4s)
  [dbg] mean SINR_dB inside : -0.926351
  [dbg] mean SINR_dB outside: -14.2129
  [dbg] L_in=665.66  L_out=-98.1112  L_uniform=792.718  L_min_j=0.35141  L_spread=[0]
  Iter   8/100  loss=4423.4390  (2.8s)
  [dbg] mean SINR_dB inside : -0.702674
  [dbg] mean SINR_dB outside: -14.202
  [dbg] L_in=657.638  L_out=-97.9267  L_uniform=790.011  L_min_j=0.335419  L_spread=[0]
  Iter   9/100  loss=4360.8413  (2.5s)
  [dbg] mean SINR_dB inside : -0.584786
  [dbg] mean SINR_dB outside: -13.816
  [dbg] L_in=649.455  L_out=-95.2137  L_uniform=780.633  L_min_j=0.321419  L_spread=[0]
  Iter  10/100  loss=4321.5625  (2.4s)
  [dbg] mean SINR_dB inside : -0.470829
  [dbg] mean SINR_dB outside: -13.656
  [dbg] L_in=645.592  L_out=-93.947  L_uniform=779.634  L_min_j=0.309368  L_spread=[0]
  Iter  11/100  loss=4303.2295  (2.5s)
  [dbg] mean SINR_dB inside : -0.23321
  [dbg] mean SINR_dB outside: -13.4684
  [dbg] L_in=633.04  L_out=-92.6459  L_uniform=768.475  L_min_j=0.298986  L_spread=[0]
  Iter  12/100  loss=4214.7065  (2.4s)
  [dbg] mean SINR_dB inside : -0.213376
  [dbg] mean SINR_dB outside: -13.3055
  [dbg] L_in=631.144  L_out=-91.4938  L_uniform=765.841  L_min_j=0.289969  L_spread=[0]
  Iter  13/100  loss=4210.7949  (2.7s)
  [dbg] mean SINR_dB inside : -0.207526
  [dbg] mean SINR_dB outside: -13.1367
  [dbg] L_in=632.036  L_out=-90.1613  L_uniform=767.966  L_min_j=0.282336  L_spread=[0]
  Iter  14/100  loss=4231.4751  (2.3s)
  [dbg] mean SINR_dB inside : -0.0453122
  [dbg] mean SINR_dB outside: -13.02
  [dbg] L_in=623.733  L_out=-89.505  L_uniform=760.807  L_min_j=0.275937  L_spread=[0]
  Iter  15/100  loss=4170.8931  (2.7s)
  [dbg] mean SINR_dB inside : -0.202646
  [dbg] mean SINR_dB outside: -12.9263
  [dbg] L_in=633.487  L_out=-88.6442  L_uniform=771.15  L_min_j=0.270713  L_spread=[0]
  Iter  16/100  loss=4258.5703  (2.5s)
  [dbg] mean SINR_dB inside : -0.0538378
  [dbg] mean SINR_dB outside: -12.7488
  [dbg] L_in=623.103  L_out=-87.4906  L_uniform=759.052  L_min_j=0.266521  L_spread=[0]
  Iter  17/100  loss=4185.8252  (2.4s)
  [dbg] mean SINR_dB inside : 0.201915
  [dbg] mean SINR_dB outside: -12.8035
  [dbg] L_in=610.216  L_out=-87.9157  L_uniform=748.071  L_min_j=0.263128  L_spread=[0]
  Iter  18/100  loss=4077.3796  (2.3s)
  [dbg] mean SINR_dB inside : 0.434311
  [dbg] mean SINR_dB outside: -12.6148
  [dbg] L_in=597.478  L_out=-86.6864  L_uniform=735.925  L_min_j=0.260553  L_spread=[0]
  Iter  19/100  loss=3986.5525  (2.5s)
  [dbg] mean SINR_dB inside : 0.547271
  [dbg] mean SINR_dB outside: -12.6478
  [dbg] L_in=593.469  L_out=-86.803  L_uniform=734.347  L_min_j=0.258666  L_spread=[0]
  Iter  20/100  loss=3953.1558  (2.6s)
  [dbg] mean SINR_dB inside : 0.524845
  [dbg] mean SINR_dB outside: -12.6
  [dbg] L_in=593.269  L_out=-86.6003  L_uniform=732.673  L_min_j=0.257398  L_spread=[0]
  Iter  21/100  loss=3953.4167  (2.5s)
  [dbg] mean SINR_dB inside : 0.768786
  [dbg] mean SINR_dB outside: -12.6379
  [dbg] L_in=580.562  L_out=-86.7861  L_uniform=721.089  L_min_j=0.25667  L_spread=[0]
  Iter  22/100  loss=3848.7417  (2.5s)
  [dbg] mean SINR_dB inside : 0.5705
  [dbg] mean SINR_dB outside: -12.5615
  [dbg] L_in=592.285  L_out=-86.2246  L_uniform=733.302  L_min_j=0.256375  L_spread=[0]
  Iter  23/100  loss=3949.3679  (2.3s)
  [dbg] mean SINR_dB inside : 0.731815
  [dbg] mean SINR_dB outside: -12.3271
  [dbg] L_in=582.986  L_out=-84.5357  L_uniform=723.85  L_min_j=0.256315  L_spread=[0]
  Iter  24/100  loss=3890.9192  (2.3s)
  [dbg] mean SINR_dB inside : 0.893871
  [dbg] mean SINR_dB outside: -12.3348
  [dbg] L_in=569.179  L_out=-84.6152  L_uniform=705.371  L_min_j=0.256505  L_spread=[0]
  Iter  25/100  loss=3777.8145  (2.2s)
  [dbg] mean SINR_dB inside : 0.485787
  [dbg] mean SINR_dB outside: -12.2953
  [dbg] L_in=596.56  L_out=-84.4072  L_uniform=737.03  L_min_j=0.256922  L_spread=[0]
  Iter  26/100  loss=4002.1096  (2.2s)
  [dbg] mean SINR_dB inside : 0.878246
  [dbg] mean SINR_dB outside: -12.1841
  [dbg] L_in=571.665  L_out=-83.521  L_uniform=709.464  L_min_j=0.257518  L_spread=[0]
  Iter  27/100  loss=3809.0581  (2.5s)
  [dbg] mean SINR_dB inside : 0.791143
  [dbg] mean SINR_dB outside: -11.9573
  [dbg] L_in=577.537  L_out=-81.7728  L_uniform=716.303  L_min_j=0.258401  L_spread=[0]
  Iter  28/100  loss=3874.2002  (2.5s)
  [dbg] mean SINR_dB inside : 0.894988
  [dbg] mean SINR_dB outside: -12.0204
  [dbg] L_in=571.502  L_out=-82.1396  L_uniform=710.082  L_min_j=0.259584  L_spread=[0]
  Iter  29/100  loss=3821.6270  (2.3s)
  [dbg] mean SINR_dB inside : 0.876302
  [dbg] mean SINR_dB outside: -11.964
  [dbg] L_in=575.694  L_out=-81.6977  L_uniform=717.414  L_min_j=0.261221  L_spread=[0]
  Iter  30/100  loss=3860.3169  (2.4s)
  [dbg] mean SINR_dB inside : 1.1598
  [dbg] mean SINR_dB outside: -11.8064
  [dbg] L_in=556.86  L_out=-80.5891  L_uniform=695.609  L_min_j=0.263306  L_spread=[0]
  Iter  31/100  loss=3718.5476  (2.4s)
  [dbg] mean SINR_dB inside : 1.2766
  [dbg] mean SINR_dB outside: -11.811
  [dbg] L_in=553.854  L_out=-80.5135  L_uniform=696.085  L_min_j=0.265573  L_spread=[0]
  Iter  32/100  loss=3695.3044  (2.2s)
  [dbg] mean SINR_dB inside : 1.24647
  [dbg] mean SINR_dB outside: -11.7873
  [dbg] L_in=558.208  L_out=-80.3225  L_uniform=703.119  L_min_j=0.268012  L_spread=[0]
  Iter  33/100  loss=3732.7485  (2.2s)
  [dbg] mean SINR_dB inside : 1.47742
  [dbg] mean SINR_dB outside: -11.6889
  [dbg] L_in=540.409  L_out=-79.5667  L_uniform=680.284  L_min_j=0.270522  L_spread=[0]
  Iter  34/100  loss=3595.6367  (2.7s)
  [dbg] mean SINR_dB inside : 1.41932
  [dbg] mean SINR_dB outside: -11.5591
  [dbg] L_in=546.513  L_out=-78.6129  L_uniform=689.294  L_min_j=0.273194  L_spread=[0]
  Iter  35/100  loss=3654.9070  (2.5s)
  [dbg] mean SINR_dB inside : 1.29965
  [dbg] mean SINR_dB outside: -11.6134
  [dbg] L_in=555.005  L_out=-78.8963  L_uniform=699.655  L_min_j=0.276093  L_spread=[0]
  Iter  36/100  loss=3721.0439  (2.6s)
  [dbg] mean SINR_dB inside : 1.56012
  [dbg] mean SINR_dB outside: -11.6162
  [dbg] L_in=541.178  L_out=-78.8687  L_uniform=686.366  L_min_j=0.279151  L_spread=[0]
  Iter  37/100  loss=3609.3765  (2.4s)
  [dbg] mean SINR_dB inside : 1.44804
  [dbg] mean SINR_dB outside: -11.6298
  [dbg] L_in=547.611  L_out=-79.0315  L_uniform=693.065  L_min_j=0.282327  L_spread=[0]
  Iter  38/100  loss=3659.8799  (2.3s)
  [dbg] mean SINR_dB inside : 1.89515
  [dbg] mean SINR_dB outside: -11.5104
  [dbg] L_in=521.346  L_out=-78.2004  L_uniform=664.98  L_min_j=0.285447  L_spread=[0]
  Iter  39/100  loss=3455.2646  (2.3s)
  [dbg] mean SINR_dB inside : 1.80237
  [dbg] mean SINR_dB outside: -11.3947
  [dbg] L_in=526.917  L_out=-77.3609  L_uniform=671.079  L_min_j=0.288601  L_spread=[0]
  Iter  40/100  loss=3508.8354  (2.3s)
  [dbg] mean SINR_dB inside : 1.6795
  [dbg] mean SINR_dB outside: -11.5703
  [dbg] L_in=538.389  L_out=-78.7547  L_uniform=687.321  L_min_j=0.291852  L_spread=[0]
  Iter  41/100  loss=3588.3000  (2.3s)
  [dbg] mean SINR_dB inside : 1.78883
  [dbg] mean SINR_dB outside: -11.4489
  [dbg] L_in=532.59  L_out=-77.8941  L_uniform=681.687  L_min_j=0.295118  L_spread=[0]
  Iter  42/100  loss=3549.9451  (2.5s)
  [dbg] mean SINR_dB inside : 1.88469
  [dbg] mean SINR_dB outside: -11.2485
  [dbg] L_in=526.949  L_out=-76.4596  L_uniform=675.612  L_min_j=0.298454  L_spread=[0]
  Iter  43/100  loss=3518.5566  (2.6s)
  [dbg] mean SINR_dB inside : 1.80653
  [dbg] mean SINR_dB outside: -11.4256
  [dbg] L_in=532.803  L_out=-77.6264  L_uniform=683.078  L_min_j=0.301713  L_spread=[0]
  Iter  44/100  loss=3554.4675  (2.6s)
  [dbg] mean SINR_dB inside : 2.17919
  [dbg] mean SINR_dB outside: -11.426
  [dbg] L_in=511.57  L_out=-77.6768  L_uniform=660.742  L_min_j=0.305032  L_spread=[0]
  Iter  45/100  loss=3381.8684  (2.6s)
  [dbg] mean SINR_dB inside : 2.12028
  [dbg] mean SINR_dB outside: -11.256
  [dbg] L_in=514.406  L_out=-76.565  L_uniform=663.248  L_min_j=0.30844  L_spread=[0]
  Iter  46/100  loss=3415.9202  (2.3s)
  [dbg] mean SINR_dB inside : 2.23385
  [dbg] mean SINR_dB outside: -11.322
  [dbg] L_in=502.756  L_out=-76.9554  L_uniform=646.04  L_min_j=0.311773  L_spread=[0]
  Iter  47/100  loss=3317.0984  (2.3s)
  [dbg] mean SINR_dB inside : 2.20099
  [dbg] mean SINR_dB outside: -11.1322
  [dbg] L_in=506.123  L_out=-75.5786  L_uniform=651.013  L_min_j=0.315111  L_spread=[0]
  Iter  48/100  loss=3358.3010  (2.4s)
  [dbg] mean SINR_dB inside : 2.51179
  [dbg] mean SINR_dB outside: -11.0062
  [dbg] L_in=486.506  L_out=-74.6985  L_uniform=628.336  L_min_j=0.318446  L_spread=[0]
  Iter  49/100  loss=3207.8926  (2.3s)
  [dbg] mean SINR_dB inside : 2.45618
  [dbg] mean SINR_dB outside: -11.0194
  [dbg] L_in=492.784  L_out=-74.613  L_uniform=637.946  L_min_j=0.321798  L_spread=[0]
  Iter  50/100  loss=3259.9397  (2.3s)
  [dbg] mean SINR_dB inside : 2.17312
  [dbg] mean SINR_dB outside: -10.9946
  [dbg] L_in=509.09  L_out=-74.4597  L_uniform=655.453  L_min_j=0.325202  L_spread=[0]
  Iter  51/100  loss=3393.6675  (2.4s)
  [dbg] mean SINR_dB inside : 2.6224
  [dbg] mean SINR_dB outside: -11.0418
  [dbg] L_in=480.151  L_out=-74.8028  L_uniform=621.489  L_min_j=0.328551  L_spread=[0]
  Iter  52/100  loss=3155.3276  (2.3s)
  [dbg] mean SINR_dB inside : 2.29584
  [dbg] mean SINR_dB outside: -10.9222
  [dbg] L_in=501.213  L_out=-73.9968  L_uniform=646.277  L_min_j=0.331872  L_spread=[0]
  Iter  53/100  loss=3334.3645  (2.3s)
  [dbg] mean SINR_dB inside : 2.59866
  [dbg] mean SINR_dB outside: -10.8308
  [dbg] L_in=486.445  L_out=-73.2393  L_uniform=632.826  L_min_j=0.335156  L_spread=[0]
  Iter  54/100  loss=3222.4490  (2.2s)
  [dbg] mean SINR_dB inside : 2.56434
  [dbg] mean SINR_dB outside: -10.9012
  [dbg] L_in=488.266  L_out=-73.7273  L_uniform=634.66  L_min_j=0.338334  L_spread=[0]
  Iter  55/100  loss=3232.3198  (2.3s)
  [dbg] mean SINR_dB inside : 2.46452
  [dbg] mean SINR_dB outside: -10.9273
  [dbg] L_in=493.05  L_out=-73.933  L_uniform=638.943  L_min_j=0.341446  L_spread=[0]
  Iter  56/100  loss=3268.9670  (2.3s)
  [dbg] mean SINR_dB inside : 2.69502
  [dbg] mean SINR_dB outside: -10.6159
  [dbg] L_in=482.647  L_out=-71.7876  L_uniform=630.321  L_min_j=0.344507  L_spread=[0]
  Iter  57/100  loss=3206.3296  (2.5s)
  [dbg] mean SINR_dB inside : 2.58418
  [dbg] mean SINR_dB outside: -10.7225
  [dbg] L_in=488.001  L_out=-72.4138  L_uniform=635.19  L_min_j=0.347508  L_spread=[0]
  Iter  58/100  loss=3243.3862  (2.3s)
  [dbg] mean SINR_dB inside : 2.49225
  [dbg] mean SINR_dB outside: -10.7393
  [dbg] L_in=493.985  L_out=-72.691  L_uniform=642.287  L_min_j=0.350488  L_spread=[0]
  Iter  59/100  loss=3289.2004  (2.4s)
  [dbg] mean SINR_dB inside : 2.65733
  [dbg] mean SINR_dB outside: -10.6252
  [dbg] L_in=480.731  L_out=-71.7039  L_uniform=624.514  L_min_j=0.353359  L_spread=[0]
  Iter  60/100  loss=3191.2610  (2.2s)
  [dbg] mean SINR_dB inside : 2.55068
  [dbg] mean SINR_dB outside: -10.392
  [dbg] L_in=492.693  L_out=-70.0564  L_uniform=642.791  L_min_j=0.356141  L_spread=[0]
  Iter  61/100  loss=3305.2581  (2.5s)
  [dbg] mean SINR_dB inside : 2.65636
  [dbg] mean SINR_dB outside: -10.5588
  [dbg] L_in=481.765  L_out=-71.2008  L_uniform=626.533  L_min_j=0.358819  L_spread=[0]
  Iter  62/100  loss=3204.7644  (2.4s)
  [dbg] mean SINR_dB inside : 2.74981
  [dbg] mean SINR_dB outside: -10.4164
  [dbg] L_in=480.436  L_out=-70.2807  L_uniform=628.77  L_min_j=0.36141  L_spread=[0]
  Iter  63/100  loss=3203.5598  (2.2s)
  [dbg] mean SINR_dB inside : 2.98159
  [dbg] mean SINR_dB outside: -10.574
  [dbg] L_in=466.195  L_out=-71.3452  L_uniform=612.417  L_min_j=0.363802  L_spread=[0]
  Iter  64/100  loss=3077.3484  (2.2s)
  [dbg] mean SINR_dB inside : 2.74904
  [dbg] mean SINR_dB outside: -10.6415
  [dbg] L_in=475.796  L_out=-71.7704  L_uniform=619.474  L_min_j=0.366049  L_spread=[0]
  Iter  65/100  loss=3150.6150  (2.4s)
  [dbg] mean SINR_dB inside : 2.95623
  [dbg] mean SINR_dB outside: -10.4791
  [dbg] L_in=468.991  L_out=-70.6208  L_uniform=616.694  L_min_j=0.368272  L_spread=[0]
  Iter  66/100  loss=3107.3865  (2.4s)
  [dbg] mean SINR_dB inside : 2.94553
  [dbg] mean SINR_dB outside: -10.6291
  [dbg] L_in=467.055  L_out=-71.609  L_uniform=612.273  L_min_j=0.370351  L_spread=[0]
  Iter  67/100  loss=3081.5779  (2.2s)
  [dbg] mean SINR_dB inside : 2.81265
  [dbg] mean SINR_dB outside: -10.3829
  [dbg] L_in=478.186  L_out=-69.7435  L_uniform=627.591  L_min_j=0.372362  L_spread=[0]
  Iter  68/100  loss=3190.8152  (2.2s)
  [dbg] mean SINR_dB inside : 2.9036
  [dbg] mean SINR_dB outside: -10.4787
  [dbg] L_in=470.805  L_out=-70.609  L_uniform=617.579  L_min_j=0.374311  L_spread=[0]
  Iter  69/100  loss=3122.1116  (2.2s)
  [dbg] mean SINR_dB inside : 2.95288
  [dbg] mean SINR_dB outside: -10.5805
  [dbg] L_in=470.156  L_out=-71.3392  L_uniform=618.85  L_min_j=0.376145  L_spread=[0]
  Iter  70/100  loss=3109.7444  (2.2s)
  [dbg] mean SINR_dB inside : 2.89357
  [dbg] mean SINR_dB outside: -10.4371
  [dbg] L_in=474.189  L_out=-70.1977  L_uniform=623.83  L_min_j=0.377857  L_spread=[0]
  Iter  71/100  loss=3153.9197  (2.2s)
  [dbg] mean SINR_dB inside : 3.01347
  [dbg] mean SINR_dB outside: -10.4375
  [dbg] L_in=466.602  L_out=-70.1326  L_uniform=614.902  L_min_j=0.379518  L_spread=[0]
  Iter  72/100  loss=3092.9761  (2.2s)
  [dbg] mean SINR_dB inside : 2.7145
  [dbg] mean SINR_dB outside: -10.3854
  [dbg] L_in=485.719  L_out=-69.7792  L_uniform=637.516  L_min_j=0.38111  L_spread=[0]
  Iter  73/100  loss=3251.7129  (2.2s)
  [dbg] mean SINR_dB inside : 3.22146
  [dbg] mean SINR_dB outside: -10.4818
  [dbg] L_in=454.602  L_out=-70.3373  L_uniform=601.659  L_min_j=0.382585  L_spread=[0]
  Iter  74/100  loss=2993.6118  (2.2s)
  [dbg] mean SINR_dB inside : 3.14341
  [dbg] mean SINR_dB outside: -10.4264
  [dbg] L_in=458.781  L_out=-70.1385  L_uniform=605.984  L_min_j=0.384011  L_spread=[0]
  Iter  75/100  loss=3029.4656  (2.2s)
  [dbg] mean SINR_dB inside : 3.18564
  [dbg] mean SINR_dB outside: -10.5509
  [dbg] L_in=459.16  L_out=-70.9873  L_uniform=608.936  L_min_j=0.385346  L_spread=[0]
  Iter  76/100  loss=3024.3027  (2.2s)
  [dbg] mean SINR_dB inside : 2.93853
  [dbg] mean SINR_dB outside: -10.3637
  [dbg] L_in=475.142  L_out=-69.6268  L_uniform=628.07  L_min_j=0.386563  L_spread=[0]
  Iter  77/100  loss=3167.6787  (2.2s)
  [dbg] mean SINR_dB inside : 3.23253
  [dbg] mean SINR_dB outside: -10.543
  [dbg] L_in=458.981  L_out=-70.9586  L_uniform=610.983  L_min_j=0.387695  L_spread=[0]
  Iter  78/100  loss=3023.3572  (2.2s)
  [dbg] mean SINR_dB inside : 3.11296
  [dbg] mean SINR_dB outside: -10.4944
  [dbg] L_in=462.176  L_out=-70.5294  L_uniform=611.214  L_min_j=0.388755  L_spread=[0]
  Iter  79/100  loss=3053.2327  (2.2s)
  [dbg] mean SINR_dB inside : 2.92415
  [dbg] mean SINR_dB outside: -10.5099
  [dbg] L_in=472.949  L_out=-70.6995  L_uniform=622.927  L_min_j=0.389685  L_spread=[0]
  Iter  80/100  loss=3138.8928  (2.3s)
  [dbg] mean SINR_dB inside : 3.28577
  [dbg] mean SINR_dB outside: -10.4079
  [dbg] L_in=452.25  L_out=-69.9748  L_uniform=600.277  L_min_j=0.390518  L_spread=[0]
  Iter  81/100  loss=2978.2781  (2.2s)
  [dbg] mean SINR_dB inside : 3.34832
  [dbg] mean SINR_dB outside: -10.4741
  [dbg] L_in=451.578  L_out=-70.3437  L_uniform=602.129  L_min_j=0.39127  L_spread=[0]
  Iter  82/100  loss=2969.3975  (2.2s)
  [dbg] mean SINR_dB inside : 3.17395
  [dbg] mean SINR_dB outside: -10.3696
  [dbg] L_in=457.752  L_out=-69.7402  L_uniform=605.501  L_min_j=0.391984  L_spread=[0]
  Iter  83/100  loss=3025.1633  (2.2s)
  [dbg] mean SINR_dB inside : 3.24947
  [dbg] mean SINR_dB outside: -10.4947
  [dbg] L_in=456.677  L_out=-70.5956  L_uniform=607.25  L_min_j=0.392605  L_spread=[0]
  Iter  84/100  loss=3008.1895  (2.4s)
  [dbg] mean SINR_dB inside : 3.00269
  [dbg] mean SINR_dB outside: -10.3833
  [dbg] L_in=470.771  L_out=-69.764  L_uniform=622.662  L_min_j=0.393157  L_spread=[0]
  Iter  85/100  loss=3130.7979  (2.4s)
  [dbg] mean SINR_dB inside : 3.11987
  [dbg] mean SINR_dB outside: -10.2816
  [dbg] L_in=464.837  L_out=-68.9512  L_uniform=616.89  L_min_j=0.393638  L_spread=[0]
  Iter  86/100  loss=3090.8752  (2.4s)
  [dbg] mean SINR_dB inside : 3.30481
  [dbg] mean SINR_dB outside: -10.5008
  [dbg] L_in=452.692  L_out=-70.5818  L_uniform=602.121  L_min_j=0.394076  L_spread=[0]
  Iter  87/100  loss=2975.9294  (2.3s)
  [dbg] mean SINR_dB inside : 3.35823
  [dbg] mean SINR_dB outside: -10.4516
  [dbg] L_in=449.967  L_out=-70.2077  L_uniform=599.416  L_min_j=0.394452  L_spread=[0]
  Iter  88/100  loss=2957.5974  (2.2s)
  [dbg] mean SINR_dB inside : 3.42097
  [dbg] mean SINR_dB outside: -10.2937
  [dbg] L_in=445.99  L_out=-69.0864  L_uniform=594.69  L_min_j=0.394774  L_spread=[0]
  Iter  89/100  loss=2936.5276  (2.2s)
  [dbg] mean SINR_dB inside : 3.20417
  [dbg] mean SINR_dB outside: -10.4216
  [dbg] L_in=458.155  L_out=-70.0712  L_uniform=607.876  L_min_j=0.39506  L_spread=[0]
  Iter  90/100  loss=3025.3149  (2.2s)
  [dbg] mean SINR_dB inside : 3.26986
  [dbg] mean SINR_dB outside: -10.3764
  [dbg] L_in=455.62  L_out=-69.751  L_uniform=606.195  L_min_j=0.395305  L_spread=[0]
  Iter  91/100  loss=3008.0669  (2.2s)
  [dbg] mean SINR_dB inside : 3.2754
  [dbg] mean SINR_dB outside: -10.4096
  [dbg] L_in=454.695  L_out=-69.9251  L_uniform=604.631  L_min_j=0.395504  L_spread=[0]
  Iter  92/100  loss=2998.7700  (2.2s)
  [dbg] mean SINR_dB inside : 2.8567
  [dbg] mean SINR_dB outside: -10.3249
  [dbg] L_in=476.154  L_out=-69.3186  L_uniform=625.825  L_min_j=0.395668  L_spread=[0]
  Iter  93/100  loss=3178.6250  (2.2s)
  [dbg] mean SINR_dB inside : 3.18703
  [dbg] mean SINR_dB outside: -10.3323
  [dbg] L_in=459.342  L_out=-69.5344  L_uniform=609.37  L_min_j=0.395796  L_spread=[0]
  Iter  94/100  loss=3040.3306  (2.2s)
  [dbg] mean SINR_dB inside : 3.19668
  [dbg] mean SINR_dB outside: -10.4699
  [dbg] L_in=459.839  L_out=-70.42  L_uniform=610.851  L_min_j=0.395892  L_spread=[0]
  Iter  95/100  loss=3035.5964  (2.2s)
  [dbg] mean SINR_dB inside : 2.83816
  [dbg] mean SINR_dB outside: -10.3961
  [dbg] L_in=476.673  L_out=-69.828  L_uniform=625.897  L_min_j=0.395964  L_spread=[0]
  Iter  96/100  loss=3177.6904  (2.2s)
  [dbg] mean SINR_dB inside : 3.27582
  [dbg] mean SINR_dB outside: -10.4141
  [dbg] L_in=454.507  L_out=-70.0456  L_uniform=604.274  L_min_j=0.396014  L_spread=[0]
  Iter  97/100  loss=2996.0300  (2.2s)
  [dbg] mean SINR_dB inside : 3.17315
  [dbg] mean SINR_dB outside: -10.3952
  [dbg] L_in=459.632  L_out=-69.8994  L_uniform=609.229  L_min_j=0.396045  L_spread=[0]
  Iter  98/100  loss=3038.9846  (2.2s)
  [dbg] mean SINR_dB inside : 3.03195
  [dbg] mean SINR_dB outside: -10.2188
  [dbg] L_in=468.621  L_out=-68.6822  L_uniform=619.89  L_min_j=0.396063  L_spread=[0]
  Iter  99/100  loss=3124.1348  (2.4s)
  [dbg] mean SINR_dB inside : 3.2423
  [dbg] mean SINR_dB outside: -10.4111
  [dbg] L_in=456.859  L_out=-69.9756  L_uniform=607.251  L_min_j=0.39607  L_spread=[0]
  Iter 100/100  loss=3015.8372  (2.2s)

======================================================================
OPTIMIZATION COMPLETE  (242.0s)
  bs_0: Az=255.4°, El=-7.0°, pos=(65.4, 534.7)
  bs_1: Az=155.5°, El=-6.2°, pos=(327.1, -295.4)
  bs_2: Az=343.8°, El=-10.8°, pos=(-424.5, 108.6)
  bs_3: Az=110.7°, El=-10.5°, pos=(163.7, -666.2)
  jam_1 [OFF gate=0.406]: Az=15.2°, El=-90.0°, pos=(-395.3, -132.8, 26.2), pwr=19.5 dBm
  jam_2 [OFF gate=0.188]: Az=64.9°, El=-90.0°, pos=(-319.9, -645.1, 7.0), pwr=18.6 dBm
  jam_3 [OFF gate=0.184]: Az=113.4°, El=-90.0°, pos=(356.5, -824.1, 5.6), pwr=18.5 dBm
  jam_4 [OFF gate=0.270]: Az=174.5°, El=-90.0°, pos=(398.0, -154.7, 15.5), pwr=19.0 dBm
  jam_5 [OFF gate=0.321]: Az=180.9°, El=-90.0°, pos=(413.0, -115.0, 9.8), pwr=19.2 dBm
  jam_6 [ON  gate=0.639]: Az=193.2°, El=-90.0°, pos=(540.0, -11.0, 23.3), pwr=20.5 dBm
  jam_7 [ON  gate=0.632]: Az=266.2°, El=-90.0°, pos=(15.3, 729.9, 20.9), pwr=20.5 dBm
  jam_8 [ON  gate=0.529]: Az=304.8°, El=-90.0°, pos=(-394.4, 514.1, 18.3), pwr=20.0 dBm
======================================================================

  Joint:   242.0s total, 2.42s/iter
  Evaluating...

======================================================================
BS PARAMETERS  —  BEFORE / AFTER
======================================================================
  Name           Param         Initial   Optimised       Delta
  ----------------------------------------------------------------
  bs_0           Azimuth      +258.84°    +255.38°      -3.46°
                 Elevation      -6.65°      -7.05°      -0.40°
                 X (m)           +51.3       +65.4       +14.1
                 Y (m)          +542.1      +534.7        -7.3
                 Power dBm      +35.00      +40.00       +5.00
  ----------------------------------------------------------------
  bs_1           Azimuth      +157.77°    +155.48°      -2.29°
                 Elevation      -6.92°      -6.20°      +0.71°
                 X (m)          +327.8      +327.1        -0.7
                 Y (m)          -270.9      -295.4       -24.5
                 Power dBm      +35.00      +40.00       +5.00
  ----------------------------------------------------------------
  bs_2           Azimuth      +338.93°    +343.83°      +4.90°
                 Elevation     -10.12°     -10.85°      -0.72°
                 X (m)          -424.5      -424.5        +0.0
                 Y (m)          +108.6      +108.6        +0.0
                 Power dBm      +35.00      +40.00       +5.00
  ----------------------------------------------------------------
  bs_3           Azimuth      +105.93°    +110.67°      +4.74°
                 Elevation      -7.03°     -10.48°      -3.45°
                 X (m)          +163.1      +163.7        +0.6
                 Y (m)          -695.4      -666.2       +29.1
                 Power dBm      +35.00      +39.91       +4.91
  ----------------------------------------------------------------
======================================================================

Computing RadioMap for optimized BS configuration...
Computing RadioMap for 3/8 active jammers...
[verify] jam_interference_map: mean=2.582e-11 W  | mean SINR shift (BS-only − BS+Jam) = +0.457 dB

======================================================================
BS-ONLY SINR CONTAINMENT  (gamma = +0.0 dB)
======================================================================
  bs_0:
    rho_leak  (outside >= gamma):  32.1%
    rho_hole  (inside  <  gamma):  21.1%
    SINR inside  mean / p10: +7.9 / -11.8 dB
    SINR outside mean / p10: -25.1 / -180.0 dB

  bs_1:
    rho_leak  (outside >= gamma):  32.1%
    rho_hole  (inside  <  gamma):  21.1%
    SINR inside  mean / p10: +7.9 / -11.8 dB
    SINR outside mean / p10: -25.1 / -180.0 dB

  bs_2:
    rho_leak  (outside >= gamma):  32.1%
    rho_hole  (inside  <  gamma):  21.1%
    SINR inside  mean / p10: +7.9 / -11.8 dB
    SINR outside mean / p10: -25.1 / -180.0 dB

  bs_3:
    rho_leak  (outside >= gamma):  32.1%
    rho_hole  (inside  <  gamma):  21.1%
    SINR inside  mean / p10: +7.9 / -11.8 dB
    SINR outside mean / p10: -25.1 / -180.0 dB

======================================================================
BS+JAMMER SINR CONTAINMENT  (gamma = +0.0 dB)
======================================================================
  bs_0:
    rho_leak  (outside >= gamma):  30.6%
    rho_hole  (inside  <  gamma):  21.2%
    SINR inside  mean / p10: +7.9 / -11.8 dB
    SINR outside mean / p10: -25.8 / -180.0 dB

  bs_1:
    rho_leak  (outside >= gamma):  30.6%
    rho_hole  (inside  <  gamma):  21.2%
    SINR inside  mean / p10: +7.9 / -11.8 dB
    SINR outside mean / p10: -25.8 / -180.0 dB

  bs_2:
    rho_leak  (outside >= gamma):  30.6%
    rho_hole  (inside  <  gamma):  21.2%
    SINR inside  mean / p10: +7.9 / -11.8 dB
    SINR outside mean / p10: -25.8 / -180.0 dB

  bs_3:
    rho_leak  (outside >= gamma):  30.6%
    rho_hole  (inside  <  gamma):  21.2%
    SINR inside  mean / p10: +7.9 / -11.8 dB
    SINR outside mean / p10: -25.8 / -180.0 dB

======================================================================

  Saved → ../results/duke/splat_large_n300

[ 10/16] START splat_large_n500
Creating polygon
  Zone cells: 1648595
  bs_0: (31.2, 509.1, 50.0)
  bs_1: (233.3, -194.9, 50.0)
  bs_2: (-417.8, 110.6, 50.0)
  bs_3: (117.9, -646.1, 50.0)
  Jammers: 8 evenly placed at 200 m standoff
  Run 1: BS warm-up (100 iter, inside coverage only)
-700.0

======================================================================
MULTI-TX SIR OPTIMIZATION  (4 transmitters)
======================================================================
Tx Position: [31.197982788085938, 509.07958984375, 50.0]
look_at_position: [-50.27000000000001, -69.60000000000002, 1.5]
Tx Position: [233.28465270996094, -194.85752868652344, 50.0]
look_at_position: [-50.27000000000001, -69.60000000000002, 1.5]
Tx Position: [-417.7782287597656, 110.62852478027344, 50.0]
look_at_position: [-50.27000000000001, -69.60000000000002, 1.5]
Tx Position: [117.9024429321289, -646.106201171875, 50.0]
look_at_position: [-50.27000000000001, -69.60000000000002, 1.5]
  [dbg] mean SINR_dB inside : 3.08756
  [dbg] mean SINR_dB outside: -8.26111
  [dbg] L_in=442.838  L_out=2.25531  L_uniform=571.155  L_min_j=[0]  L_spread=[0]
  Iter   1/100  loss=4485.4907  (15.2s)
  [dbg] mean SINR_dB inside : 3.16833
  [dbg] mean SINR_dB outside: -8.65153
  [dbg] L_in=446.432  L_out=2.51678  L_uniform=582.526  L_min_j=[0]  L_spread=[0]
  Iter   2/100  loss=4522.5752  (2.1s)
  [dbg] mean SINR_dB inside : 2.94982
  [dbg] mean SINR_dB outside: -9.40744
  [dbg] L_in=466.724  L_out=2.97914  L_uniform=611.796  L_min_j=[0]  L_spread=[0]
  Iter   3/100  loss=4728.4229  (1.5s)
  [dbg] mean SINR_dB inside : 3.01909
  [dbg] mean SINR_dB outside: -9.69411
  [dbg] L_in=467.541  L_out=3.28655  L_uniform=617.07  L_min_j=[0]  L_spread=[0]
  Iter   4/100  loss=4737.1182  (1.5s)
  [dbg] mean SINR_dB inside : 3.12629
  [dbg] mean SINR_dB outside: -9.35478
  [dbg] L_in=467.373  L_out=3.54884  L_uniform=622.292  L_min_j=[0]  L_spread=[0]
  Iter   5/100  loss=4735.9546  (1.5s)
  [dbg] mean SINR_dB inside : 3.10115
  [dbg] mean SINR_dB outside: -9.38984
  [dbg] L_in=469.396  L_out=3.75205  L_uniform=625.021  L_min_j=[0]  L_spread=[0]
  Iter   6/100  loss=4756.4590  (1.5s)
  [dbg] mean SINR_dB inside : 3.20209
  [dbg] mean SINR_dB outside: -9.29204
  [dbg] L_in=463.283  L_out=3.91977  L_uniform=618.05  L_min_j=[0]  L_spread=[0]
  Iter   7/100  loss=4694.6353  (1.5s)
  [dbg] mean SINR_dB inside : 3.25939
  [dbg] mean SINR_dB outside: -9.16197
  [dbg] L_in=462.792  L_out=4.18986  L_uniform=620.02  L_min_j=[0]  L_spread=[0]
  Iter   8/100  loss=4689.9175  (1.5s)
  [dbg] mean SINR_dB inside : 3.30308
  [dbg] mean SINR_dB outside: -9.01463
  [dbg] L_in=459.897  L_out=4.53826  L_uniform=616.501  L_min_j=[0]  L_spread=[0]
  Iter   9/100  loss=4660.6162  (1.5s)
  [dbg] mean SINR_dB inside : 3.44897
  [dbg] mean SINR_dB outside: -9.05417
  [dbg] L_in=453.28  L_out=4.76949  L_uniform=610.739  L_min_j=[0]  L_spread=[0]
  Iter  10/100  loss=4593.8760  (1.5s)
  [dbg] mean SINR_dB inside : 3.51518
  [dbg] mean SINR_dB outside: -8.82474
  [dbg] L_in=450.695  L_out=5.06185  L_uniform=608.947  L_min_j=[0]  L_spread=[0]
  Iter  11/100  loss=4567.8447  (1.5s)
  [dbg] mean SINR_dB inside : 3.64746
  [dbg] mean SINR_dB outside: -8.71178
  [dbg] L_in=440.141  L_out=5.39925  L_uniform=594.564  L_min_j=[0]  L_spread=[0]
  Iter  12/100  loss=4460.8638  (1.5s)
  [dbg] mean SINR_dB inside : 3.71805
  [dbg] mean SINR_dB outside: -8.51325
  [dbg] L_in=440.133  L_out=5.8688  L_uniform=598.084  L_min_j=[0]  L_spread=[0]
  Iter  13/100  loss=4461.1343  (1.5s)
  [dbg] mean SINR_dB inside : 3.5243
  [dbg] mean SINR_dB outside: -8.4676
  [dbg] L_in=452.101  L_out=6.17313  L_uniform=612.21  L_min_j=[0]  L_spread=[0]
  Iter  14/100  loss=4582.2319  (1.4s)
  [dbg] mean SINR_dB inside : 3.73875
  [dbg] mean SINR_dB outside: -8.42557
  [dbg] L_in=442.731  L_out=6.74196  L_uniform=604.365  L_min_j=[0]  L_spread=[0]
  Iter  15/100  loss=4487.7490  (1.4s)
  [dbg] mean SINR_dB inside : 3.97388
  [dbg] mean SINR_dB outside: -8.31058
  [dbg] L_in=423.999  L_out=7.00447  L_uniform=578.731  L_min_j=[0]  L_spread=[0]
  Iter  16/100  loss=4297.8652  (1.4s)
  [dbg] mean SINR_dB inside : 3.73182
  [dbg] mean SINR_dB outside: -7.96196
  [dbg] L_in=445.045  L_out=7.28343  L_uniform=608.624  L_min_j=[0]  L_spread=[0]
  Iter  17/100  loss=4511.3115  (1.4s)
  [dbg] mean SINR_dB inside : 3.64678
  [dbg] mean SINR_dB outside: -7.8949
  [dbg] L_in=443.026  L_out=7.6265  L_uniform=600.307  L_min_j=[0]  L_spread=[0]
  Iter  18/100  loss=4490.2939  (1.4s)
  [dbg] mean SINR_dB inside : 3.74882
  [dbg] mean SINR_dB outside: -7.76637
  [dbg] L_in=440.364  L_out=8.0774  L_uniform=600.157  L_min_j=[0]  L_spread=[0]
  Iter  19/100  loss=4463.6567  (1.4s)
  [dbg] mean SINR_dB inside : 3.5871
  [dbg] mean SINR_dB outside: -7.64161
  [dbg] L_in=452.444  L_out=8.29049  L_uniform=616.115  L_min_j=[0]  L_spread=[0]
  Iter  20/100  loss=4586.0488  (1.4s)
  [dbg] mean SINR_dB inside : 3.78135
  [dbg] mean SINR_dB outside: -7.65235
  [dbg] L_in=442.02  L_out=8.58301  L_uniform=605.128  L_min_j=[0]  L_spread=[0]
  Iter  21/100  loss=4480.7085  (1.3s)
  [dbg] mean SINR_dB inside : 3.67539
  [dbg] mean SINR_dB outside: -7.45976
  [dbg] L_in=447.956  L_out=9.01185  L_uniform=611.63  L_min_j=[0]  L_spread=[0]
  Iter  22/100  loss=4540.7231  (1.4s)
  [dbg] mean SINR_dB inside : 4.17662
  [dbg] mean SINR_dB outside: -7.40346
  [dbg] L_in=419.693  L_out=9.39672  L_uniform=580.243  L_min_j=[0]  L_spread=[0]
  Iter  23/100  loss=4254.9556  (1.4s)
  [dbg] mean SINR_dB inside : 3.71508
  [dbg] mean SINR_dB outside: -7.13925
  [dbg] L_in=443.888  L_out=9.80571  L_uniform=605.52  L_min_j=[0]  L_spread=[0]
  Iter  24/100  loss=4499.4346  (1.4s)
  [dbg] mean SINR_dB inside : 4.0799
  [dbg] mean SINR_dB outside: -7.01168
  [dbg] L_in=424.548  L_out=9.83494  L_uniform=585.181  L_min_j=[0]  L_spread=[0]
  Iter  25/100  loss=4303.9990  (1.4s)
  [dbg] mean SINR_dB inside : 4.1005
  [dbg] mean SINR_dB outside: -6.90241
  [dbg] L_in=428.245  L_out=10.2058  L_uniform=593.605  L_min_j=[0]  L_spread=[0]
  Iter  26/100  loss=4341.8154  (1.4s)
  [dbg] mean SINR_dB inside : 4.09291
  [dbg] mean SINR_dB outside: -6.87613
  [dbg] L_in=426.074  L_out=10.4877  L_uniform=588.875  L_min_j=[0]  L_spread=[0]
  Iter  27/100  loss=4319.6270  (1.4s)
  [dbg] mean SINR_dB inside : 4.20985
  [dbg] mean SINR_dB outside: -6.76571
  [dbg] L_in=422.837  L_out=10.9447  L_uniform=588.181  L_min_j=[0]  L_spread=[0]
  Iter  28/100  loss=4287.1855  (1.4s)
  [dbg] mean SINR_dB inside : 4.40665
  [dbg] mean SINR_dB outside: -6.7061
  [dbg] L_in=412.481  L_out=11.2183  L_uniform=577.231  L_min_j=[0]  L_spread=[0]
  Iter  29/100  loss=4182.5327  (1.4s)
  [dbg] mean SINR_dB inside : 4.4688
  [dbg] mean SINR_dB outside: -6.68122
  [dbg] L_in=404.881  L_out=11.4951  L_uniform=565.075  L_min_j=[0]  L_spread=[0]
  Iter  30/100  loss=4105.3188  (1.4s)
  [dbg] mean SINR_dB inside : 4.61778
  [dbg] mean SINR_dB outside: -6.61638
  [dbg] L_in=399.326  L_out=11.6353  L_uniform=561.222  L_min_j=[0]  L_spread=[0]
  Iter  31/100  loss=4049.3774  (1.4s)
  [dbg] mean SINR_dB inside : 4.504
  [dbg] mean SINR_dB outside: -6.54634
  [dbg] L_in=408.664  L_out=11.8432  L_uniform=574.331  L_min_j=[0]  L_spread=[0]
  Iter  32/100  loss=4144.0747  (1.2s)
  [dbg] mean SINR_dB inside : 4.71477
  [dbg] mean SINR_dB outside: -6.38194
  [dbg] L_in=395.691  L_out=11.833  L_uniform=558.683  L_min_j=[0]  L_spread=[0]
  Iter  33/100  loss=4012.7803  (1.1s)
  [dbg] mean SINR_dB inside : 4.62114
  [dbg] mean SINR_dB outside: -6.42837
  [dbg] L_in=400.219  L_out=12.3124  L_uniform=563.209  L_min_j=[0]  L_spread=[0]
  Iter  34/100  loss=4058.5100  (1.2s)
  [dbg] mean SINR_dB inside : 4.8132
  [dbg] mean SINR_dB outside: -6.42987
  [dbg] L_in=389.977  L_out=12.1471  L_uniform=552.057  L_min_j=[0]  L_spread=[0]
  Iter  35/100  loss=3954.9753  (1.1s)
  [dbg] mean SINR_dB inside : 4.92839
  [dbg] mean SINR_dB outside: -6.25951
  [dbg] L_in=384.975  L_out=12.631  L_uniform=547.617  L_min_j=[0]  L_spread=[0]
  Iter  36/100  loss=3904.5134  (1.4s)
  [dbg] mean SINR_dB inside : 4.82729
  [dbg] mean SINR_dB outside: -6.28905
  [dbg] L_in=393.658  L_out=12.7183  L_uniform=560.103  L_min_j=[0]  L_spread=[0]
  Iter  37/100  loss=3992.5903  (1.2s)
  [dbg] mean SINR_dB inside : 4.98381
  [dbg] mean SINR_dB outside: -6.1795
  [dbg] L_in=384.692  L_out=12.6908  L_uniform=549.735  L_min_j=[0]  L_spread=[0]
  Iter  38/100  loss=3901.8909  (1.2s)
  [dbg] mean SINR_dB inside : 4.95321
  [dbg] mean SINR_dB outside: -6.10149
  [dbg] L_in=386.946  L_out=13.2105  L_uniform=552.784  L_min_j=[0]  L_spread=[0]
  Iter  39/100  loss=3924.7422  (1.4s)
  [dbg] mean SINR_dB inside : 4.9063
  [dbg] mean SINR_dB outside: -6.06854
  [dbg] L_in=395.404  L_out=13.7993  L_uniform=567.44  L_min_j=[0]  L_spread=[0]
  Iter  40/100  loss=4010.7849  (1.1s)
  [dbg] mean SINR_dB inside : 5.02611
  [dbg] mean SINR_dB outside: -5.9642
  [dbg] L_in=386.671  L_out=13.6277  L_uniform=555.739  L_min_j=[0]  L_spread=[0]
  Iter  41/100  loss=3922.2817  (1.4s)
  [dbg] mean SINR_dB inside : 5.11589
  [dbg] mean SINR_dB outside: -5.86722
  [dbg] L_in=380.514  L_out=13.7019  L_uniform=547.728  L_min_j=[0]  L_spread=[0]
  Iter  42/100  loss=3859.9111  (1.2s)
  [dbg] mean SINR_dB inside : 5.16096
  [dbg] mean SINR_dB outside: -5.81076
  [dbg] L_in=383.722  L_out=14.1496  L_uniform=556.274  L_min_j=[0]  L_spread=[0]
  Iter  43/100  loss=3892.8459  (1.2s)
  [dbg] mean SINR_dB inside : 5.29079
  [dbg] mean SINR_dB outside: -5.86144
  [dbg] L_in=372.045  L_out=13.895  L_uniform=539.122  L_min_j=[0]  L_spread=[0]
  Iter  44/100  loss=3774.3630  (1.2s)
  [dbg] mean SINR_dB inside : 5.25153
  [dbg] mean SINR_dB outside: -5.82399
  [dbg] L_in=375.611  L_out=14.3803  L_uniform=544.396  L_min_j=[0]  L_spread=[0]
  Iter  45/100  loss=3810.5449  (1.1s)
  [dbg] mean SINR_dB inside : 5.30744
  [dbg] mean SINR_dB outside: -5.76038
  [dbg] L_in=375.847  L_out=14.3162  L_uniform=547.543  L_min_j=[0]  L_spread=[0]
  Iter  46/100  loss=3813.2275  (1.1s)
  [dbg] mean SINR_dB inside : 5.21485
  [dbg] mean SINR_dB outside: -5.62978
  [dbg] L_in=379.411  L_out=14.4814  L_uniform=550.316  L_min_j=[0]  L_spread=[0]
  Iter  47/100  loss=3849.1448  (1.2s)
  [dbg] mean SINR_dB inside : 5.5125
  [dbg] mean SINR_dB outside: -5.53468
  [dbg] L_in=364.091  L_out=14.7152  L_uniform=533.768  L_min_j=[0]  L_spread=[0]
  Iter  48/100  loss=3694.2898  (1.1s)
  [dbg] mean SINR_dB inside : 5.43292
  [dbg] mean SINR_dB outside: -5.47902
  [dbg] L_in=367.461  L_out=14.8383  L_uniform=536.749  L_min_j=[0]  L_spread=[0]
  Iter  49/100  loss=3728.2839  (1.2s)
  [dbg] mean SINR_dB inside : 5.51694
  [dbg] mean SINR_dB outside: -5.53811
  [dbg] L_in=363.34  L_out=14.7421  L_uniform=532.511  L_min_j=[0]  L_spread=[0]
  Iter  50/100  loss=3686.6477  (1.2s)
  [dbg] mean SINR_dB inside : 5.64116
  [dbg] mean SINR_dB outside: -5.46978
  [dbg] L_in=360.543  L_out=14.999  L_uniform=532.752  L_min_j=[0]  L_spread=[0]
  Iter  51/100  loss=3658.7090  (1.1s)
  [dbg] mean SINR_dB inside : 5.46615
  [dbg] mean SINR_dB outside: -5.43982
  [dbg] L_in=367.974  L_out=15.117  L_uniform=539.414  L_min_j=[0]  L_spread=[0]
  Iter  52/100  loss=3733.6792  (1.2s)
  [dbg] mean SINR_dB inside : 5.41912
  [dbg] mean SINR_dB outside: -5.35442
  [dbg] L_in=372.556  L_out=15.4611  L_uniform=546.352  L_min_j=[0]  L_spread=[0]
  Iter  53/100  loss=3780.1990  (1.1s)
  [dbg] mean SINR_dB inside : 5.50501
  [dbg] mean SINR_dB outside: -5.39163
  [dbg] L_in=365.482  L_out=15.4333  L_uniform=536.264  L_min_j=[0]  L_spread=[0]
  Iter  54/100  loss=3708.4509  (1.1s)
  [dbg] mean SINR_dB inside : 5.60775
  [dbg] mean SINR_dB outside: -5.35225
  [dbg] L_in=362.146  L_out=15.0438  L_uniform=534.423  L_min_j=[0]  L_spread=[0]
  Iter  55/100  loss=3674.9053  (1.1s)
  [dbg] mean SINR_dB inside : 5.86339
  [dbg] mean SINR_dB outside: -5.34213
  [dbg] L_in=347.111  L_out=15.4214  L_uniform=516.282  L_min_j=[0]  L_spread=[0]
  Iter  56/100  loss=3522.7427  (1.2s)
  [dbg] mean SINR_dB inside : 5.73387
  [dbg] mean SINR_dB outside: -5.30606
  [dbg] L_in=356.756  L_out=15.1553  L_uniform=529.573  L_min_j=[0]  L_spread=[0]
  Iter  57/100  loss=3620.5193  (1.2s)
  [dbg] mean SINR_dB inside : 5.78332
  [dbg] mean SINR_dB outside: -5.26086
  [dbg] L_in=354.074  L_out=15.5622  L_uniform=526.459  L_min_j=[0]  L_spread=[0]
  Iter  58/100  loss=3593.3899  (1.2s)
  [dbg] mean SINR_dB inside : 5.76185
  [dbg] mean SINR_dB outside: -5.28235
  [dbg] L_in=356.74  L_out=15.7917  L_uniform=530.882  L_min_j=[0]  L_spread=[0]
  Iter  59/100  loss=3620.4868  (1.4s)
  [dbg] mean SINR_dB inside : 5.67885
  [dbg] mean SINR_dB outside: -5.18356
  [dbg] L_in=357.238  L_out=15.6017  L_uniform=527.997  L_min_j=[0]  L_spread=[0]
  Iter  60/100  loss=3625.1772  (1.4s)
  [dbg] mean SINR_dB inside : 5.88149
  [dbg] mean SINR_dB outside: -5.11923
  [dbg] L_in=351.237  L_out=15.7968  L_uniform=525.425  L_min_j=[0]  L_spread=[0]
  Iter  61/100  loss=3564.9106  (1.4s)
  [dbg] mean SINR_dB inside : 5.94579
  [dbg] mean SINR_dB outside: -5.09326
  [dbg] L_in=346.456  L_out=15.8876  L_uniform=518.828  L_min_j=[0]  L_spread=[0]
  Iter  62/100  loss=3516.4412  (1.4s)
  [dbg] mean SINR_dB inside : 5.85233
  [dbg] mean SINR_dB outside: -5.08117
  [dbg] L_in=350.864  L_out=15.8997  L_uniform=523.328  L_min_j=[0]  L_spread=[0]
  Iter  63/100  loss=3560.9707  (1.4s)
  [dbg] mean SINR_dB inside : 5.7864
  [dbg] mean SINR_dB outside: -4.98406
  [dbg] L_in=353.732  L_out=16.2318  L_uniform=526.063  L_min_j=[0]  L_spread=[0]
  Iter  64/100  loss=3589.9216  (1.4s)
  [dbg] mean SINR_dB inside : 5.91409
  [dbg] mean SINR_dB outside: -5.02325
  [dbg] L_in=347.868  L_out=16.2743  L_uniform=520.207  L_min_j=[0]  L_spread=[0]
  Iter  65/100  loss=3530.7029  (1.4s)
  [dbg] mean SINR_dB inside : 6.02454
  [dbg] mean SINR_dB outside: -5.00308
  [dbg] L_in=341.406  L_out=16.1717  L_uniform=512.428  L_min_j=[0]  L_spread=[0]
  Iter  66/100  loss=3465.3010  (1.4s)
  [dbg] mean SINR_dB inside : 5.90411
  [dbg] mean SINR_dB outside: -5.05885
  [dbg] L_in=347.877  L_out=16.121  L_uniform=519.786  L_min_j=[0]  L_spread=[0]
  Iter  67/100  loss=3530.7490  (1.4s)
  [dbg] mean SINR_dB inside : 6.12669
  [dbg] mean SINR_dB outside: -4.87652
  [dbg] L_in=334.608  L_out=16.4535  L_uniform=503.491  L_min_j=[0]  L_spread=[0]
  Iter  68/100  loss=3396.4333  (1.4s)
  [dbg] mean SINR_dB inside : 6.15125
  [dbg] mean SINR_dB outside: -4.97872
  [dbg] L_in=337.487  L_out=16.3995  L_uniform=510.433  L_min_j=[0]  L_spread=[0]
  Iter  69/100  loss=3425.9089  (1.4s)
  [dbg] mean SINR_dB inside : 6.02052
  [dbg] mean SINR_dB outside: -4.95314
  [dbg] L_in=340.604  L_out=16.3313  L_uniform=510.603  L_min_j=[0]  L_spread=[0]
  Iter  70/100  loss=3457.0962  (1.3s)
  [dbg] mean SINR_dB inside : 5.95538
  [dbg] mean SINR_dB outside: -4.96682
  [dbg] L_in=344.416  L_out=16.2766  L_uniform=515.232  L_min_j=[0]  L_spread=[0]
  Iter  71/100  loss=3495.6848  (1.4s)
  [dbg] mean SINR_dB inside : 6.15676
  [dbg] mean SINR_dB outside: -4.81949
  [dbg] L_in=340.325  L_out=16.4183  L_uniform=516.405  L_min_j=[0]  L_spread=[0]
  Iter  72/100  loss=3454.8906  (1.3s)
  [dbg] mean SINR_dB inside : 6.14084
  [dbg] mean SINR_dB outside: -4.94046
  [dbg] L_in=334.412  L_out=16.7412  L_uniform=503.835  L_min_j=[0]  L_spread=[0]
  Iter  73/100  loss=3394.4998  (1.3s)
  [dbg] mean SINR_dB inside : 6.02787
  [dbg] mean SINR_dB outside: -4.84609
  [dbg] L_in=341.938  L_out=16.4904  L_uniform=513.701  L_min_j=[0]  L_spread=[0]
  Iter  74/100  loss=3470.7512  (1.3s)
  [dbg] mean SINR_dB inside : 6.16188
  [dbg] mean SINR_dB outside: -4.92754
  [dbg] L_in=335.429  L_out=16.4248  L_uniform=506.796  L_min_j=[0]  L_spread=[0]
  Iter  75/100  loss=3404.9670  (1.4s)
  [dbg] mean SINR_dB inside : 6.10811
  [dbg] mean SINR_dB outside: -4.8412
  [dbg] L_in=335.94  L_out=16.4869  L_uniform=505.352  L_min_j=[0]  L_spread=[0]
  Iter  76/100  loss=3409.9309  (1.4s)
  [dbg] mean SINR_dB inside : 6.10165
  [dbg] mean SINR_dB outside: -4.7884
  [dbg] L_in=337.999  L_out=16.6591  L_uniform=509.214  L_min_j=[0]  L_spread=[0]
  Iter  77/100  loss=3430.9070  (1.3s)
  [dbg] mean SINR_dB inside : 6.05932
  [dbg] mean SINR_dB outside: -4.92689
  [dbg] L_in=341.159  L_out=17.0523  L_uniform=513.609  L_min_j=[0]  L_spread=[0]
  Iter  78/100  loss=3462.9460  (1.4s)
  [dbg] mean SINR_dB inside : 6.14968
  [dbg] mean SINR_dB outside: -4.91266
  [dbg] L_in=336.367  L_out=16.4818  L_uniform=508.147  L_min_j=[0]  L_spread=[0]
  Iter  79/100  loss=3414.4814  (1.4s)
  [dbg] mean SINR_dB inside : 6.38449
  [dbg] mean SINR_dB outside: -4.84769
  [dbg] L_in=323.934  L_out=16.194  L_uniform=493.908  L_min_j=[0]  L_spread=[0]
  Iter  80/100  loss=3288.7346  (1.2s)
  [dbg] mean SINR_dB inside : 6.11316
  [dbg] mean SINR_dB outside: -4.78295
  [dbg] L_in=340.209  L_out=16.6785  L_uniform=514.163  L_min_j=[0]  L_spread=[0]
  Iter  81/100  loss=3453.5073  (1.8s)
  [dbg] mean SINR_dB inside : 5.99195
  [dbg] mean SINR_dB outside: -4.84053
  [dbg] L_in=345.945  L_out=16.4242  L_uniform=520.043  L_min_j=[0]  L_spread=[0]
  Iter  82/100  loss=3511.4546  (1.5s)
  [dbg] mean SINR_dB inside : 6.17596
  [dbg] mean SINR_dB outside: -4.77485
  [dbg] L_in=336.101  L_out=16.7323  L_uniform=508.817  L_min_j=[0]  L_spread=[0]
  Iter  83/100  loss=3411.8882  (1.4s)
  [dbg] mean SINR_dB inside : 5.82498
  [dbg] mean SINR_dB outside: -4.81466
  [dbg] L_in=352.289  L_out=16.776  L_uniform=525.036  L_min_j=[0]  L_spread=[0]
  Iter  84/100  loss=3575.3984  (1.3s)
  [dbg] mean SINR_dB inside : 6.08835
  [dbg] mean SINR_dB outside: -4.80536
  [dbg] L_in=338.08  L_out=16.7896  L_uniform=508.745  L_min_j=[0]  L_spread=[0]
  Iter  85/100  loss=3431.6768  (1.4s)
  [dbg] mean SINR_dB inside : 6.04613
  [dbg] mean SINR_dB outside: -4.75642
  [dbg] L_in=342.888  L_out=16.7764  L_uniform=516.48  L_min_j=[0]  L_spread=[0]
  Iter  86/100  loss=3480.5312  (1.3s)
  [dbg] mean SINR_dB inside : 6.20984
  [dbg] mean SINR_dB outside: -4.78167
  [dbg] L_in=332.983  L_out=16.413  L_uniform=504.164  L_min_j=[0]  L_spread=[0]
  Iter  87/100  loss=3380.2424  (1.3s)
  [dbg] mean SINR_dB inside : 6.18041
  [dbg] mean SINR_dB outside: -4.86364
  [dbg] L_in=334.523  L_out=16.908  L_uniform=505.876  L_min_j=[0]  L_spread=[0]
  Iter  88/100  loss=3395.8213  (1.4s)
  [dbg] mean SINR_dB inside : 6.27595
  [dbg] mean SINR_dB outside: -4.88643
  [dbg] L_in=328.633  L_out=16.7061  L_uniform=498.47  L_min_j=[0]  L_spread=[0]
  Iter  89/100  loss=3336.1777  (1.4s)
  [dbg] mean SINR_dB inside : 6.19537
  [dbg] mean SINR_dB outside: -4.74951
  [dbg] L_in=333.272  L_out=17.1422  L_uniform=504.085  L_min_j=[0]  L_spread=[0]
  Iter  90/100  loss=3383.1272  (1.4s)
  [dbg] mean SINR_dB inside : 6.11954
  [dbg] mean SINR_dB outside: -4.8543
  [dbg] L_in=338.427  L_out=16.6614  L_uniform=510.861  L_min_j=[0]  L_spread=[0]
  Iter  91/100  loss=3435.3545  (1.4s)
  [dbg] mean SINR_dB inside : 6.16993
  [dbg] mean SINR_dB outside: -4.82447
  [dbg] L_in=334.412  L_out=16.4564  L_uniform=505.121  L_min_j=[0]  L_spread=[0]
  Iter  92/100  loss=3394.6289  (1.4s)
  [dbg] mean SINR_dB inside : 5.99456
  [dbg] mean SINR_dB outside: -4.84306
  [dbg] L_in=343.05  L_out=16.4855  L_uniform=514.422  L_min_j=[0]  L_spread=[0]
  Iter  93/100  loss=3481.9424  (1.4s)
  [dbg] mean SINR_dB inside : 5.86872
  [dbg] mean SINR_dB outside: -4.90348
  [dbg] L_in=349.013  L_out=16.4317  L_uniform=520.519  L_min_j=[0]  L_spread=[0]
  Iter  94/100  loss=3542.1794  (1.4s)
  [dbg] mean SINR_dB inside : 5.97369
  [dbg] mean SINR_dB outside: -4.90188
  [dbg] L_in=343.726  L_out=16.6116  L_uniform=514.774  L_min_j=[0]  L_spread=[0]
  Iter  95/100  loss=3488.7344  (1.4s)
  [dbg] mean SINR_dB inside : 5.92032
  [dbg] mean SINR_dB outside: -4.8063
  [dbg] L_in=346.64  L_out=16.5605  L_uniform=518.097  L_min_j=[0]  L_spread=[0]
  Iter  96/100  loss=3518.2114  (1.4s)
  [dbg] mean SINR_dB inside : 6.05602
  [dbg] mean SINR_dB outside: -4.82413
  [dbg] L_in=339.288  L_out=17.2528  L_uniform=509.719  L_min_j=[0]  L_spread=[0]
  Iter  97/100  loss=3443.8508  (1.4s)
  [dbg] mean SINR_dB inside : 6.0192
  [dbg] mean SINR_dB outside: -4.82412
  [dbg] L_in=341.901  L_out=16.8046  L_uniform=513.223  L_min_j=[0]  L_spread=[0]
  Iter  98/100  loss=3470.3357  (1.4s)
  [dbg] mean SINR_dB inside : 6.09319
  [dbg] mean SINR_dB outside: -4.86834
  [dbg] L_in=337.735  L_out=16.8149  L_uniform=508.333  L_min_j=[0]  L_spread=[0]
  Iter  99/100  loss=3428.1787  (1.1s)
  [dbg] mean SINR_dB inside : 6.01938
  [dbg] mean SINR_dB outside: -4.88133
  [dbg] L_in=344.728  L_out=16.8163  L_uniform=518.913  L_min_j=[0]  L_spread=[0]
  Iter 100/100  loss=3499.1680  (1.1s)[0m[31m2026-05-24 23:11:59 WARN  [HDRFilm] Monochrome mode enabled, setting film output pixel format to 'luminance' (was rgb).


======================================================================
OPTIMIZATION COMPLETE  (150.6s)
  bs_0: Az=258.0°, El=-6.2°, pos=(74.5, 551.1)
  bs_1: Az=157.3°, El=-7.1°, pos=(362.7, -283.7)
  bs_2: Az=339.1°, El=-9.0°, pos=(-424.5, 108.6)
  bs_3: Az=106.2°, El=-6.7°, pos=(153.8, -706.1)
======================================================================

  Warm-up: 150.6s total, 1.51s/iter
  Run 2: Joint optimization (100 iter, BS positions frozen)
-700.0

======================================================================
MULTI-TX SIR OPTIMIZATION  (4 transmitters)
======================================================================
Pre-created 2161 receivers (500 inside + 1661 outside) across 4 base stations
Tx Position: [-311.24993896484375, -125.50519561767578, 50.0]
look_at_position: [-1.7955866425341074, -46.87210097621793, 1.5]
Tx Position: [-273.8194274902344, -592.1390380859375, 50.0]
look_at_position: [-1.7955866425341074, -46.87210097621793, 1.5]
Tx Position: [313.7500915527344, -800.6471557617188, 50.0]
look_at_position: [-1.7955866425341074, -46.87210097621793, 1.5]
Tx Position: [350.51385498046875, -72.47750854492188, 50.0]
look_at_position: [-1.7955866425341074, -46.87210097621793, 1.5]
Tx Position: [358.9024353027344, -46.872100830078125, 50.0]
look_at_position: [-1.7955866425341074, -46.87210097621793, 1.5]
Tx Position: [477.5899963378906, 48.483619689941406, 50.0]
look_at_position: [-1.7955866425341074, -46.87210097621793, 1.5]
Tx Position: [0.6326108574867249, 720.7990112304688, 50.0]
look_at_position: [-1.7955866425341074, -46.87210097621793, 1.5]
Tx Position: [-358.0230407714844, 514.0289916992188, 50.0]
look_at_position: [-1.7955866425341074, -46.87210097621793, 1.5]
  [dbg] mean SINR_dB inside : -6.42179
  [dbg] mean SINR_dB outside: -19.5873
  [dbg] L_in=973.922  L_out=-136.273  L_uniform=1050.14  L_min_j=0.5  L_spread=[0]
  Iter   1/100  loss=6533.6665  (12.1s)
  [dbg] mean SINR_dB inside : -3.49505
  [dbg] mean SINR_dB outside: -14.4588
  [dbg] L_in=815.23  L_out=-98.2246  L_uniform=931.53  L_min_j=0.475021  L_spread=[0]
  Iter   2/100  loss=5632.7510  (3.6s)
  [dbg] mean SINR_dB inside : -3.24536
  [dbg] mean SINR_dB outside: -14.3167
  [dbg] L_in=802.577  L_out=-97.3068  L_uniform=922.386  L_min_j=0.451797  L_spread=[0]
  Iter   3/100  loss=5539.7827  (3.3s)
  [dbg] mean SINR_dB inside : -2.93783
  [dbg] mean SINR_dB outside: -14.2321
  [dbg] L_in=785.943  L_out=-96.8527  L_uniform=908.855  L_min_j=0.429532  L_spread=[0]
  Iter   4/100  loss=5409.8989  (3.2s)
  [dbg] mean SINR_dB inside : -2.57748
  [dbg] mean SINR_dB outside: -14.03
  [dbg] L_in=766.881  L_out=-95.3556  L_uniform=893.617  L_min_j=0.408336  L_spread=[0]
  Iter   5/100  loss=5270.8506  (3.2s)
  [dbg] mean SINR_dB inside : -1.96579
  [dbg] mean SINR_dB outside: -13.8179
  [dbg] L_in=730.001  L_out=-93.9313  L_uniform=858.113  L_min_j=0.388154  L_spread=[0]
  Iter   6/100  loss=4986.5098  (3.2s)
  [dbg] mean SINR_dB inside : -1.81182
  [dbg] mean SINR_dB outside: -13.5118
  [dbg] L_in=721.917  L_out=-91.8616  L_uniform=851.452  L_min_j=0.368839  L_spread=[0]
  Iter   7/100  loss=4941.8657  (3.2s)
  [dbg] mean SINR_dB inside : -1.62347
  [dbg] mean SINR_dB outside: -13.3765
  [dbg] L_in=714.072  L_out=-91.1108  L_uniform=847.329  L_min_j=0.350783  L_spread=[0]
  Iter   8/100  loss=4886.1978  (3.2s)
  [dbg] mean SINR_dB inside : -1.18113
  [dbg] mean SINR_dB outside: -13.1967
  [dbg] L_in=686.032  L_out=-89.9932  L_uniform=818.145  L_min_j=0.334239  L_spread=[0]
  Iter   9/100  loss=4670.1411  (3.1s)
  [dbg] mean SINR_dB inside : -1.33415
  [dbg] mean SINR_dB outside: -13.0544
  [dbg] L_in=700.249  L_out=-89.1014  L_uniform=837.314  L_min_j=0.319454  L_spread=[0]
  Iter  10/100  loss=4794.7119  (3.2s)
  [dbg] mean SINR_dB inside : -1.23035
  [dbg] mean SINR_dB outside: -12.9637
  [dbg] L_in=691.153  L_out=-88.4842  L_uniform=825.406  L_min_j=0.30648  L_spread=[0]
  Iter  11/100  loss=4726.9204  (3.2s)
  [dbg] mean SINR_dB inside : -0.876827
  [dbg] mean SINR_dB outside: -12.9501
  [dbg] L_in=672.295  L_out=-88.4597  L_uniform=808.938  L_min_j=0.29519  L_spread=[0]
  Iter  12/100  loss=4574.6562  (3.4s)
  [dbg] mean SINR_dB inside : -0.711743
  [dbg] mean SINR_dB outside: -12.8324
  [dbg] L_in=661.64  L_out=-87.6589  L_uniform=797.464  L_min_j=0.285482  L_spread=[0]
  Iter  13/100  loss=4496.2788  (3.3s)
  [dbg] mean SINR_dB inside : -0.623301
  [dbg] mean SINR_dB outside: -12.5873
  [dbg] L_in=657.242  L_out=-85.9634  L_uniform=793.913  L_min_j=0.277188  L_spread=[0]
  Iter  14/100  loss=4477.6904  (3.4s)
  [dbg] mean SINR_dB inside : -0.829444
  [dbg] mean SINR_dB outside: -12.537
  [dbg] L_in=669.046  L_out=-85.5149  L_uniform=805.267  L_min_j=0.270166  L_spread=[0]
  Iter  15/100  loss=4577.7446  (3.5s)
  [dbg] mean SINR_dB inside : -0.529931
  [dbg] mean SINR_dB outside: -12.3446
  [dbg] L_in=650.474  L_out=-84.1509  L_uniform=785.903  L_min_j=0.264301  L_spread=[0]
  Iter  16/100  loss=4440.8726  (3.4s)
  [dbg] mean SINR_dB inside : -0.488397
  [dbg] mean SINR_dB outside: -12.2245
  [dbg] L_in=649.747  L_out=-83.3115  L_uniform=786.898  L_min_j=0.259472  L_spread=[0]
  Iter  17/100  loss=4443.5498  (3.3s)
  [dbg] mean SINR_dB inside : -0.440035
  [dbg] mean SINR_dB outside: -12.1799
  [dbg] L_in=651.106  L_out=-82.9936  L_uniform=792.466  L_min_j=0.255473  L_spread=[0]
  Iter  18/100  loss=4458.1577  (3.3s)
  [dbg] mean SINR_dB inside : -0.254286
  [dbg] mean SINR_dB outside: -12.0929
  [dbg] L_in=639.154  L_out=-82.3159  L_uniform=779.464  L_min_j=0.252274  L_spread=[0]
  Iter  19/100  loss=4368.0190  (3.3s)
  [dbg] mean SINR_dB inside : -0.376809
  [dbg] mean SINR_dB outside: -12.0003
  [dbg] L_in=643.793  L_out=-81.6625  L_uniform=781.557  L_min_j=0.249769  L_spread=[0]
  Iter  20/100  loss=4411.8765  (3.2s)
  [dbg] mean SINR_dB inside : -0.361214
  [dbg] mean SINR_dB outside: -11.9151
  [dbg] L_in=644.502  L_out=-81.1733  L_uniform=783.89  L_min_j=0.247855  L_spread=[0]
  Iter  21/100  loss=4422.6738  (3.1s)
  [dbg] mean SINR_dB inside : -0.422402
  [dbg] mean SINR_dB outside: -11.744
  [dbg] L_in=650.964  L_out=-80.1229  L_uniform=793.219  L_min_j=0.246494  L_spread=[0]
  Iter  22/100  loss=4485.8062  (3.1s)
  [dbg] mean SINR_dB inside : -0.0952504
  [dbg] mean SINR_dB outside: -11.9228
  [dbg] L_in=630.002  L_out=-81.4705  L_uniform=770.435  L_min_j=0.24557  L_spread=[0]
  Iter  23/100  loss=4302.3521  (3.1s)
  [dbg] mean SINR_dB inside : 0.160376
  [dbg] mean SINR_dB outside: -11.8111
  [dbg] L_in=616.316  L_out=-80.7241  L_uniform=757.876  L_min_j=0.245039  L_spread=[0]
  Iter  24/100  loss=4199.0786  (3.2s)
  [dbg] mean SINR_dB inside : 0.0948498
  [dbg] mean SINR_dB outside: -11.7716
  [dbg] L_in=622.092  L_out=-80.5234  L_uniform=765.645  L_min_j=0.244899  L_spread=[0]
  Iter  25/100  loss=4248.0703  (3.2s)
  [dbg] mean SINR_dB inside : 0.414102
  [dbg] mean SINR_dB outside: -11.7902
  [dbg] L_in=600.476  L_out=-80.6041  L_uniform=740.764  L_min_j=0.245142  L_spread=[0]
  Iter  26/100  loss=4071.8403  (3.1s)
  [dbg] mean SINR_dB inside : 0.244707
  [dbg] mean SINR_dB outside: -11.6811
  [dbg] L_in=612.399  L_out=-79.8495  L_uniform=754.897  L_min_j=0.245733  L_spread=[0]
  Iter  27/100  loss=4176.1890  (3.1s)
  [dbg] mean SINR_dB inside : 0.527877
  [dbg] mean SINR_dB outside: -11.6563
  [dbg] L_in=597.751  L_out=-79.6666  L_uniform=741.805  L_min_j=0.246642  L_spread=[0]
  Iter  28/100  loss=4059.5215  (3.1s)
  [dbg] mean SINR_dB inside : 0.70922
  [dbg] mean SINR_dB outside: -11.6358
  [dbg] L_in=588.072  L_out=-79.5761  L_uniform=732.741  L_min_j=0.247795  L_spread=[0]
  Iter  29/100  loss=3982.0891  (3.1s)
  [dbg] mean SINR_dB inside : 0.581637
  [dbg] mean SINR_dB outside: -11.4648
  [dbg] L_in=595.728  L_out=-78.3174  L_uniform=740.817  L_min_j=0.249139  L_spread=[0]
  Iter  30/100  loss=4056.7292  (3.1s)
  [dbg] mean SINR_dB inside : 0.84715
  [dbg] mean SINR_dB outside: -11.4253
  [dbg] L_in=581.249  L_out=-77.9757  L_uniform=726.88  L_min_j=0.250631  L_spread=[0]
  Iter  31/100  loss=3942.9219  (3.1s)
  [dbg] mean SINR_dB inside : 0.620753
  [dbg] mean SINR_dB outside: -11.356
  [dbg] L_in=598.635  L_out=-77.4401  L_uniform=748.852  L_min_j=0.252278  L_spread=[0]
  Iter  32/100  loss=4089.5630  (3.1s)
  [dbg] mean SINR_dB inside : 0.976607
  [dbg] mean SINR_dB outside: -11.3018
  [dbg] L_in=575.607  L_out=-77.0034  L_uniform=722.869  L_min_j=0.254026  L_spread=[0]
  Iter  33/100  loss=3907.1125  (3.1s)
  [dbg] mean SINR_dB inside : 0.723451
  [dbg] mean SINR_dB outside: -11.289
  [dbg] L_in=593.834  L_out=-76.8811  L_uniform=745.069  L_min_j=0.255848  L_spread=[0]
  Iter  34/100  loss=4056.3640  (3.1s)
  [dbg] mean SINR_dB inside : 0.952906
  [dbg] mean SINR_dB outside: -11.2762
  [dbg] L_in=577.872  L_out=-76.7309  L_uniform=726.069  L_min_j=0.257717  L_spread=[0]
  Iter  35/100  loss=3928.2717  (3.1s)
  [dbg] mean SINR_dB inside : 0.83814
  [dbg] mean SINR_dB outside: -11.1745
  [dbg] L_in=588.584  L_out=-75.9578  L_uniform=741.044  L_min_j=0.259703  L_spread=[0]
  Iter  36/100  loss=4023.1995  (3.1s)
  [dbg] mean SINR_dB inside : 0.996621
  [dbg] mean SINR_dB outside: -11.1175
  [dbg] L_in=579.501  L_out=-75.5815  L_uniform=731.778  L_min_j=0.261817  L_spread=[0]
  Iter  37/100  loss=3953.3716  (3.1s)
  [dbg] mean SINR_dB inside : 1.13357
  [dbg] mean SINR_dB outside: -11.0741
  [dbg] L_in=568.281  L_out=-75.2158  L_uniform=716.989  L_min_j=0.264035  L_spread=[0]
  Iter  38/100  loss=3865.7883  (3.1s)
  [dbg] mean SINR_dB inside : 1.20179
  [dbg] mean SINR_dB outside: -11.118
  [dbg] L_in=569.788  L_out=-75.5729  L_uniform=723.799  L_min_j=0.266334  L_spread=[0]
  Iter  39/100  loss=3874.9526  (3.1s)
  [dbg] mean SINR_dB inside : 1.33362
  [dbg] mean SINR_dB outside: -10.9894
  [dbg] L_in=558.83  L_out=-74.5522  L_uniform=709.197  L_min_j=0.268766  L_spread=[0]
  Iter  40/100  loss=3796.0383  (3.1s)
  [dbg] mean SINR_dB inside : 1.40469
  [dbg] mean SINR_dB outside: -10.9133
  [dbg] L_in=553.957  L_out=-73.9949  L_uniform=703.377  L_min_j=0.271343  L_spread=[0]
  Iter  41/100  loss=3762.0420  (3.1s)
  [dbg] mean SINR_dB inside : 1.4273
  [dbg] mean SINR_dB outside: -10.8377
  [dbg] L_in=555.46  L_out=-73.5014  L_uniform=707.63  L_min_j=0.273915  L_spread=[0]
  Iter  42/100  loss=3779.4272  (3.1s)
  [dbg] mean SINR_dB inside : 1.68087
  [dbg] mean SINR_dB outside: -10.8697
  [dbg] L_in=540.154  L_out=-73.6749  L_uniform=690.937  L_min_j=0.27658  L_spread=[0]
  Iter  43/100  loss=3653.5796  (3.1s)
  [dbg] mean SINR_dB inside : 1.6985
  [dbg] mean SINR_dB outside: -10.9051
  [dbg] L_in=539.907  L_out=-73.8841  L_uniform=691.407  L_min_j=0.27938  L_spread=[0]
  Iter  44/100  loss=3649.5557  (3.1s)
  [dbg] mean SINR_dB inside : 1.58581
  [dbg] mean SINR_dB outside: -10.7609
  [dbg] L_in=547.242  L_out=-72.833  L_uniform=699.913  L_min_j=0.282288  L_spread=[0]
  Iter  45/100  loss=3719.5999  (3.2s)
  [dbg] mean SINR_dB inside : 1.74471
  [dbg] mean SINR_dB outside: -10.6529
  [dbg] L_in=536.966  L_out=-72.1366  L_uniform=688.046  L_min_j=0.285319  L_spread=[0]
  Iter  46/100  loss=3643.1685  (3.1s)
  [dbg] mean SINR_dB inside : 1.84967
  [dbg] mean SINR_dB outside: -10.76
  [dbg] L_in=532.546  L_out=-72.8755  L_uniform=684.922  L_min_j=0.288445  L_spread=[0]
  Iter  47/100  loss=3600.1021  (3.1s)
  [dbg] mean SINR_dB inside : 1.66482
  [dbg] mean SINR_dB outside: -10.6824
  [dbg] L_in=544.79  L_out=-72.2215  L_uniform=699.338  L_min_j=0.291558  L_spread=[0]
  Iter  48/100  loss=3706.0374  (3.1s)
  [dbg] mean SINR_dB inside : 1.7321
  [dbg] mean SINR_dB outside: -10.6307
  [dbg] L_in=541.529  L_out=-71.9209  L_uniform=696.492  L_min_j=0.294798  L_spread=[0]
  Iter  49/100  loss=3682.6743  (3.1s)
  [dbg] mean SINR_dB inside : 1.80935
  [dbg] mean SINR_dB outside: -10.4907
  [dbg] L_in=537.257  L_out=-70.8542  L_uniform=692.155  L_min_j=0.298095  L_spread=[0]
  Iter  50/100  loss=3658.7292  (3.1s)
  [dbg] mean SINR_dB inside : 1.77948
  [dbg] mean SINR_dB outside: -10.5047
  [dbg] L_in=540.882  L_out=-70.894  L_uniform=697.783  L_min_j=0.301434  L_spread=[0]
  Iter  51/100  loss=3687.8901  (3.1s)
  [dbg] mean SINR_dB inside : 1.93726
  [dbg] mean SINR_dB outside: -10.375
  [dbg] L_in=531.547  L_out=-70.0437  L_uniform=687.676  L_min_j=0.304745  L_spread=[0]
  Iter  52/100  loss=3620.7041  (3.1s)
  [dbg] mean SINR_dB inside : 1.88356
  [dbg] mean SINR_dB outside: -10.3376
  [dbg] L_in=535.177  L_out=-69.7132  L_uniform=692.03  L_min_j=0.308048  L_spread=[0]
  Iter  53/100  loss=3653.4829  (3.1s)
  [dbg] mean SINR_dB inside : 1.88486
  [dbg] mean SINR_dB outside: -10.3671
  [dbg] L_in=535.252  L_out=-69.8867  L_uniform=692.25  L_min_j=0.311225  L_spread=[0]
  Iter  54/100  loss=3652.3708  (3.1s)
  [dbg] mean SINR_dB inside : 1.81292
  [dbg] mean SINR_dB outside: -10.2727
  [dbg] L_in=540.217  L_out=-69.1329  L_uniform=698.278  L_min_j=0.314317  L_spread=[0]
  Iter  55/100  loss=3700.2385  (3.2s)
  [dbg] mean SINR_dB inside : 1.72375
  [dbg] mean SINR_dB outside: -10.2715
  [dbg] L_in=547.78  L_out=-69.1325  L_uniform=708.547  L_min_j=0.317262  L_spread=[0]
  Iter  56/100  loss=3761.7717  (3.1s)
  [dbg] mean SINR_dB inside : 2.05595
  [dbg] mean SINR_dB outside: -10.2344
  [dbg] L_in=527.46  L_out=-68.7414  L_uniform=685.919  L_min_j=0.320098  L_spread=[0]
  Iter  57/100  loss=3600.8579  (3.3s)
  [dbg] mean SINR_dB inside : 2.1649
  [dbg] mean SINR_dB outside: -10.2344
  [dbg] L_in=518.361  L_out=-68.7566  L_uniform=673.583  L_min_j=0.322875  L_spread=[0]
  Iter  58/100  loss=3526.6841  (3.1s)
  [dbg] mean SINR_dB inside : 2.15559
  [dbg] mean SINR_dB outside: -10.1078
  [dbg] L_in=522.777  L_out=-67.8164  L_uniform=681.919  L_min_j=0.325596  L_spread=[0]
  Iter  59/100  loss=3572.2466  (3.1s)
  [dbg] mean SINR_dB inside : 2.09553
  [dbg] mean SINR_dB outside: -10.0694
  [dbg] L_in=523.8  L_out=-67.489  L_uniform=680.736  L_min_j=0.328201  L_spread=[0]
  Iter  60/100  loss=3583.5840  (3.1s)
  [dbg] mean SINR_dB inside : 2.16339
  [dbg] mean SINR_dB outside: -10.1594
  [dbg] L_in=521.224  L_out=-68.2001  L_uniform=679.233  L_min_j=0.330676  L_spread=[0]
  Iter  61/100  loss=3555.7114  (3.1s)
  [dbg] mean SINR_dB inside : 2.17652
  [dbg] mean SINR_dB outside: -10.0736
  [dbg] L_in=520.569  L_out=-67.5866  L_uniform=678.627  L_min_j=0.333016  L_spread=[0]
  Iter  62/100  loss=3556.5500  (3.3s)
  [dbg] mean SINR_dB inside : 2.21686
  [dbg] mean SINR_dB outside: -10.0217
  [dbg] L_in=517.99  L_out=-67.2132  L_uniform=675.638  L_min_j=0.335202  L_spread=[0]
  Iter  63/100  loss=3539.3547  (2.9s)
  [dbg] mean SINR_dB inside : 2.42228
  [dbg] mean SINR_dB outside: -10.1025
  [dbg] L_in=508.25  L_out=-67.7222  L_uniform=667.119  L_min_j=0.337273  L_spread=[0]
  Iter  64/100  loss=3455.4912  (3.1s)
  [dbg] mean SINR_dB inside : 2.46382
  [dbg] mean SINR_dB outside: -9.95422
  [dbg] L_in=504.17  L_out=-66.6235  L_uniform=661.168  L_min_j=0.339227  L_spread=[0]
  Iter  65/100  loss=3433.2424  (3.1s)
  [dbg] mean SINR_dB inside : 2.34657
  [dbg] mean SINR_dB outside: -10.0391
  [dbg] L_in=512.81  L_out=-67.211  L_uniform=672.21  L_min_j=0.341116  L_spread=[0]
  Iter  66/100  loss=3497.5940  (3.1s)
  [dbg] mean SINR_dB inside : 2.42771
  [dbg] mean SINR_dB outside: -9.98804
  [dbg] L_in=510.769  L_out=-66.9131  L_uniform=672.449  L_min_j=0.342939  L_spread=[0]
  Iter  67/100  loss=3484.2666  (3.2s)
  [dbg] mean SINR_dB inside : 2.56507
  [dbg] mean SINR_dB outside: -9.9638
  [dbg] L_in=499.107  L_out=-66.7461  L_uniform=656.408  L_min_j=0.344657  L_spread=[0]
  Iter  68/100  loss=3391.0356  (2.9s)
  [dbg] mean SINR_dB inside : 2.37795
  [dbg] mean SINR_dB outside: -10.053
  [dbg] L_in=511.36  L_out=-67.3025  L_uniform=670.99  L_min_j=0.346267  L_spread=[0]
  Iter  69/100  loss=3484.9534  (3.1s)
  [dbg] mean SINR_dB inside : 2.38242
  [dbg] mean SINR_dB outside: -9.98443
  [dbg] L_in=511.225  L_out=-66.9658  L_uniform=670.958  L_min_j=0.347791  L_spread=[0]
  Iter  70/100  loss=3487.2354  (3.1s)
  [dbg] mean SINR_dB inside : 2.43087
  [dbg] mean SINR_dB outside: -9.91219
  [dbg] L_in=507.636  L_out=-66.4859  L_uniform=666.356  L_min_j=0.349229  L_spread=[0]
  Iter  71/100  loss=3462.8662  (3.1s)
  [dbg] mean SINR_dB inside : 2.66889
  [dbg] mean SINR_dB outside: -9.87044
  [dbg] L_in=494.725  L_out=-66.0717  L_uniform=653.133  L_min_j=0.350567  L_spread=[0]
  Iter  72/100  loss=3362.3984  (3.1s)
  [dbg] mean SINR_dB inside : 2.64744
  [dbg] mean SINR_dB outside: -9.83526
  [dbg] L_in=495.604  L_out=-65.809  L_uniform=653.751  L_min_j=0.351817  L_spread=[0]
  Iter  73/100  loss=3372.1177  (3.1s)
  [dbg] mean SINR_dB inside : 2.45788
  [dbg] mean SINR_dB outside: -9.92395
  [dbg] L_in=507.072  L_out=-66.3789  L_uniform=666.662  L_min_j=0.353016  L_spread=[0]
  Iter  74/100  loss=3459.4490  (3.1s)
  [dbg] mean SINR_dB inside : 2.56424
  [dbg] mean SINR_dB outside: -9.85768
  [dbg] L_in=502.069  L_out=-65.9291  L_uniform=662.292  L_min_j=0.354134  L_spread=[0]
  Iter  75/100  loss=3423.4868  (3.1s)
  [dbg] mean SINR_dB inside : 2.40877
  [dbg] mean SINR_dB outside: -9.83693
  [dbg] L_in=511.689  L_out=-65.77  L_uniform=673.287  L_min_j=0.355181  L_spread=[0]
  Iter  76/100  loss=3503.1414  (3.1s)
  [dbg] mean SINR_dB inside : 2.48699
  [dbg] mean SINR_dB outside: -9.85957
  [dbg] L_in=507.509  L_out=-65.9414  L_uniform=669.087  L_min_j=0.356142  L_spread=[0]
  Iter  77/100  loss=3467.5674  (3.1s)
  [dbg] mean SINR_dB inside : 2.53545
  [dbg] mean SINR_dB outside: -9.81231
  [dbg] L_in=503.298  L_out=-65.607  L_uniform=663.228  L_min_j=0.357008  L_spread=[0]
  Iter  78/100  loss=3436.6392  (3.1s)
  [dbg] mean SINR_dB inside : 2.63982
  [dbg] mean SINR_dB outside: -9.94693
  [dbg] L_in=498.91  L_out=-66.6213  L_uniform=659.971  L_min_j=0.357794  L_spread=[0]
  Iter  79/100  loss=3391.0657  (3.1s)
  [dbg] mean SINR_dB inside : 2.53394
  [dbg] mean SINR_dB outside: -9.77706
  [dbg] L_in=504.496  L_out=-65.3203  L_uniform=665.55  L_min_j=0.358506  L_spread=[0]
  Iter  80/100  loss=3449.3206  (3.1s)
  [dbg] mean SINR_dB inside : 2.48761
  [dbg] mean SINR_dB outside: -9.81418
  [dbg] L_in=508.98  L_out=-65.5813  L_uniform=672.061  L_min_j=0.359162  L_spread=[0]
  Iter  81/100  loss=3483.2344  (2.9s)
  [dbg] mean SINR_dB inside : 2.57405
  [dbg] mean SINR_dB outside: -9.80247
  [dbg] L_in=499.971  L_out=-65.5291  L_uniform=658.621  L_min_j=0.359759  L_spread=[0]
  Iter  82/100  loss=3410.3389  (3.1s)
  [dbg] mean SINR_dB inside : 2.50229
  [dbg] mean SINR_dB outside: -9.91706
  [dbg] L_in=506.67  L_out=-66.3421  L_uniform=668.224  L_min_j=0.360307  L_spread=[0]
  Iter  83/100  loss=3456.7581  (2.9s)
  [dbg] mean SINR_dB inside : 2.46831
  [dbg] mean SINR_dB outside: -9.86165
  [dbg] L_in=507.3  L_out=-65.9491  L_uniform=667.684  L_min_j=0.360806  L_spread=[0]
  Iter  84/100  loss=3465.6790  (2.9s)
  [dbg] mean SINR_dB inside : 2.55176
  [dbg] mean SINR_dB outside: -9.87674
  [dbg] L_in=504.91  L_out=-66.0144  L_uniform=667.318  L_min_j=0.361252  L_spread=[0]
  Iter  85/100  loss=3445.8706  (2.9s)
  [dbg] mean SINR_dB inside : 2.41356
  [dbg] mean SINR_dB outside: -9.8992
  [dbg] L_in=509.731  L_out=-66.2739  L_uniform=669.63  L_min_j=0.361647  L_spread=[0]
  Iter  86/100  loss=3482.0693  (3.1s)
  [dbg] mean SINR_dB inside : 2.55124
  [dbg] mean SINR_dB outside: -9.81466
  [dbg] L_in=503.086  L_out=-65.6156  L_uniform=663.638  L_min_j=0.36199  L_spread=[0]
  Iter  87/100  loss=3434.8926  (2.9s)
  [dbg] mean SINR_dB inside : 2.47474
  [dbg] mean SINR_dB outside: -9.83736
  [dbg] L_in=508.927  L_out=-65.7531  L_uniform=671.276  L_min_j=0.362294  L_spread=[0]
  Iter  88/100  loss=3481.0083  (3.1s)
  [dbg] mean SINR_dB inside : 2.38522
  [dbg] mean SINR_dB outside: -9.81541
  [dbg] L_in=512.844  L_out=-65.6059  L_uniform=674.349  L_min_j=0.362556  L_spread=[0]
  Iter  89/100  loss=3514.1260  (3.1s)
  [dbg] mean SINR_dB inside : 2.45643
  [dbg] mean SINR_dB outside: -9.83577
  [dbg] L_in=509.944  L_out=-65.681  L_uniform=672.333  L_min_j=0.362782  L_spread=[0]
  Iter  90/100  loss=3489.9761  (3.1s)
  [dbg] mean SINR_dB inside : 2.57496
  [dbg] mean SINR_dB outside: -9.78992
  [dbg] L_in=502.504  L_out=-65.4046  L_uniform=663.735  L_min_j=0.36298  L_spread=[0]
  Iter  91/100  loss=3432.3589  (3.1s)
  [dbg] mean SINR_dB inside : 2.59313
  [dbg] mean SINR_dB outside: -9.80441
  [dbg] L_in=500.698  L_out=-65.4648  L_uniform=661.082  L_min_j=0.363145  L_spread=[0]
  Iter  92/100  loss=3417.0427  (3.1s)
  [dbg] mean SINR_dB inside : 2.68865
  [dbg] mean SINR_dB outside: -9.82833
  [dbg] L_in=492.545  L_out=-65.7488  L_uniform=649.812  L_min_j=0.363278  L_spread=[0]
  Iter  93/100  loss=3347.8530  (3.1s)
  [dbg] mean SINR_dB inside : 2.51941
  [dbg] mean SINR_dB outside: -9.78047
  [dbg] L_in=502.343  L_out=-65.3505  L_uniform=660.474  L_min_j=0.363381  L_spread=[0]
  Iter  94/100  loss=3431.2876  (3.1s)
  [dbg] mean SINR_dB inside : 2.46545
  [dbg] mean SINR_dB outside: -9.90739
  [dbg] L_in=508.585  L_out=-66.2644  L_uniform=670.099  L_min_j=0.363458  L_spread=[0]
  Iter  95/100  loss=3473.0439  (2.9s)
  [dbg] mean SINR_dB inside : 2.67441
  [dbg] mean SINR_dB outside: -9.86163
  [dbg] L_in=493.74  L_out=-65.9045  L_uniform=651.452  L_min_j=0.363515  L_spread=[0]
  Iter  96/100  loss=3356.0215  (3.0s)
  [dbg] mean SINR_dB inside : 2.68668
  [dbg] mean SINR_dB outside: -9.8029
  [dbg] L_in=494.199  L_out=-65.4549  L_uniform=653.018  L_min_j=0.363556  L_spread=[0]
  Iter  97/100  loss=3364.3467  (2.9s)
  [dbg] mean SINR_dB inside : 2.57503
  [dbg] mean SINR_dB outside: -9.80657
  [dbg] L_in=500.801  L_out=-65.5  L_uniform=660.332  L_min_j=0.363582  L_spread=[0]
  Iter  98/100  loss=3417.4436  (2.9s)
  [dbg] mean SINR_dB inside : 2.46721
  [dbg] mean SINR_dB outside: -9.89801
  [dbg] L_in=509.11  L_out=-66.1659  L_uniform=671.242  L_min_j=0.363597  L_spread=[0]
  Iter  99/100  loss=3478.3489  (2.9s)
  [dbg] mean SINR_dB inside : 2.59435
  [dbg] mean SINR_dB outside: -9.8825
  [dbg] L_in=500.558  L_out=-66.0494  L_uniform=660.868  L_min_j=0.363603  L_spread=[0]
  Iter 100/100  loss=3410.0576  (2.9s)

======================================================================
OPTIMIZATION COMPLETE  (322.7s)
  bs_0: Az=256.0°, El=-6.6°, pos=(71.0, 536.2)
  bs_1: Az=155.5°, El=-6.9°, pos=(311.9, -303.3)
  bs_2: Az=344.3°, El=-8.8°, pos=(-424.5, 108.6)
  bs_3: Az=105.8°, El=-9.6°, pos=(136.9, -668.9)
  jam_1 [OFF gate=0.460]: Az=16.4°, El=-90.0°, pos=(-356.9, -114.3, 19.7), pwr=19.7 dBm
  jam_2 [OFF gate=0.204]: Az=65.7°, El=-90.0°, pos=(-357.8, -652.3, 30.3), pwr=18.6 dBm
  jam_3 [OFF gate=0.122]: Az=112.6°, El=-90.0°, pos=(365.5, -858.9, 5.0), pwr=18.2 dBm
  jam_4 [OFF gate=0.248]: Az=176.5°, El=-90.0°, pos=(405.7, -130.3, 7.3), pwr=18.9 dBm
  jam_5 [OFF gate=0.300]: Az=182.8°, El=-90.0°, pos=(444.6, -87.3, 11.6), pwr=19.1 dBm
  jam_6 [ON  gate=0.575]: Az=192.3°, El=-90.0°, pos=(573.5, -19.4, 22.3), pwr=20.1 dBm
  jam_7 [OFF gate=0.488]: Az=268.2°, El=-90.0°, pos=(-91.4, 753.5, 27.7), pwr=19.8 dBm
  jam_8 [ON  gate=0.512]: Az=304.3°, El=-90.0°, pos=(-488.0, 556.5, 38.5), pwr=19.9 dBm
======================================================================

  Joint:   322.7s total, 3.23s/iter
  Evaluating...

======================================================================
BS PARAMETERS  —  BEFORE / AFTER
======================================================================
  Name           Param         Initial   Optimised       Delta
  ----------------------------------------------------------------
  bs_0           Azimuth      +257.97°    +255.97°      -2.00°
                 Elevation      -6.21°      -6.61°      -0.40°
                 X (m)           +74.5       +71.0        -3.5
                 Y (m)          +551.1      +536.2       -14.9
                 Power dBm      +35.00      +40.00       +5.00
  ----------------------------------------------------------------
  bs_1           Azimuth      +157.33°    +155.46°      -1.87°
                 Elevation      -7.07°      -6.94°      +0.13°
                 X (m)          +362.7      +311.9       -50.7
                 Y (m)          -283.7      -303.3       -19.6
                 Power dBm      +35.00      +40.00       +5.00
  ----------------------------------------------------------------
  bs_2           Azimuth      +339.08°    +344.34°      +5.26°
                 Elevation      -9.03°      -8.79°      +0.24°
                 X (m)          -424.5      -424.5        +0.0
                 Y (m)          +108.6      +108.6        +0.0
                 Power dBm      +35.00      +40.00       +5.00
  ----------------------------------------------------------------
  bs_3           Azimuth      +106.22°    +105.82°      -0.40°
                 Elevation      -6.68°      -9.57°      -2.88°
                 X (m)          +153.8      +136.9       -16.9
                 Y (m)          -706.1      -668.9       +37.2
                 Power dBm      +35.00      +40.00       +5.00
  ----------------------------------------------------------------
======================================================================

Computing RadioMap for optimized BS configuration...
Computing RadioMap for 2/8 active jammers...
[verify] jam_interference_map: mean=2.081e-11 W  | mean SINR shift (BS-only − BS+Jam) = +0.393 dB

======================================================================
BS-ONLY SINR CONTAINMENT  (gamma = +0.0 dB)
======================================================================
  bs_0:
    rho_leak  (outside >= gamma):  31.9%
    rho_hole  (inside  <  gamma):  20.8%
    SINR inside  mean / p10: +8.1 / -11.3 dB
    SINR outside mean / p10: -24.8 / -98.5 dB

  bs_1:
    rho_leak  (outside >= gamma):  31.9%
    rho_hole  (inside  <  gamma):  20.8%
    SINR inside  mean / p10: +8.1 / -11.3 dB
    SINR outside mean / p10: -24.8 / -98.5 dB

  bs_2:
    rho_leak  (outside >= gamma):  31.9%
    rho_hole  (inside  <  gamma):  20.8%
    SINR inside  mean / p10: +8.1 / -11.3 dB
    SINR outside mean / p10: -24.8 / -98.5 dB

  bs_3:
    rho_leak  (outside >= gamma):  31.9%
    rho_hole  (inside  <  gamma):  20.8%
    SINR inside  mean / p10: +8.1 / -11.3 dB
    SINR outside mean / p10: -24.8 / -98.5 dB

======================================================================
BS+JAMMER SINR CONTAINMENT  (gamma = +0.0 dB)
======================================================================
  bs_0:
    rho_leak  (outside >= gamma):  31.0%
    rho_hole  (inside  <  gamma):  20.8%
    SINR inside  mean / p10: +8.1 / -11.4 dB
    SINR outside mean / p10: -25.4 / -100.2 dB

  bs_1:
    rho_leak  (outside >= gamma):  31.0%
    rho_hole  (inside  <  gamma):  20.8%
    SINR inside  mean / p10: +8.1 / -11.4 dB
    SINR outside mean / p10: -25.4 / -100.2 dB

  bs_2:
    rho_leak  (outside >= gamma):  31.0%
    rho_hole  (inside  <  gamma):  20.8%
    SINR inside  mean / p10: +8.1 / -11.4 dB
    SINR outside mean / p10: -25.4 / -100.2 dB

  bs_3:
    rho_leak  (outside >= gamma):  31.0%
    rho_hole  (inside  <  gamma):  20.8%
    SINR inside  mean / p10: +8.1 / -11.4 dB
    SINR outside mean / p10: -25.4 / -100.2 dB

======================================================================

  Saved → ../results/duke/splat_large_n500

[ 11/16] START splat_large_n700
Creating polygon
  Zone cells: 1648595
  bs_0: (31.2, 509.1, 50.0)
  bs_1: (233.3, -194.9, 50.0)
  bs_2: (-417.8, 110.6, 50.0)
  bs_3: (117.9, -646.1, 50.0)
  Jammers: 8 evenly placed at 200 m standoff
  Run 1: BS warm-up (100 iter, inside coverage only)
-700.0

======================================================================
MULTI-TX SIR OPTIMIZATION  (4 transmitters)
======================================================================
Tx Position: [31.197982788085938, 509.07958984375, 50.0]
look_at_position: [-50.27000000000001, -69.60000000000002, 1.5]
Tx Position: [233.28465270996094, -194.85752868652344, 50.0]
look_at_position: [-50.27000000000001, -69.60000000000002, 1.5]
Tx Position: [-417.7782287597656, 110.62852478027344, 50.0]
look_at_position: [-50.27000000000001, -69.60000000000002, 1.5]
Tx Position: [117.9024429321289, -646.106201171875, 50.0]
look_at_position: [-50.27000000000001, -69.60000000000002, 1.5]
  [dbg] mean SINR_dB inside : 2.85556
  [dbg] mean SINR_dB outside: -8.23168
  [dbg] L_in=459.964  L_out=2.80278  L_uniform=593.336  L_min_j=[0]  L_spread=[0]
  Iter   1/100  loss=4658.9688  (17.7s)
  [dbg] mean SINR_dB inside : 2.88192
  [dbg] mean SINR_dB outside: -8.86963
  [dbg] L_in=464.588  L_out=3.09909  L_uniform=603.956  L_min_j=[0]  L_spread=[0]
  Iter   2/100  loss=4706.2715  (2.6s)
  [dbg] mean SINR_dB inside : 2.83919
  [dbg] mean SINR_dB outside: -9.65886
  [dbg] L_in=481.47  L_out=3.30231  L_uniform=635.511  L_min_j=[0]  L_spread=[0]
  Iter   3/100  loss=4878.2534  (2.4s)
  [dbg] mean SINR_dB inside : 2.9312
  [dbg] mean SINR_dB outside: -9.91494
  [dbg] L_in=478.989  L_out=3.20585  L_uniform=635.379  L_min_j=[0]  L_spread=[0]
  Iter   4/100  loss=4853.4258  (2.1s)
  [dbg] mean SINR_dB inside : 3.13711
  [dbg] mean SINR_dB outside: -9.84045
  [dbg] L_in=470.192  L_out=3.40733  L_uniform=628.491  L_min_j=[0]  L_spread=[0]
  Iter   5/100  loss=4764.7661  (2.2s)
  [dbg] mean SINR_dB inside : 2.92361
  [dbg] mean SINR_dB outside: -9.64952
  [dbg] L_in=479.507  L_out=3.43208  L_uniform=636.025  L_min_j=[0]  L_spread=[0]
  Iter   6/100  loss=4858.6738  (2.1s)
  [dbg] mean SINR_dB inside : 2.9765
  [dbg] mean SINR_dB outside: -9.59172
  [dbg] L_in=483.045  L_out=3.62855  L_uniform=645.875  L_min_j=[0]  L_spread=[0]
  Iter   7/100  loss=4895.0342  (2.2s)
  [dbg] mean SINR_dB inside : 3.09975
  [dbg] mean SINR_dB outside: -9.37731
  [dbg] L_in=472.887  L_out=3.71581  L_uniform=631.967  L_min_j=[0]  L_spread=[0]
  Iter   8/100  loss=4792.0713  (2.1s)
  [dbg] mean SINR_dB inside : 3.13041
  [dbg] mean SINR_dB outside: -9.18529
  [dbg] L_in=474.923  L_out=4.06675  L_uniform=637.622  L_min_j=[0]  L_spread=[0]
  Iter   9/100  loss=4812.9941  (2.1s)
  [dbg] mean SINR_dB inside : 3.17148
  [dbg] mean SINR_dB outside: -9.0857
  [dbg] L_in=473.265  L_out=4.25036  L_uniform=636.444  L_min_j=[0]  L_spread=[0]
  Iter  10/100  loss=4796.2954  (1.8s)
  [dbg] mean SINR_dB inside : 3.34777
  [dbg] mean SINR_dB outside: -8.82148
  [dbg] L_in=466.324  L_out=4.68487  L_uniform=631.637  L_min_j=[0]  L_spread=[0]
  Iter  11/100  loss=4726.4082  (1.7s)
  [dbg] mean SINR_dB inside : 3.30108
  [dbg] mean SINR_dB outside: -8.94331
  [dbg] L_in=468.163  L_out=5.0093  L_uniform=632.914  L_min_j=[0]  L_spread=[0]
  Iter  12/100  loss=4744.9258  (1.8s)
  [dbg] mean SINR_dB inside : 3.48746
  [dbg] mean SINR_dB outside: -8.70474
  [dbg] L_in=459.224  L_out=5.1377  L_uniform=624.585  L_min_j=[0]  L_spread=[0]
  Iter  13/100  loss=4654.6943  (1.8s)
  [dbg] mean SINR_dB inside : 3.64623
  [dbg] mean SINR_dB outside: -8.71818
  [dbg] L_in=447.188  L_out=5.41686  L_uniform=608.583  L_min_j=[0]  L_spread=[0]
  Iter  14/100  loss=4532.7373  (1.8s)
  [dbg] mean SINR_dB inside : 3.61381
  [dbg] mean SINR_dB outside: -8.65708
  [dbg] L_in=453.838  L_out=5.4783  L_uniform=620.249  L_min_j=[0]  L_spread=[0]
  Iter  15/100  loss=4600.4053  (1.8s)
  [dbg] mean SINR_dB inside : 3.75535
  [dbg] mean SINR_dB outside: -8.44259
  [dbg] L_in=447.723  L_out=5.80843  L_uniform=615.228  L_min_j=[0]  L_spread=[0]
  Iter  16/100  loss=4538.7559  (1.8s)
  [dbg] mean SINR_dB inside : 3.68461
  [dbg] mean SINR_dB outside: -8.34428
  [dbg] L_in=452.726  L_out=6.00568  L_uniform=621.639  L_min_j=[0]  L_spread=[0]
  Iter  17/100  loss=4589.4189  (1.5s)
  [dbg] mean SINR_dB inside : 3.57836
  [dbg] mean SINR_dB outside: -8.1234
  [dbg] L_in=458.386  L_out=6.33723  L_uniform=627.575  L_min_j=[0]  L_spread=[0]
  Iter  18/100  loss=4646.6152  (1.8s)
  [dbg] mean SINR_dB inside : 3.65652
  [dbg] mean SINR_dB outside: -8.09428
  [dbg] L_in=454.334  L_out=6.98453  L_uniform=623.453  L_min_j=[0]  L_spread=[0]
  Iter  19/100  loss=4605.6890  (1.8s)
  [dbg] mean SINR_dB inside : 3.68655
  [dbg] mean SINR_dB outside: -7.75835
  [dbg] L_in=454.369  L_out=7.45483  L_uniform=625.082  L_min_j=[0]  L_spread=[0]
  Iter  20/100  loss=4606.2021  (2.1s)
  [dbg] mean SINR_dB inside : 3.62872
  [dbg] mean SINR_dB outside: -7.66013
  [dbg] L_in=458.859  L_out=7.64006  L_uniform=631.137  L_min_j=[0]  L_spread=[0]
  Iter  21/100  loss=4651.7041  (2.2s)
  [dbg] mean SINR_dB inside : 3.69556
  [dbg] mean SINR_dB outside: -7.58561
  [dbg] L_in=457.427  L_out=8.02916  L_uniform=631.685  L_min_j=[0]  L_spread=[0]
  Iter  22/100  loss=4637.4355  (2.2s)
  [dbg] mean SINR_dB inside : 3.92817
  [dbg] mean SINR_dB outside: -7.47803
  [dbg] L_in=440.269  L_out=8.44619  L_uniform=609.07  L_min_j=[0]  L_spread=[0]
  Iter  23/100  loss=4463.5938  (2.1s)
  [dbg] mean SINR_dB inside : 3.80959
  [dbg] mean SINR_dB outside: -7.41057
  [dbg] L_in=451.23  L_out=8.72727  L_uniform=625.062  L_min_j=[0]  L_spread=[0]
  Iter  24/100  loss=4574.8091  (2.0s)
  [dbg] mean SINR_dB inside : 4.0152
  [dbg] mean SINR_dB outside: -7.45898
  [dbg] L_in=437.08  L_out=8.96288  L_uniform=607.075  L_min_j=[0]  L_spread=[0]
  Iter  25/100  loss=4431.5029  (1.8s)
  [dbg] mean SINR_dB inside : 4.13257
  [dbg] mean SINR_dB outside: -7.2875
  [dbg] L_in=431.07  L_out=9.14277  L_uniform=600.904  L_min_j=[0]  L_spread=[0]
  Iter  26/100  loss=4370.7900  (1.8s)
  [dbg] mean SINR_dB inside : 4.30839
  [dbg] mean SINR_dB outside: -7.2491
  [dbg] L_in=423.148  L_out=9.36039  L_uniform=593.829  L_min_j=[0]  L_spread=[0]
  Iter  27/100  loss=4290.8579  (1.8s)
  [dbg] mean SINR_dB inside : 4.2167
  [dbg] mean SINR_dB outside: -7.15388
  [dbg] L_in=428.672  L_out=9.55204  L_uniform=600.32  L_min_j=[0]  L_spread=[0]
  Iter  28/100  loss=4346.7563  (1.8s)
  [dbg] mean SINR_dB inside : 4.12568
  [dbg] mean SINR_dB outside: -7.08454
  [dbg] L_in=432.834  L_out=9.67176  L_uniform=604.155  L_min_j=[0]  L_spread=[0]
  Iter  29/100  loss=4388.7583  (1.8s)
  [dbg] mean SINR_dB inside : 4.40378
  [dbg] mean SINR_dB outside: -7.02931
  [dbg] L_in=415.117  L_out=9.79476  L_uniform=582.514  L_min_j=[0]  L_spread=[0]
  Iter  30/100  loss=4209.4185  (1.8s)
  [dbg] mean SINR_dB inside : 4.49583
  [dbg] mean SINR_dB outside: -6.94818
  [dbg] L_in=415.127  L_out=9.93821  L_uniform=587.068  L_min_j=[0]  L_spread=[0]
  Iter  31/100  loss=4209.9722  (1.7s)
  [dbg] mean SINR_dB inside : 4.58889
  [dbg] mean SINR_dB outside: -6.76723
  [dbg] L_in=409.28  L_out=10.0979  L_uniform=579.899  L_min_j=[0]  L_spread=[0]
  Iter  32/100  loss=4150.7856  (1.7s)
  [dbg] mean SINR_dB inside : 4.47594
  [dbg] mean SINR_dB outside: -6.74043
  [dbg] L_in=414.289  L_out=10.634  L_uniform=584.425  L_min_j=[0]  L_spread=[0]
  Iter  33/100  loss=4201.3340  (1.6s)
  [dbg] mean SINR_dB inside : 4.54944
  [dbg] mean SINR_dB outside: -6.68608
  [dbg] L_in=418.378  L_out=10.6888  L_uniform=596.228  L_min_j=[0]  L_spread=[0]
  Iter  34/100  loss=4243.3979  (1.7s)
  [dbg] mean SINR_dB inside : 4.56175
  [dbg] mean SINR_dB outside: -6.73565
  [dbg] L_in=411.368  L_out=10.9383  L_uniform=582.799  L_min_j=[0]  L_spread=[0]
  Iter  35/100  loss=4171.9595  (1.7s)
  [dbg] mean SINR_dB inside : 4.50595
  [dbg] mean SINR_dB outside: -6.48721
  [dbg] L_in=421.179  L_out=11.0205  L_uniform=599.722  L_min_j=[0]  L_spread=[0]
  Iter  36/100  loss=4271.7603  (1.7s)
  [dbg] mean SINR_dB inside : 4.83524
  [dbg] mean SINR_dB outside: -6.46437
  [dbg] L_in=402.137  L_out=10.9686  L_uniform=577.662  L_min_j=[0]  L_spread=[0]
  Iter  37/100  loss=4079.1348  (1.7s)
  [dbg] mean SINR_dB inside : 4.63559
  [dbg] mean SINR_dB outside: -6.48698
  [dbg] L_in=411.44  L_out=11.134  L_uniform=586.564  L_min_j=[0]  L_spread=[0]
  Iter  38/100  loss=4173.0552  (1.7s)
  [dbg] mean SINR_dB inside : 4.64778
  [dbg] mean SINR_dB outside: -6.28829
  [dbg] L_in=411.98  L_out=11.4583  L_uniform=588.291  L_min_j=[0]  L_spread=[0]
  Iter  39/100  loss=4178.6299  (1.7s)
  [dbg] mean SINR_dB inside : 4.83455
  [dbg] mean SINR_dB outside: -6.26136
  [dbg] L_in=399.721  L_out=11.6741  L_uniform=572.788  L_min_j=[0]  L_spread=[0]
  Iter  40/100  loss=4054.4863  (1.7s)
  [dbg] mean SINR_dB inside : 4.5938
  [dbg] mean SINR_dB outside: -6.16502
  [dbg] L_in=411.793  L_out=11.9899  L_uniform=585.274  L_min_j=[0]  L_spread=[0]
  Iter  41/100  loss=4176.4531  (1.7s)
  [dbg] mean SINR_dB inside : 4.89617
  [dbg] mean SINR_dB outside: -6.13594
  [dbg] L_in=400.345  L_out=11.8494  L_uniform=577.04  L_min_j=[0]  L_spread=[0]
  Iter  42/100  loss=4061.1528  (1.7s)
  [dbg] mean SINR_dB inside : 4.82874
  [dbg] mean SINR_dB outside: -6.08425
  [dbg] L_in=402.113  L_out=12.2802  L_uniform=577.275  L_min_j=[0]  L_spread=[0]
  Iter  43/100  loss=4078.8601  (1.7s)
  [dbg] mean SINR_dB inside : 5.00208
  [dbg] mean SINR_dB outside: -5.96245
  [dbg] L_in=392.331  L_out=12.3267  L_uniform=566.116  L_min_j=[0]  L_spread=[0]
  Iter  44/100  loss=3979.9221  (1.7s)
  [dbg] mean SINR_dB inside : 5.11556
  [dbg] mean SINR_dB outside: -5.88949
  [dbg] L_in=391.931  L_out=12.669  L_uniform=570.782  L_min_j=[0]  L_spread=[0]
  Iter  45/100  loss=3976.3892  (1.7s)
  [dbg] mean SINR_dB inside : 5.0122
  [dbg] mean SINR_dB outside: -5.80819
  [dbg] L_in=392.589  L_out=12.7564  L_uniform=567.169  L_min_j=[0]  L_spread=[0]
  Iter  46/100  loss=3982.6111  (1.7s)
  [dbg] mean SINR_dB inside : 5.17571
  [dbg] mean SINR_dB outside: -5.82802
  [dbg] L_in=387.973  L_out=13.0709  L_uniform=565.766  L_min_j=[0]  L_spread=[0]
  Iter  47/100  loss=3936.3086  (1.7s)
  [dbg] mean SINR_dB inside : 5.02662
  [dbg] mean SINR_dB outside: -5.68252
  [dbg] L_in=394.323  L_out=13.2179  L_uniform=571.382  L_min_j=[0]  L_spread=[0]
  Iter  48/100  loss=4000.3730  (1.7s)
  [dbg] mean SINR_dB inside : 5.3732
  [dbg] mean SINR_dB outside: -5.61778
  [dbg] L_in=377.608  L_out=13.4432  L_uniform=554.476  L_min_j=[0]  L_spread=[0]
  Iter  49/100  loss=3831.5273  (1.7s)
  [dbg] mean SINR_dB inside : 5.20154
  [dbg] mean SINR_dB outside: -5.69111
  [dbg] L_in=386.261  L_out=13.1142  L_uniform=563.614  L_min_j=[0]  L_spread=[0]
  Iter  50/100  loss=3918.9712  (1.7s)
  [dbg] mean SINR_dB inside : 5.22973
  [dbg] mean SINR_dB outside: -5.62705
  [dbg] L_in=385.487  L_out=13.7831  L_uniform=563.418  L_min_j=[0]  L_spread=[0]
  Iter  51/100  loss=3911.2075  (1.7s)
  [dbg] mean SINR_dB inside : 5.35166
  [dbg] mean SINR_dB outside: -5.6982
  [dbg] L_in=381.747  L_out=13.9665  L_uniform=561.704  L_min_j=[0]  L_spread=[0]
  Iter  52/100  loss=3873.6392  (1.7s)
  [dbg] mean SINR_dB inside : 5.36573
  [dbg] mean SINR_dB outside: -5.46893
  [dbg] L_in=378.405  L_out=13.9763  L_uniform=555.699  L_min_j=[0]  L_spread=[0]
  Iter  53/100  loss=3839.6189  (1.7s)
  [dbg] mean SINR_dB inside : 5.41768
  [dbg] mean SINR_dB outside: -5.45246
  [dbg] L_in=374.356  L_out=13.943  L_uniform=550.086  L_min_j=[0]  L_spread=[0]
  Iter  54/100  loss=3798.5706  (1.4s)
  [dbg] mean SINR_dB inside : 5.39807
  [dbg] mean SINR_dB outside: -5.4378
  [dbg] L_in=377.828  L_out=14.039  L_uniform=556.11  L_min_j=[0]  L_spread=[0]
  Iter  55/100  loss=3833.8867  (1.5s)
  [dbg] mean SINR_dB inside : 5.5771
  [dbg] mean SINR_dB outside: -5.4462
  [dbg] L_in=369.943  L_out=14.4338  L_uniform=548.708  L_min_j=[0]  L_spread=[0]
  Iter  56/100  loss=3754.3022  (2.0s)
  [dbg] mean SINR_dB inside : 5.55009
  [dbg] mean SINR_dB outside: -5.38742
  [dbg] L_in=368.344  L_out=14.6479  L_uniform=544.3  L_min_j=[0]  L_spread=[0]
  Iter  57/100  loss=3737.8682  (1.6s)
  [dbg] mean SINR_dB inside : 5.65703
  [dbg] mean SINR_dB outside: -5.338
  [dbg] L_in=364.036  L_out=14.7304  L_uniform=540.686  L_min_j=[0]  L_spread=[0]
  Iter  58/100  loss=3694.4287  (1.6s)
  [dbg] mean SINR_dB inside : 5.66781
  [dbg] mean SINR_dB outside: -5.32924
  [dbg] L_in=363.265  L_out=14.9212  L_uniform=539.705  L_min_j=[0]  L_spread=[0]
  Iter  59/100  loss=3686.6213  (1.7s)
  [dbg] mean SINR_dB inside : 5.61257
  [dbg] mean SINR_dB outside: -5.22475
  [dbg] L_in=367.579  L_out=15.0272  L_uniform=545.757  L_min_j=[0]  L_spread=[0]
  Iter  60/100  loss=3730.3650  (1.5s)
  [dbg] mean SINR_dB inside : 5.67376
  [dbg] mean SINR_dB outside: -5.19313
  [dbg] L_in=366.147  L_out=14.7176  L_uniform=545.749  L_min_j=[0]  L_spread=[0]
  Iter  61/100  loss=3716.0422  (1.4s)
  [dbg] mean SINR_dB inside : 5.73148
  [dbg] mean SINR_dB outside: -5.12444
  [dbg] L_in=362.44  L_out=14.9099  L_uniform=541.054  L_min_j=[0]  L_spread=[0]
  Iter  62/100  loss=3678.5078  (1.4s)
  [dbg] mean SINR_dB inside : 5.75022
  [dbg] mean SINR_dB outside: -5.2514
  [dbg] L_in=361.028  L_out=15.2419  L_uniform=539.083  L_min_j=[0]  L_spread=[0]
  Iter  63/100  loss=3664.1909  (1.4s)
  [dbg] mean SINR_dB inside : 5.87023
  [dbg] mean SINR_dB outside: -5.26835
  [dbg] L_in=353.495  L_out=15.1602  L_uniform=529.536  L_min_j=[0]  L_spread=[0]
  Iter  64/100  loss=3587.9060  (1.4s)
  [dbg] mean SINR_dB inside : 5.80468
  [dbg] mean SINR_dB outside: -5.15575
  [dbg] L_in=355.518  L_out=15.4085  L_uniform=530.605  L_min_j=[0]  L_spread=[0][0m[31m2026-05-24 23:21:13 WARN  [HDRFilm] Monochrome mode enabled, setting film output pixel format to 'luminance' (was rgb).

  Iter  65/100  loss=3608.2417  (1.4s)
  [dbg] mean SINR_dB inside : 5.66305
  [dbg] mean SINR_dB outside: -5.10049
  [dbg] L_in=368.275  L_out=15.6952  L_uniform=549.478  L_min_j=[0]  L_spread=[0]
  Iter  66/100  loss=3737.7014  (1.4s)
  [dbg] mean SINR_dB inside : 5.7454
  [dbg] mean SINR_dB outside: -5.18121
  [dbg] L_in=365.441  L_out=15.585  L_uniform=547.684  L_min_j=[0]  L_spread=[0]
  Iter  67/100  loss=3709.1746  (1.5s)
  [dbg] mean SINR_dB inside : 5.81323
  [dbg] mean SINR_dB outside: -5.12844
  [dbg] L_in=362.987  L_out=15.4582  L_uniform=545.895  L_min_j=[0]  L_spread=[0]
  Iter  68/100  loss=3684.4592  (1.4s)
  [dbg] mean SINR_dB inside : 5.72768
  [dbg] mean SINR_dB outside: -5.1154
  [dbg] L_in=369.058  L_out=15.8089  L_uniform=554.147  L_min_j=[0]  L_spread=[0]
  Iter  69/100  loss=3745.9985  (1.4s)
  [dbg] mean SINR_dB inside : 6.01398
  [dbg] mean SINR_dB outside: -5.05626
  [dbg] L_in=353.034  L_out=15.5163  L_uniform=535.359  L_min_j=[0]  L_spread=[0]
  Iter  70/100  loss=3583.8779  (1.5s)
  [dbg] mean SINR_dB inside : 6.03012
  [dbg] mean SINR_dB outside: -5.04464
  [dbg] L_in=357.338  L_out=15.6981  L_uniform=544.621  L_min_j=[0]  L_spread=[0]
  Iter  71/100  loss=3627.8374  (1.4s)
  [dbg] mean SINR_dB inside : 5.90913
  [dbg] mean SINR_dB outside: -4.98885
  [dbg] L_in=358.347  L_out=16.1284  L_uniform=541.119  L_min_j=[0]  L_spread=[0]
  Iter  72/100  loss=3637.5820  (1.4s)
  [dbg] mean SINR_dB inside : 5.94431
  [dbg] mean SINR_dB outside: -5.06599
  [dbg] L_in=355.807  L_out=15.7746  L_uniform=537.705  L_min_j=[0]  L_spread=[0]
  Iter  73/100  loss=3611.8369  (1.4s)
  [dbg] mean SINR_dB inside : 5.95166
  [dbg] mean SINR_dB outside: -5.03272
  [dbg] L_in=357.167  L_out=15.5097  L_uniform=540.758  L_min_j=[0]  L_spread=[0]
  Iter  74/100  loss=3625.7415  (1.5s)
  [dbg] mean SINR_dB inside : 5.93705
  [dbg] mean SINR_dB outside: -4.9538
  [dbg] L_in=359.903  L_out=15.4889  L_uniform=545.534  L_min_j=[0]  L_spread=[0]
  Iter  75/100  loss=3653.5869  (1.4s)
  [dbg] mean SINR_dB inside : 6.09881
  [dbg] mean SINR_dB outside: -4.92273
  [dbg] L_in=349.094  L_out=15.6137  L_uniform=531.322  L_min_j=[0]  L_spread=[0]
  Iter  76/100  loss=3544.0684  (1.4s)
  [dbg] mean SINR_dB inside : 6.06527
  [dbg] mean SINR_dB outside: -4.96663
  [dbg] L_in=353.162  L_out=15.9555  L_uniform=537.93  L_min_j=[0]  L_spread=[0]
  Iter  77/100  loss=3585.4104  (1.4s)
  [dbg] mean SINR_dB inside : 6.18148
  [dbg] mean SINR_dB outside: -4.89644
  [dbg] L_in=344.155  L_out=16.0116  L_uniform=525.309  L_min_j=[0]  L_spread=[0]
  Iter  78/100  loss=3494.0845  (1.5s)
  [dbg] mean SINR_dB inside : 6.15602
  [dbg] mean SINR_dB outside: -4.86393
  [dbg] L_in=347.019  L_out=16.1573  L_uniform=529.848  L_min_j=[0]  L_spread=[0]
  Iter  79/100  loss=3523.1709  (1.5s)
  [dbg] mean SINR_dB inside : 5.87739
  [dbg] mean SINR_dB outside: -4.925
  [dbg] L_in=366.111  L_out=15.9297  L_uniform=555.191  L_min_j=[0]  L_spread=[0]
  Iter  80/100  loss=3716.6248  (1.5s)
  [dbg] mean SINR_dB inside : 6.0032
  [dbg] mean SINR_dB outside: -4.87653
  [dbg] L_in=352.734  L_out=16.1279  L_uniform=534.222  L_min_j=[0]  L_spread=[0]
  Iter  81/100  loss=3580.7661  (1.5s)
  [dbg] mean SINR_dB inside : 6.07498
  [dbg] mean SINR_dB outside: -4.9238
  [dbg] L_in=348.819  L_out=16.319  L_uniform=529.703  L_min_j=[0]  L_spread=[0]
  Iter  82/100  loss=3541.1648  (1.4s)
  [dbg] mean SINR_dB inside : 6.01198
  [dbg] mean SINR_dB outside: -4.97818
  [dbg] L_in=355.04  L_out=15.6915  L_uniform=539.247  L_min_j=[0]  L_spread=[0]
  Iter  83/100  loss=3604.3208  (1.5s)
  [dbg] mean SINR_dB inside : 6.0192
  [dbg] mean SINR_dB outside: -4.83202
  [dbg] L_in=355.947  L_out=16.1606  L_uniform=541.425  L_min_j=[0]  L_spread=[0]
  Iter  84/100  loss=3613.6108  (1.5s)
  [dbg] mean SINR_dB inside : 6.03352
  [dbg] mean SINR_dB outside: -4.86067
  [dbg] L_in=353.371  L_out=15.7619  L_uniform=536.937  L_min_j=[0]  L_spread=[0]
  Iter  85/100  loss=3587.3987  (1.4s)
  [dbg] mean SINR_dB inside : 6.03381
  [dbg] mean SINR_dB outside: -4.92543
  [dbg] L_in=354.949  L_out=16.2  L_uniform=540.112  L_min_j=[0]  L_spread=[0]
  Iter  86/100  loss=3603.5046  (1.5s)
  [dbg] mean SINR_dB inside : 6.06771
  [dbg] mean SINR_dB outside: -4.83309
  [dbg] L_in=352.375  L_out=15.9261  L_uniform=536.566  L_min_j=[0]  L_spread=[0]
  Iter  87/100  loss=3577.4062  (1.5s)
  [dbg] mean SINR_dB inside : 6.00706
  [dbg] mean SINR_dB outside: -4.91328
  [dbg] L_in=354.366  L_out=15.9119  L_uniform=537.763  L_min_j=[0]  L_spread=[0]
  Iter  88/100  loss=3597.4387  (1.5s)
  [dbg] mean SINR_dB inside : 5.93899
  [dbg] mean SINR_dB outside: -4.87662
  [dbg] L_in=358.194  L_out=16.1436  L_uniform=542.245  L_min_j=[0]  L_spread=[0]
  Iter  89/100  loss=3636.1660  (1.5s)
  [dbg] mean SINR_dB inside : 6.09913
  [dbg] mean SINR_dB outside: -4.91057
  [dbg] L_in=347.733  L_out=16.4423  L_uniform=528.669  L_min_j=[0]  L_spread=[0]
  Iter  90/100  loss=3530.1946  (1.5s)
  [dbg] mean SINR_dB inside : 5.95628
  [dbg] mean SINR_dB outside: -4.843
  [dbg] L_in=359.464  L_out=15.9725  L_uniform=545.556  L_min_j=[0]  L_spread=[0]
  Iter  91/100  loss=3649.1980  (1.5s)
  [dbg] mean SINR_dB inside : 6.03751
  [dbg] mean SINR_dB outside: -4.92899
  [dbg] L_in=350.746  L_out=16.0486  L_uniform=531.829  L_min_j=[0]  L_spread=[0]
  Iter  92/100  loss=3560.6458  (1.5s)
  [dbg] mean SINR_dB inside : 6.06259
  [dbg] mean SINR_dB outside: -4.92383
  [dbg] L_in=353.523  L_out=16.219  L_uniform=538.617  L_min_j=[0]  L_spread=[0]
  Iter  93/100  loss=3589.0872  (1.7s)
  [dbg] mean SINR_dB inside : 6.04506
  [dbg] mean SINR_dB outside: -4.87199
  [dbg] L_in=351.226  L_out=16.1111  L_uniform=533.21  L_min_j=[0]  L_spread=[0]
  Iter  94/100  loss=3565.5845  (1.5s)
  [dbg] mean SINR_dB inside : 6.13293
  [dbg] mean SINR_dB outside: -4.90517
  [dbg] L_in=347.375  L_out=16.4333  L_uniform=529.524  L_min_j=[0]  L_spread=[0]
  Iter  95/100  loss=3526.7000  (1.4s)
  [dbg] mean SINR_dB inside : 6.02506
  [dbg] mean SINR_dB outside: -4.88618
  [dbg] L_in=359.008  L_out=16.25  L_uniform=547.845  L_min_j=[0]  L_spread=[0]
  Iter  96/100  loss=3644.8677  (1.5s)
  [dbg] mean SINR_dB inside : 6.14466
  [dbg] mean SINR_dB outside: -4.859
  [dbg] L_in=347.259  L_out=16.2726  L_uniform=529.824  L_min_j=[0]  L_spread=[0]
  Iter  97/100  loss=3525.5681  (1.5s)
  [dbg] mean SINR_dB inside : 6.10283
  [dbg] mean SINR_dB outside: -4.87157
  [dbg] L_in=350.88  L_out=15.9101  L_uniform=535.119  L_min_j=[0]  L_spread=[0]
  Iter  98/100  loss=3562.3096  (1.6s)
  [dbg] mean SINR_dB inside : 6.04499
  [dbg] mean SINR_dB outside: -4.93644
  [dbg] L_in=351.352  L_out=16.07  L_uniform=533.385  L_min_j=[0]  L_spread=[0]
  Iter  99/100  loss=3566.8586  (1.6s)
  [dbg] mean SINR_dB inside : 5.97006
  [dbg] mean SINR_dB outside: -4.9263
  [dbg] L_in=354.417  L_out=16.029  L_uniform=536.144  L_min_j=[0]  L_spread=[0]
  Iter 100/100  loss=3597.7886  (1.6s)

======================================================================
OPTIMIZATION COMPLETE  (185.5s)
  bs_0: Az=258.1°, El=-6.5°, pos=(68.9, 553.4)
  bs_1: Az=154.8°, El=-6.7°, pos=(359.9, -306.2)
  bs_2: Az=339.0°, El=-8.3°, pos=(-424.5, 108.6)
  bs_3: Az=106.5°, El=-6.8°, pos=(151.6, -702.6)
======================================================================

  Warm-up: 185.5s total, 1.86s/iter
  Run 2: Joint optimization (100 iter, BS positions frozen)
-700.0

======================================================================
MULTI-TX SIR OPTIMIZATION  (4 transmitters)
======================================================================
Pre-created 3025 receivers (700 inside + 2325 outside) across 4 base stations
Tx Position: [-311.24993896484375, -125.50519561767578, 50.0]
look_at_position: [-1.7955866425341074, -46.87210097621793, 1.5]
Tx Position: [-273.8194274902344, -592.1390380859375, 50.0]
look_at_position: [-1.7955866425341074, -46.87210097621793, 1.5]
Tx Position: [313.7500915527344, -800.6471557617188, 50.0]
look_at_position: [-1.7955866425341074, -46.87210097621793, 1.5]
Tx Position: [350.51385498046875, -72.47750854492188, 50.0]
look_at_position: [-1.7955866425341074, -46.87210097621793, 1.5]
Tx Position: [358.9024353027344, -46.872100830078125, 50.0]
look_at_position: [-1.7955866425341074, -46.87210097621793, 1.5]
Tx Position: [477.5899963378906, 48.483619689941406, 50.0]
look_at_position: [-1.7955866425341074, -46.87210097621793, 1.5]
Tx Position: [0.6326108574867249, 720.7990112304688, 50.0]
look_at_position: [-1.7955866425341074, -46.87210097621793, 1.5]
Tx Position: [-358.0230407714844, 514.0289916992188, 50.0]
look_at_position: [-1.7955866425341074, -46.87210097621793, 1.5]
  [dbg] mean SINR_dB inside : -6.45
  [dbg] mean SINR_dB outside: -20.5189
  [dbg] L_in=990.378  L_out=-143.2  L_uniform=1081.05  L_min_j=0.5  L_spread=[0]
  Iter   1/100  loss=6599.1313  (16.4s)
  [dbg] mean SINR_dB inside : -3.16109
  [dbg] mean SINR_dB outside: -15.5718
  [dbg] L_in=801.581  L_out=-107.063  L_uniform=925.82  L_min_j=0.475021  L_spread=[0]
  Iter   2/100  loss=5434.6006  (4.8s)
  [dbg] mean SINR_dB inside : -3.17654
  [dbg] mean SINR_dB outside: -15.5544
  [dbg] L_in=813.548  L_out=-106.881  L_uniform=948.759  L_min_j=0.451681  L_spread=[0]
  Iter   3/100  loss=5534.4492  (4.5s)
  [dbg] mean SINR_dB inside : -2.81937
  [dbg] mean SINR_dB outside: -15.4401
  [dbg] L_in=788.818  L_out=-106.136  L_uniform=922.155  L_min_j=0.429313  L_spread=[0]
  Iter   4/100  loss=5341.3979  (4.7s)
  [dbg] mean SINR_dB inside : -2.64129
  [dbg] mean SINR_dB outside: -15.2926
  [dbg] L_in=778.202  L_out=-105.041  L_uniform=912.222  L_min_j=0.407884  L_spread=[0]
  Iter   5/100  loss=5266.4253  (4.5s)
  [dbg] mean SINR_dB inside : -2.2841
  [dbg] mean SINR_dB outside: -15.1577
  [dbg] L_in=760.55  L_out=-104.094  L_uniform=899.393  L_min_j=0.387492  L_spread=[0]
  Iter   6/100  loss=5133.3940  (4.7s)
  [dbg] mean SINR_dB inside : -2.25911
  [dbg] mean SINR_dB outside: -14.9997
  [dbg] L_in=765.557  L_out=-102.997  L_uniform=910.966  L_min_j=0.3682  L_spread=[0]
  Iter   7/100  loss=5185.5747  (3.9s)
  [dbg] mean SINR_dB inside : -1.82132
  [dbg] mean SINR_dB outside: -14.7734
  [dbg] L_in=734.407  L_out=-101.332  L_uniform=875.842  L_min_j=0.350165  L_spread=[0]
  Iter   8/100  loss=4949.5195  (4.1s)
  [dbg] mean SINR_dB inside : -1.63054
  [dbg] mean SINR_dB outside: -14.6528
  [dbg] L_in=724.012  L_out=-100.461  L_uniform=866.774  L_min_j=0.333659  L_spread=[0]
  Iter   9/100  loss=4874.1655  (3.9s)
  [dbg] mean SINR_dB inside : -1.22868
  [dbg] mean SINR_dB outside: -14.5209
  [dbg] L_in=698.009  L_out=-99.4837  L_uniform=839.222  L_min_j=0.31907  L_spread=[0]
  Iter  10/100  loss=4673.1562  (4.0s)
  [dbg] mean SINR_dB inside : -1.25268
  [dbg] mean SINR_dB outside: -14.3063
  [dbg] L_in=703.071  L_out=-97.9354  L_uniform=847.896  L_min_j=0.306264  L_spread=[0]
  Iter  11/100  loss=4730.0068  (3.9s)
  [dbg] mean SINR_dB inside : -1.34367
  [dbg] mean SINR_dB outside: -14.2124
  [dbg] L_in=711.216  L_out=-97.2131  L_uniform=858.667  L_min_j=0.295138  L_spread=[0]
  Iter  12/100  loss=4803.4629  (4.3s)
  [dbg] mean SINR_dB inside : -1.10685
  [dbg] mean SINR_dB outside: -13.9755
  [dbg] L_in=697.244  L_out=-95.5513  L_uniform=845.039  L_min_j=0.285658  L_spread=[0]
  Iter  13/100  loss=4706.9429  (4.3s)
  [dbg] mean SINR_dB inside : -0.930935
  [dbg] mean SINR_dB outside: -13.6733
  [dbg] L_in=685.205  L_out=-93.2632  L_uniform=831.521  L_min_j=0.277641  L_spread=[0]
  Iter  14/100  loss=4632.1611  (4.2s)
  [dbg] mean SINR_dB inside : -0.899349
  [dbg] mean SINR_dB outside: -13.5483
  [dbg] L_in=683.569  L_out=-92.2938  L_uniform=830.138  L_min_j=0.271059  L_spread=[0]
  Iter  15/100  loss=4628.6299  (4.3s)
  [dbg] mean SINR_dB inside : -0.822629
  [dbg] mean SINR_dB outside: -13.4995
  [dbg] L_in=681.761  L_out=-92.0143  L_uniform=831.103  L_min_j=0.265631  L_spread=[0]
  Iter  16/100  loss=4617.0576  (4.3s)
  [dbg] mean SINR_dB inside : -0.638456
  [dbg] mean SINR_dB outside: -13.2187
  [dbg] L_in=669.353  L_out=-89.9968  L_uniform=817.236  L_min_j=0.26126  L_spread=[0]
  Iter  17/100  loss=4536.5811  (4.2s)
  [dbg] mean SINR_dB inside : -0.598961
  [dbg] mean SINR_dB outside: -13.1276
  [dbg] L_in=667.633  L_out=-89.2402  L_uniform=816.134  L_min_j=0.257763  L_spread=[0]
  Iter  18/100  loss=4530.2773  (4.0s)
  [dbg] mean SINR_dB inside : -0.513679
  [dbg] mean SINR_dB outside: -13.0458
  [dbg] L_in=663.002  L_out=-88.6861  L_uniform=811.912  L_min_j=0.255113  L_spread=[0]
  Iter  19/100  loss=4498.3457  (4.3s)
  [dbg] mean SINR_dB inside : -0.473442
  [dbg] mean SINR_dB outside: -13.0383
  [dbg] L_in=663.842  L_out=-88.5594  L_uniform=815.965  L_min_j=0.253222  L_spread=[0]
  Iter  20/100  loss=4506.7358  (4.0s)
  [dbg] mean SINR_dB inside : -0.555898
  [dbg] mean SINR_dB outside: -12.9733
  [dbg] L_in=666.599  L_out=-88.0834  L_uniform=816.609  L_min_j=0.252018  L_spread=[0]
  Iter  21/100  loss=4533.6162  (3.9s)
  [dbg] mean SINR_dB inside : -0.343101
  [dbg] mean SINR_dB outside: -12.9402
  [dbg] L_in=654.328  L_out=-87.7803  L_uniform=804.601  L_min_j=0.25141  L_spread=[0]
  Iter  22/100  loss=4437.2793  (3.9s)
  [dbg] mean SINR_dB inside : -0.481365
  [dbg] mean SINR_dB outside: -12.9987
  [dbg] L_in=668.798  L_out=-88.1541  L_uniform=825.406  L_min_j=0.251356  L_spread=[0]
  Iter  23/100  loss=4551.3823  (4.1s)
  [dbg] mean SINR_dB inside : -0.153186
  [dbg] mean SINR_dB outside: -12.879
  [dbg] L_in=642.882  L_out=-87.2912  L_uniform=792.818  L_min_j=0.251828  L_spread=[0]
  Iter  24/100  loss=4349.4248  (4.0s)
  [dbg] mean SINR_dB inside : -0.163805
  [dbg] mean SINR_dB outside: -12.8691
  [dbg] L_in=646.101  L_out=-87.1586  L_uniform=798.634  L_min_j=0.252681  L_spread=[0]
  Iter  25/100  loss=4377.0815  (3.8s)
  [dbg] mean SINR_dB inside : 0.13202
  [dbg] mean SINR_dB outside: -12.8432
  [dbg] L_in=627.344  L_out=-86.9976  L_uniform=778.287  L_min_j=0.253887  L_spread=[0]
  Iter  26/100  loss=4226.6050  (4.0s)
  [dbg] mean SINR_dB inside : 0.181901
  [dbg] mean SINR_dB outside: -12.7453
  [dbg] L_in=627.796  L_out=-86.1756  L_uniform=782.068  L_min_j=0.25542  L_spread=[0]
  Iter  27/100  loss=4238.8154  (3.9s)
  [dbg] mean SINR_dB inside : 0.259736
  [dbg] mean SINR_dB outside: -12.6426
  [dbg] L_in=621.805  L_out=-85.5451  L_uniform=774.565  L_min_j=0.257275  L_spread=[0]
  Iter  28/100  loss=4196.4473  (3.9s)
  [dbg] mean SINR_dB inside : 0.214063
  [dbg] mean SINR_dB outside: -12.5901
  [dbg] L_in=627.412  L_out=-85.1448  L_uniform=783.153  L_min_j=0.259342  L_spread=[0]
  Iter  29/100  loss=4246.1665  (3.9s)
  [dbg] mean SINR_dB inside : 0.176473
  [dbg] mean SINR_dB outside: -12.6232
  [dbg] L_in=627.966  L_out=-85.3437  L_uniform=782.096  L_min_j=0.261566  L_spread=[0]
  Iter  30/100  loss=4248.5049  (4.0s)
  [dbg] mean SINR_dB inside : 0.413101
  [dbg] mean SINR_dB outside: -12.6452
  [dbg] L_in=612.677  L_out=-85.4522  L_uniform=765.101  L_min_j=0.263977  L_spread=[0]
  Iter  31/100  loss=4123.4067  (4.0s)
  [dbg] mean SINR_dB inside : 0.493211
  [dbg] mean SINR_dB outside: -12.5645
  [dbg] L_in=607.704  L_out=-84.7428  L_uniform=759.728  L_min_j=0.266499  L_spread=[0]
  Iter  32/100  loss=4090.1748  (4.0s)
  [dbg] mean SINR_dB inside : 0.41888
  [dbg] mean SINR_dB outside: -12.4627
  [dbg] L_in=614.919  L_out=-84.013  L_uniform=769.912  L_min_j=0.269134  L_spread=[0]
  Iter  33/100  loss=4156.2134  (4.0s)
  [dbg] mean SINR_dB inside : 0.426068
  [dbg] mean SINR_dB outside: -12.4292
  [dbg] L_in=612.182  L_out=-83.6527  L_uniform=764.849  L_min_j=0.271887  L_spread=[0]
  Iter  34/100  loss=4137.4141  (4.0s)
  [dbg] mean SINR_dB inside : 0.591155
  [dbg] mean SINR_dB outside: -12.3898
  [dbg] L_in=603.297  L_out=-83.3952  L_uniform=756.487  L_min_j=0.274735  L_spread=[0]
  Iter  35/100  loss=4068.0720  (3.9s)
  [dbg] mean SINR_dB inside : 0.476209
  [dbg] mean SINR_dB outside: -12.2933
  [dbg] L_in=612.929  L_out=-82.6695  L_uniform=769.205  L_min_j=0.277654  L_spread=[0]
  Iter  36/100  loss=4153.6577  (3.9s)
  [dbg] mean SINR_dB inside : 0.718969
  [dbg] mean SINR_dB outside: -12.2034
  [dbg] L_in=599.46  L_out=-81.9501  L_uniform=756.059  L_min_j=0.280655  L_spread=[0]
  Iter  37/100  loss=4051.7837  (3.9s)
  [dbg] mean SINR_dB inside : 0.769824
  [dbg] mean SINR_dB outside: -12.1571
  [dbg] L_in=599.269  L_out=-81.6427  L_uniform=758.548  L_min_j=0.283763  L_spread=[0]
  Iter  38/100  loss=4053.5796  (4.1s)
  [dbg] mean SINR_dB inside : 0.771667
  [dbg] mean SINR_dB outside: -12.1962
  [dbg] L_in=600.175  L_out=-81.8833  L_uniform=760.468  L_min_j=0.286908  L_spread=[0]
  Iter  39/100  loss=4058.6165  (4.0s)
  [dbg] mean SINR_dB inside : 0.653075
  [dbg] mean SINR_dB outside: -12.0955
  [dbg] L_in=607.398  L_out=-81.1302  L_uniform=768.205  L_min_j=0.290173  L_spread=[0]
  Iter  40/100  loss=4124.7041  (4.0s)
  [dbg] mean SINR_dB inside : 0.781275
  [dbg] mean SINR_dB outside: -11.9642
  [dbg] L_in=600.125  L_out=-80.2107  L_uniform=760.91  L_min_j=0.293364  L_spread=[0]
  Iter  41/100  loss=4074.9871  (3.9s)
  [dbg] mean SINR_dB inside : 0.903884
  [dbg] mean SINR_dB outside: -11.8713
  [dbg] L_in=596.966  L_out=-79.5764  L_uniform=761.501  L_min_j=0.296518  L_spread=[0]
  Iter  42/100  loss=4056.1165  (3.9s)
  [dbg] mean SINR_dB inside : 0.819577
  [dbg] mean SINR_dB outside: -11.9974
  [dbg] L_in=600.209  L_out=-80.4079  L_uniform=763.236  L_min_j=0.299695  L_spread=[0]
  Iter  43/100  loss=4073.9182  (3.9s)
  [dbg] mean SINR_dB inside : 0.774872
  [dbg] mean SINR_dB outside: -11.9651
  [dbg] L_in=601.855  L_out=-80.1258  L_uniform=764.006  L_min_j=0.302847  L_spread=[0]
  Iter  44/100  loss=4089.9814  (3.9s)
  [dbg] mean SINR_dB inside : 1.12307
  [dbg] mean SINR_dB outside: -11.9367
  [dbg] L_in=579.096  L_out=-79.8975  L_uniform=738.024  L_min_j=0.30608  L_spread=[0]
  Iter  45/100  loss=3907.5933  (3.9s)
  [dbg] mean SINR_dB inside : 0.906787
  [dbg] mean SINR_dB outside: -11.8534
  [dbg] L_in=595.846  L_out=-79.3922  L_uniform=759.418  L_min_j=0.309357  L_spread=[0]
  Iter  46/100  loss=4048.7869  (3.9s)
  [dbg] mean SINR_dB inside : 0.811205
  [dbg] mean SINR_dB outside: -11.7886
  [dbg] L_in=625.907  L_out=-78.9628  L_uniform=814.165  L_min_j=0.312644  L_spread=[0]
  Iter  47/100  loss=4299.0469  (3.9s)
  [dbg] mean SINR_dB inside : 0.933095
  [dbg] mean SINR_dB outside: -11.6624
  [dbg] L_in=617.043  L_out=-78.0188  L_uniform=803.292  L_min_j=0.315928  L_spread=[0]
  Iter  48/100  loss=4236.4814  (3.8s)
  [dbg] mean SINR_dB inside : 0.82803
  [dbg] mean SINR_dB outside: -11.7347
  [dbg] L_in=626.854  L_out=-78.5291  L_uniform=817.005  L_min_j=0.319206  L_spread=[0]
  Iter  49/100  loss=4311.2437  (3.8s)
  [dbg] mean SINR_dB inside : 1.32191
  [dbg] mean SINR_dB outside: -11.6417
  [dbg] L_in=596.944  L_out=-77.9172  L_uniform=784.764  L_min_j=0.322491  L_spread=[0]
  Iter  50/100  loss=4074.8530  (3.6s)
  [dbg] mean SINR_dB inside : 1.22953
  [dbg] mean SINR_dB outside: -11.5579
  [dbg] L_in=602.385  L_out=-77.3075  L_uniform=790.527  L_min_j=0.325741  L_spread=[0]
  Iter  51/100  loss=4125.0547  (3.9s)
  [dbg] mean SINR_dB inside : 1.27005
  [dbg] mean SINR_dB outside: -11.4737
  [dbg] L_in=599.897  L_out=-76.7303  L_uniform=787.798  L_min_j=0.329004  L_spread=[0]
  Iter  52/100  loss=4110.6519  (3.8s)
  [dbg] mean SINR_dB inside : 1.18841
  [dbg] mean SINR_dB outside: -11.5994
  [dbg] L_in=605.169  L_out=-77.6487  L_uniform=793.808  L_min_j=0.33221  L_spread=[0]
  Iter  53/100  loss=4144.2422  (3.8s)
  [dbg] mean SINR_dB inside : 1.10897
  [dbg] mean SINR_dB outside: -11.4782
  [dbg] L_in=610.336  L_out=-76.8341  L_uniform=799.721  L_min_j=0.335375  L_spread=[0]
  Iter  54/100  loss=4194.3184  (3.8s)
  [dbg] mean SINR_dB inside : 1.28066
  [dbg] mean SINR_dB outside: -11.4089
  [dbg] L_in=600.185  L_out=-76.3517  L_uniform=788.967  L_min_j=0.338424  L_spread=[0]
  Iter  55/100  loss=4116.8589  (3.8s)
  [dbg] mean SINR_dB inside : 1.3185
  [dbg] mean SINR_dB outside: -11.396
  [dbg] L_in=596.789  L_out=-76.3075  L_uniform=784.269  L_min_j=0.341381  L_spread=[0]
  Iter  56/100  loss=4089.6621  (3.8s)
  [dbg] mean SINR_dB inside : 1.35796
  [dbg] mean SINR_dB outside: -11.3697
  [dbg] L_in=598.664  L_out=-76.1092  L_uniform=790.204  L_min_j=0.344285  L_spread=[0]
  Iter  57/100  loss=4107.2412  (3.7s)
  [dbg] mean SINR_dB inside : 1.45082
  [dbg] mean SINR_dB outside: -11.5163
  [dbg] L_in=592.967  L_out=-77.248  L_uniform=783.936  L_min_j=0.347081  L_spread=[0]
  Iter  58/100  loss=4049.6528  (3.7s)
  [dbg] mean SINR_dB inside : 1.6875
  [dbg] mean SINR_dB outside: -11.3706
  [dbg] L_in=554.697  L_out=-76.1291  L_uniform=720.384  L_min_j=0.349799  L_spread=[0]
  Iter  59/100  loss=3748.3250  (3.8s)
  [dbg] mean SINR_dB inside : 1.43197
  [dbg] mean SINR_dB outside: -11.4428
  [dbg] L_in=570.009  L_out=-76.8881  L_uniform=736.987  L_min_j=0.352447  L_spread=[0]
  Iter  60/100  loss=3864.8931  (3.8s)
  [dbg] mean SINR_dB inside : 1.69456
  [dbg] mean SINR_dB outside: -11.3513
  [dbg] L_in=556.785  L_out=-76.1614  L_uniform=724.946  L_min_j=0.355012  L_spread=[0]
  Iter  61/100  loss=3765.1592  (3.8s)
  [dbg] mean SINR_dB inside : 2.01444
  [dbg] mean SINR_dB outside: -11.3043
  [dbg] L_in=533.188  L_out=-75.909  L_uniform=695.12  L_min_j=0.357501  L_spread=[0]
  Iter  62/100  loss=3575.9224  (3.9s)
  [dbg] mean SINR_dB inside : 1.82459
  [dbg] mean SINR_dB outside: -11.3167
  [dbg] L_in=548.028  L_out=-76.0427  L_uniform=714.521  L_min_j=0.359922  L_spread=[0]
  Iter  63/100  loss=3695.2505  (3.9s)
  [dbg] mean SINR_dB inside : 1.70719
  [dbg] mean SINR_dB outside: -11.2887
  [dbg] L_in=558.681  L_out=-75.8709  L_uniform=729.433  L_min_j=0.362225  L_spread=[0]
  Iter  64/100  loss=3783.6843  (4.0s)
  [dbg] mean SINR_dB inside : 1.849
  [dbg] mean SINR_dB outside: -11.2878
  [dbg] L_in=551.083  L_out=-75.6632  L_uniform=721.955  L_min_j=0.36445  L_spread=[0]
  Iter  65/100  loss=3724.2246  (3.9s)
  [dbg] mean SINR_dB inside : 1.78697
  [dbg] mean SINR_dB outside: -11.1543
  [dbg] L_in=553.381  L_out=-74.8829  L_uniform=723.176  L_min_j=0.36661  L_spread=[0]
  Iter  66/100  loss=3750.5359  (3.7s)
  [dbg] mean SINR_dB inside : 1.80951
  [dbg] mean SINR_dB outside: -11.1939
  [dbg] L_in=549.099  L_out=-75.1976  L_uniform=715.843  L_min_j=0.36865  L_spread=[0]
  Iter  67/100  loss=3712.4006  (3.9s)
  [dbg] mean SINR_dB inside : 1.72344
  [dbg] mean SINR_dB outside: -11.2255
  [dbg] L_in=553.009  L_out=-75.32  L_uniform=718.981  L_min_j=0.370559  L_spread=[0]
  Iter  68/100  loss=3742.7693  (3.9s)
  [dbg] mean SINR_dB inside : 1.92988
  [dbg] mean SINR_dB outside: -11.212
  [dbg] L_in=545.558  L_out=-75.1409  L_uniform=715.295  L_min_j=0.372361  L_spread=[0]
  Iter  69/100  loss=3684.5811  (3.9s)
  [dbg] mean SINR_dB inside : 1.97994
  [dbg] mean SINR_dB outside: -11.0731
  [dbg] L_in=543.676  L_out=-74.1061  L_uniform=714.237  L_min_j=0.374087  L_spread=[0]
  Iter  70/100  loss=3679.7715  (3.9s)
  [dbg] mean SINR_dB inside : 1.91416
  [dbg] mean SINR_dB outside: -10.9992
  [dbg] L_in=545.501  L_out=-73.3286  L_uniform=714.328  L_min_j=0.375714  L_spread=[0]
  Iter  71/100  loss=3702.1582  (3.9s)
  [dbg] mean SINR_dB inside : 1.81418
  [dbg] mean SINR_dB outside: -11.0233
  [dbg] L_in=552.451  L_out=-73.5148  L_uniform=722.802  L_min_j=0.377295  L_spread=[0]
  Iter  72/100  loss=3756.7368  (3.9s)
  [dbg] mean SINR_dB inside : 1.84989
  [dbg] mean SINR_dB outside: -11.0037
  [dbg] L_in=548.945  L_out=-73.384  L_uniform=717.732  L_min_j=0.378768  L_spread=[0]
  Iter  73/100  loss=3729.4941  (3.9s)
  [dbg] mean SINR_dB inside : 1.92773
  [dbg] mean SINR_dB outside: -10.9824
  [dbg] L_in=547.629  L_out=-73.0078  L_uniform=719.326  L_min_j=0.380145  L_spread=[0]
  Iter  74/100  loss=3722.8882  (3.9s)
  [dbg] mean SINR_dB inside : 1.97154
  [dbg] mean SINR_dB outside: -10.9667
  [dbg] L_in=542.773  L_out=-73.0661  L_uniform=711.978  L_min_j=0.381458  L_spread=[0]
  Iter  75/100  loss=3682.7192  (3.9s)
  [dbg] mean SINR_dB inside : 1.98441
  [dbg] mean SINR_dB outside: -10.9892
  [dbg] L_in=539.946  L_out=-73.1475  L_uniform=707.022  L_min_j=0.382684  L_spread=[0]
  Iter  76/100  loss=3658.7954  (3.9s)
  [dbg] mean SINR_dB inside : 1.99769
  [dbg] mean SINR_dB outside: -11.0925
  [dbg] L_in=543.949  L_out=-73.9313  L_uniform=715.75  L_min_j=0.383824  L_spread=[0]
  Iter  77/100  loss=3683.8545  (3.9s)
  [dbg] mean SINR_dB inside : 1.9761
  [dbg] mean SINR_dB outside: -11.0728
  [dbg] L_in=543.953  L_out=-73.7517  L_uniform=714.588  L_min_j=0.384862  L_spread=[0]
  Iter  78/100  loss=3685.5645  (3.9s)
  [dbg] mean SINR_dB inside : 2.05176
  [dbg] mean SINR_dB outside: -10.9612
  [dbg] L_in=537.999  L_out=-72.8549  L_uniform=706.761  L_min_j=0.385814  L_spread=[0]
  Iter  79/100  loss=3646.1160  (3.9s)
  [dbg] mean SINR_dB inside : 1.93983
  [dbg] mean SINR_dB outside: -10.9855
  [dbg] L_in=543.495  L_out=-73.0166  L_uniform=711.712  L_min_j=0.386691  L_spread=[0]
  Iter  80/100  loss=3688.9624  (3.9s)
  [dbg] mean SINR_dB inside : 2.09393
  [dbg] mean SINR_dB outside: -11.0249
  [dbg] L_in=537.889  L_out=-73.3025  L_uniform=708.819  L_min_j=0.387491  L_spread=[0]
  Iter  81/100  loss=3640.9697  (3.7s)
  [dbg] mean SINR_dB inside : 2.04196
  [dbg] mean SINR_dB outside: -11.1442
  [dbg] L_in=540.297  L_out=-74.1553  L_uniform=710.832  L_min_j=0.388231  L_spread=[0]
  Iter  82/100  loss=3651.9065  (3.8s)
  [dbg] mean SINR_dB inside : 1.94745
  [dbg] mean SINR_dB outside: -11.1056
  [dbg] L_in=545.768  L_out=-73.8649  L_uniform=716.669  L_min_j=0.388904  L_spread=[0]
  Iter  83/100  loss=3699.1650  (3.9s)
  [dbg] mean SINR_dB inside : 1.92862
  [dbg] mean SINR_dB outside: -11.1257
  [dbg] L_in=544.748  L_out=-74.0823  L_uniform=713.615  L_min_j=0.389526  L_spread=[0]
  Iter  84/100  loss=3688.5261  (3.9s)
  [dbg] mean SINR_dB inside : 1.82838
  [dbg] mean SINR_dB outside: -11.1167
  [dbg] L_in=551.323  L_out=-74.0064  L_uniform=721.321  L_min_j=0.390091  L_spread=[0]
  Iter  85/100  loss=3742.6560  (3.9s)
  [dbg] mean SINR_dB inside : 2.05539
  [dbg] mean SINR_dB outside: -11.006
  [dbg] L_in=537.636  L_out=-73.2944  L_uniform=706.231  L_min_j=0.39058  L_spread=[0]
  Iter  86/100  loss=3638.7683  (3.8s)
  [dbg] mean SINR_dB inside : 2.02927
  [dbg] mean SINR_dB outside: -11.1165
  [dbg] L_in=538.702  L_out=-73.983  L_uniform=706.96  L_min_j=0.39101  L_spread=[0]
  Iter  87/100  loss=3640.4834  (3.8s)
  [dbg] mean SINR_dB inside : 2.10307
  [dbg] mean SINR_dB outside: -11.1007
  [dbg] L_in=534.392  L_out=-73.8877  L_uniform=702.308  L_min_j=0.391377  L_spread=[0]
  Iter  88/100  loss=3606.4932  (3.9s)
  [dbg] mean SINR_dB inside : 2.04602
  [dbg] mean SINR_dB outside: -11.0967
  [dbg] L_in=540.235  L_out=-73.8421  L_uniform=710.927  L_min_j=0.391693  L_spread=[0]
  Iter  89/100  loss=3654.5488  (3.8s)
  [dbg] mean SINR_dB inside : 2.18879
  [dbg] mean SINR_dB outside: -10.9941
  [dbg] L_in=528.866  L_out=-73.1297  L_uniform=695.866  L_min_j=0.391965  L_spread=[0]
  Iter  90/100  loss=3569.2141  (3.9s)
  [dbg] mean SINR_dB inside : 1.72835
  [dbg] mean SINR_dB outside: -11.0907
  [dbg] L_in=580.445  L_out=-73.7858  L_uniform=774.121  L_min_j=0.392195  L_spread=[0]
  Iter  91/100  loss=3983.1104  (3.9s)
  [dbg] mean SINR_dB inside : 1.87358
  [dbg] mean SINR_dB outside: -11.0405
  [dbg] L_in=570.606  L_out=-73.4621  L_uniform=762.339  L_min_j=0.392385  L_spread=[0]
  Iter  92/100  loss=3906.4604  (3.8s)
  [dbg] mean SINR_dB inside : 1.71398
  [dbg] mean SINR_dB outside: -11.0309
  [dbg] L_in=583.255  L_out=-73.3458  L_uniform=778.962  L_min_j=0.392539  L_spread=[0]
  Iter  93/100  loss=4010.4812  (3.8s)
  [dbg] mean SINR_dB inside : 1.90123
  [dbg] mean SINR_dB outside: -10.9867
  [dbg] L_in=570.692  L_out=-73.0782  L_uniform=764.008  L_min_j=0.392661  L_spread=[0]
  Iter  94/100  loss=3911.1584  (3.6s)
  [dbg] mean SINR_dB inside : 2.02949
  [dbg] mean SINR_dB outside: -11.017
  [dbg] L_in=561.165  L_out=-73.3074  L_uniform=751.891  L_min_j=0.392754  L_spread=[0]
  Iter  95/100  loss=3831.4370  (3.9s)
  [dbg] mean SINR_dB inside : 1.94773
  [dbg] mean SINR_dB outside: -11.0314
  [dbg] L_in=564.983  L_out=-73.2944  L_uniform=755.112  L_min_j=0.392821  L_spread=[0]
  Iter  96/100  loss=3862.4341  (3.8s)
  [dbg] mean SINR_dB inside : 1.69556
  [dbg] mean SINR_dB outside: -10.9737
  [dbg] L_in=582.635  L_out=-73.0138  L_uniform=776.71  L_min_j=0.392868  L_spread=[0]
  Iter  97/100  loss=4008.6106  (3.8s)
  [dbg] mean SINR_dB inside : 1.84379
  [dbg] mean SINR_dB outside: -10.9161
  [dbg] L_in=572.873  L_out=-72.5306  L_uniform=765.256  L_min_j=0.392899  L_spread=[0]
  Iter  98/100  loss=3934.2070  (3.6s)
  [dbg] mean SINR_dB inside : 1.75924
  [dbg] mean SINR_dB outside: -11.0006
  [dbg] L_in=577.904  L_out=-73.2142  L_uniform=770.727  L_min_j=0.392916  L_spread=[0]
  Iter  99/100  loss=3968.1619  (3.9s)
  [dbg] mean SINR_dB inside : 1.87554
  [dbg] mean SINR_dB outside: -11.0299
  [dbg] L_in=570.512  L_out=-73.4002  L_uniform=762.264  L_min_j=0.392923  L_spread=[0]
  Iter 100/100  loss=3906.3181  (4.5s)

======================================================================
OPTIMIZATION COMPLETE  (409.4s)
  bs_0: Az=256.3°, El=-6.5°, pos=(67.5, 538.8)
  bs_1: Az=149.2°, El=-5.8°, pos=(337.2, -371.6)
  bs_2: Az=344.1°, El=-7.7°, pos=(-424.5, 108.6)
  bs_3: Az=111.2°, El=-9.3°, pos=(150.0, -665.1)
  jam_1 [OFF gate=0.441]: Az=16.1°, El=-90.0°, pos=(-379.4, -152.8, 22.0), pwr=19.7 dBm
  jam_2 [OFF gate=0.214]: Az=66.0°, El=-90.0°, pos=(-363.7, -627.7, 30.0), pwr=18.7 dBm
  jam_3 [OFF gate=0.135]: Az=112.1°, El=-90.0°, pos=(346.4, -834.3, 5.0), pwr=18.3 dBm
  jam_4 [OFF gate=0.273]: Az=175.8°, El=-90.0°, pos=(406.9, -130.6, 11.8), pwr=19.0 dBm
  jam_5 [OFF gate=0.323]: Az=182.3°, El=-90.0°, pos=(404.5, -87.4, 11.3), pwr=19.2 dBm
  jam_6 [OFF gate=0.439]: Az=192.7°, El=-90.0°, pos=(525.9, -5.2, 17.7), pwr=19.5 dBm
  jam_7 [ON  gate=0.567]: Az=267.6°, El=-90.0°, pos=(-74.6, 734.5, 28.6), pwr=20.1 dBm
  jam_8 [ON  gate=0.751]: Az=305.5°, El=-90.0°, pos=(-449.5, 595.3, 42.8), pwr=21.2 dBm
======================================================================

  Joint:   409.4s total, 4.09s/iter
  Evaluating...

======================================================================
BS PARAMETERS  —  BEFORE / AFTER
======================================================================
  Name           Param         Initial   Optimised       Delta
  ----------------------------------------------------------------
  bs_0           Azimuth      +258.13°    +256.28°      -1.86°
                 Elevation      -6.47°      -6.54°      -0.07°
                 X (m)           +68.9       +67.5        -1.4
                 Y (m)          +553.4      +538.8       -14.6
                 Power dBm      +35.00      +40.00       +5.00
  ----------------------------------------------------------------
  bs_1           Azimuth      +154.77°    +149.15°      -5.61°
                 Elevation      -6.71°      -5.76°      +0.95°
                 X (m)          +359.9      +337.2       -22.7
                 Y (m)          -306.2      -371.6       -65.4
                 Power dBm      +35.00      +40.00       +5.00
  ----------------------------------------------------------------
  bs_2           Azimuth      +338.99°    +344.12°      +5.14°
                 Elevation      -8.31°      -7.70°      +0.61°
                 X (m)          -424.5      -424.5        +0.0
                 Y (m)          +108.6      +108.6        +0.0
                 Power dBm      +35.00      +40.00       +5.00
  ----------------------------------------------------------------
  bs_3           Azimuth      +106.49°    +111.24°      +4.74°
                 Elevation      -6.83°      -9.26°      -2.43°
                 X (m)          +151.6      +150.0        -1.5
                 Y (m)          -702.6      -665.1       +37.5
                 Power dBm      +35.00      +40.00       +5.00
  ----------------------------------------------------------------
======================================================================

Computing RadioMap for optimized BS configuration...
Computing RadioMap for 2/8 active jammers...
[verify] jam_interference_map: mean=1.007e-11 W  | mean SINR shift (BS-only − BS+Jam) = +0.200 dB

======================================================================
BS-ONLY SINR CONTAINMENT  (gamma = +0.0 dB)
======================================================================
  bs_0:
    rho_leak  (outside >= gamma):  33.5%
    rho_hole  (inside  <  gamma):  22.4%
    SINR inside  mean / p10: +6.8 / -14.4 dB
    SINR outside mean / p10: -25.1 / -180.0 dB

  bs_1:
    rho_leak  (outside >= gamma):  33.5%
    rho_hole  (inside  <  gamma):  22.4%
    SINR inside  mean / p10: +6.8 / -14.4 dB
    SINR outside mean / p10: -25.1 / -180.0 dB

  bs_2:
    rho_leak  (outside >= gamma):  33.5%
    rho_hole  (inside  <  gamma):  22.4%
    SINR inside  mean / p10: +6.8 / -14.4 dB
    SINR outside mean / p10: -25.1 / -180.0 dB

  bs_3:
    rho_leak  (outside >= gamma):  33.5%
    rho_hole  (inside  <  gamma):  22.4%
    SINR inside  mean / p10: +6.8 / -14.4 dB
    SINR outside mean / p10: -25.1 / -180.0 dB

======================================================================
BS+JAMMER SINR CONTAINMENT  (gamma = +0.0 dB)
======================================================================
  bs_0:
    rho_leak  (outside >= gamma):  33.3%
    rho_hole  (inside  <  gamma):  22.4%
    SINR inside  mean / p10: +6.8 / -14.4 dB
    SINR outside mean / p10: -25.5 / -180.0 dB

  bs_1:
    rho_leak  (outside >= gamma):  33.3%
    rho_hole  (inside  <  gamma):  22.4%
    SINR inside  mean / p10: +6.8 / -14.4 dB
    SINR outside mean / p10: -25.5 / -180.0 dB

  bs_2:
    rho_leak  (outside >= gamma):  33.3%
    rho_hole  (inside  <  gamma):  22.4%
    SINR inside  mean / p10: +6.8 / -14.4 dB
    SINR outside mean / p10: -25.5 / -180.0 dB

  bs_3:
    rho_leak  (outside >= gamma):  33.3%
    rho_hole  (inside  <  gamma):  22.4%
    SINR inside  mean / p10: +6.8 / -14.4 dB
    SINR outside mean / p10: -25.5 / -180.0 dB

======================================================================

  Saved → ../results/duke/splat_large_n700

[ 12/16] START splat_large_n1000
Creating polygon
  Zone cells: 1648595
  bs_0: (31.2, 509.1, 50.0)
  bs_1: (233.3, -194.9, 50.0)
  bs_2: (-417.8, 110.6, 50.0)
  bs_3: (117.9, -646.1, 50.0)
  Jammers: 8 evenly placed at 200 m standoff
  Run 1: BS warm-up (100 iter, inside coverage only)
-700.0

======================================================================
MULTI-TX SIR OPTIMIZATION  (4 transmitters)
======================================================================
Tx Position: [31.197982788085938, 509.07958984375, 50.0]
look_at_position: [-50.27000000000001, -69.60000000000002, 1.5]
Tx Position: [233.28465270996094, -194.85752868652344, 50.0]
look_at_position: [-50.27000000000001, -69.60000000000002, 1.5]
Tx Position: [-417.7782287597656, 110.62852478027344, 50.0]
look_at_position: [-50.27000000000001, -69.60000000000002, 1.5]
Tx Position: [117.9024429321289, -646.106201171875, 50.0]
look_at_position: [-50.27000000000001, -69.60000000000002, 1.5]
  [dbg] mean SINR_dB inside : 2.62417
  [dbg] mean SINR_dB outside: -8.77404
  [dbg] L_in=480.417  L_out=2.44456  L_uniform=622.09  L_min_j=[0]  L_spread=[0]
  Iter   1/100  loss=4866.3818  (22.2s)
  [dbg] mean SINR_dB inside : 2.79325
  [dbg] mean SINR_dB outside: -9.29174
  [dbg] L_in=478.394  L_out=2.65685  L_uniform=626.931  L_min_j=[0]  L_spread=[0]
  Iter   2/100  loss=4846.6338  (2.5s)
  [dbg] mean SINR_dB inside : 2.46604
  [dbg] mean SINR_dB outside: -9.86387
  [dbg] L_in=513.098  L_out=2.95131  L_uniform=679.106  L_min_j=[0]  L_spread=[0]
  Iter   3/100  loss=5198.8931  (2.5s)
  [dbg] mean SINR_dB inside : 2.62607
  [dbg] mean SINR_dB outside: -10.214
  [dbg] L_in=505.088  L_out=3.09751  L_uniform=671.57  L_min_j=[0]  L_spread=[0]
  Iter   4/100  loss=5118.0342  (2.5s)
  [dbg] mean SINR_dB inside : 2.72134
  [dbg] mean SINR_dB outside: -10.0763
  [dbg] L_in=499.506  L_out=3.27872  L_uniform=665.435  L_min_j=[0]  L_spread=[0]
  Iter   5/100  loss=5061.6045  (2.5s)
  [dbg] mean SINR_dB inside : 2.67506
  [dbg] mean SINR_dB outside: -9.99228
  [dbg] L_in=498.607  L_out=3.55388  L_uniform=661.207  L_min_j=[0]  L_spread=[0]
  Iter   6/100  loss=5052.1885  (2.3s)
  [dbg] mean SINR_dB inside : 2.87025
  [dbg] mean SINR_dB outside: -9.89839
  [dbg] L_in=492.303  L_out=3.79647  L_uniform=658.841  L_min_j=[0]  L_spread=[0]
  Iter   7/100  loss=4988.9106  (2.2s)
  [dbg] mean SINR_dB inside : 2.76638
  [dbg] mean SINR_dB outside: -9.63191
  [dbg] L_in=499.956  L_out=4.17117  L_uniform=668.726  L_min_j=[0]  L_spread=[0]
  Iter   8/100  loss=5066.4360  (2.2s)
  [dbg] mean SINR_dB inside : 2.96208
  [dbg] mean SINR_dB outside: -9.52823
  [dbg] L_in=486.95  L_out=4.45602  L_uniform=652.954  L_min_j=[0]  L_spread=[0]
  Iter   9/100  loss=4934.7959  (2.2s)
  [dbg] mean SINR_dB inside : 3.13794
  [dbg] mean SINR_dB outside: -9.58125
  [dbg] L_in=479.89  L_out=4.97196  L_uniform=647.96  L_min_j=[0]  L_spread=[0]
  Iter  10/100  loss=4863.6953  (2.2s)
  [dbg] mean SINR_dB inside : 3.41707
  [dbg] mean SINR_dB outside: -9.28952
  [dbg] L_in=464.282  L_out=5.26608  L_uniform=631.11  L_min_j=[0]  L_spread=[0]
  Iter  11/100  loss=4705.9321  (2.2s)
  [dbg] mean SINR_dB inside : 3.45548
  [dbg] mean SINR_dB outside: -9.15625
  [dbg] L_in=465.657  L_out=5.5118  L_uniform=635.84  L_min_j=[0]  L_spread=[0]
  Iter  12/100  loss=4720.1562  (2.2s)
  [dbg] mean SINR_dB inside : 3.30665
  [dbg] mean SINR_dB outside: -9.10773
  [dbg] L_in=474.578  L_out=5.99471  L_uniform=646.062  L_min_j=[0]  L_spread=[0]
  Iter  13/100  loss=4810.3848  (2.2s)
  [dbg] mean SINR_dB inside : 3.46113
  [dbg] mean SINR_dB outside: -8.90845
  [dbg] L_in=465.726  L_out=6.11364  L_uniform=636.281  L_min_j=[0]  L_spread=[0]
  Iter  14/100  loss=4720.8916  (2.2s)
  [dbg] mean SINR_dB inside : 3.56335
  [dbg] mean SINR_dB outside: -8.83871
  [dbg] L_in=464.374  L_out=6.47624  L_uniform=638.795  L_min_j=[0]  L_spread=[0]
  Iter  15/100  loss=4707.6235  (2.1s)
  [dbg] mean SINR_dB inside : 3.61984
  [dbg] mean SINR_dB outside: -8.81847
  [dbg] L_in=458.599  L_out=6.91894  L_uniform=630.131  L_min_j=[0]  L_spread=[0]
  Iter  16/100  loss=4649.0078  (2.2s)
  [dbg] mean SINR_dB inside : 3.54981
  [dbg] mean SINR_dB outside: -8.6192
  [dbg] L_in=463.23  L_out=7.28572  L_uniform=635.856  L_min_j=[0]  L_spread=[0]
  Iter  17/100  loss=4695.8892  (2.2s)
  [dbg] mean SINR_dB inside : 3.6708
  [dbg] mean SINR_dB outside: -8.40797
  [dbg] L_in=456.613  L_out=7.73334  L_uniform=628.76  L_min_j=[0]  L_spread=[0]
  Iter  18/100  loss=4629.0088  (2.2s)
  [dbg] mean SINR_dB inside : 3.58404
  [dbg] mean SINR_dB outside: -8.29546
  [dbg] L_in=459.656  L_out=8.22027  L_uniform=630.464  L_min_j=[0]  L_spread=[0]
  Iter  19/100  loss=4659.6084  (2.2s)
  [dbg] mean SINR_dB inside : 3.47282
  [dbg] mean SINR_dB outside: -8.09345
  [dbg] L_in=467.995  L_out=8.60689  L_uniform=641.456  L_min_j=[0]  L_spread=[0]
  Iter  20/100  loss=4744.0986  (2.2s)
  [dbg] mean SINR_dB inside : 3.62441
  [dbg] mean SINR_dB outside: -7.989
  [dbg] L_in=461.718  L_out=8.83314  L_uniform=636.652  L_min_j=[0]  L_spread=[0]
  Iter  21/100  loss=4680.8447  (2.1s)
  [dbg] mean SINR_dB inside : 3.65537
  [dbg] mean SINR_dB outside: -7.88015
  [dbg] L_in=460.831  L_out=9.31304  L_uniform=636.452  L_min_j=[0]  L_spread=[0]
  Iter  22/100  loss=4671.9595  (2.2s)
  [dbg] mean SINR_dB inside : 3.81898
  [dbg] mean SINR_dB outside: -7.78451
  [dbg] L_in=453.043  L_out=9.56496  L_uniform=629.141  L_min_j=[0]  L_spread=[0]
  Iter  23/100  loss=4593.3418  (2.2s)
  [dbg] mean SINR_dB inside : 3.78225
  [dbg] mean SINR_dB outside: -7.74385
  [dbg] L_in=458.892  L_out=9.92289  L_uniform=639.003  L_min_j=[0]  L_spread=[0]
  Iter  24/100  loss=4652.8237  (2.2s)
  [dbg] mean SINR_dB inside : 3.84066
  [dbg] mean SINR_dB outside: -7.65877
  [dbg] L_in=452.808  L_out=10.3755  L_uniform=629.78  L_min_j=[0]  L_spread=[0]
  Iter  25/100  loss=4591.0581  (2.2s)
  [dbg] mean SINR_dB inside : 3.84705
  [dbg] mean SINR_dB outside: -7.54556
  [dbg] L_in=456.451  L_out=10.761  L_uniform=637.377  L_min_j=[0]  L_spread=[0]
  Iter  26/100  loss=4628.2490  (2.2s)
  [dbg] mean SINR_dB inside : 3.80426
  [dbg] mean SINR_dB outside: -7.43024
  [dbg] L_in=458.585  L_out=11.0747  L_uniform=639.51  L_min_j=[0]  L_spread=[0]
  Iter  27/100  loss=4649.8042  (2.2s)
  [dbg] mean SINR_dB inside : 3.81202
  [dbg] mean SINR_dB outside: -7.24692
  [dbg] L_in=460.564  L_out=11.3565  L_uniform=643.855  L_min_j=[0]  L_spread=[0]
  Iter  28/100  loss=4670.0215  (2.2s)
  [dbg] mean SINR_dB inside : 4.07917
  [dbg] mean SINR_dB outside: -7.18376
  [dbg] L_in=441.508  L_out=11.7464  L_uniform=619.154  L_min_j=[0]  L_spread=[0]
  Iter  29/100  loss=4477.0000  (2.4s)
  [dbg] mean SINR_dB inside : 4.08773
  [dbg] mean SINR_dB outside: -7.07119
  [dbg] L_in=443.922  L_out=12.0252  L_uniform=624.417  L_min_j=[0]  L_spread=[0]
  Iter  30/100  loss=4501.6665  (1.9s)
  [dbg] mean SINR_dB inside : 4.12901
  [dbg] mean SINR_dB outside: -7.03929
  [dbg] L_in=445.621  L_out=12.5372  L_uniform=629.887  L_min_j=[0]  L_spread=[0]
  Iter  31/100  loss=4519.1982  (2.1s)
  [dbg] mean SINR_dB inside : 4.18993
  [dbg] mean SINR_dB outside: -6.90446
  [dbg] L_in=439.252  L_out=12.6788  L_uniform=620.173  L_min_j=[0]  L_spread=[0]
  Iter  32/100  loss=4454.5396  (2.1s)
  [dbg] mean SINR_dB inside : 4.14695
  [dbg] mean SINR_dB outside: -6.91286
  [dbg] L_in=443.675  L_out=12.9585  L_uniform=626.893  L_min_j=[0]  L_spread=[0]
  Iter  33/100  loss=4499.4385  (2.1s)
  [dbg] mean SINR_dB inside : 4.14489
  [dbg] mean SINR_dB outside: -6.79911
  [dbg] L_in=445.449  L_out=13.2855  L_uniform=630.367  L_min_j=[0]  L_spread=[0]
  Iter  34/100  loss=4517.5298  (2.1s)
  [dbg] mean SINR_dB inside : 4.55009
  [dbg] mean SINR_dB outside: -6.77227
  [dbg] L_in=421.2  L_out=13.4432  L_uniform=601.854  L_min_j=[0]  L_spread=[0]
  Iter  35/100  loss=4272.1807  (2.0s)
  [dbg] mean SINR_dB inside : 4.43689
  [dbg] mean SINR_dB outside: -6.63687
  [dbg] L_in=430.772  L_out=13.7438  L_uniform=615.454  L_min_j=[0]  L_spread=[0]
  Iter  36/100  loss=4369.2632  (2.2s)
  [dbg] mean SINR_dB inside : 4.36363
  [dbg] mean SINR_dB outside: -6.65385
  [dbg] L_in=432.299  L_out=13.8747  L_uniform=614.917  L_min_j=[0]  L_spread=[0]
  Iter  37/100  loss=4384.4771  (2.2s)
  [dbg] mean SINR_dB inside : 4.49008
  [dbg] mean SINR_dB outside: -6.52604
  [dbg] L_in=427.81  L_out=14.2864  L_uniform=612.17  L_min_j=[0]  L_spread=[0]
  Iter  38/100  loss=4339.3140  (2.2s)
  [dbg] mean SINR_dB inside : 4.52981
  [dbg] mean SINR_dB outside: -6.37066
  [dbg] L_in=430.963  L_out=14.5082  L_uniform=620.436  L_min_j=[0]  L_spread=[0]
  Iter  39/100  loss=4371.6729  (2.1s)
  [dbg] mean SINR_dB inside : 4.67781
  [dbg] mean SINR_dB outside: -6.49101
  [dbg] L_in=425.169  L_out=14.5658  L_uniform=616.067  L_min_j=[0]  L_spread=[0]
  Iter  40/100  loss=4313.2930  (1.9s)
  [dbg] mean SINR_dB inside : 4.68757
  [dbg] mean SINR_dB outside: -6.35696
  [dbg] L_in=424.934  L_out=14.8587  L_uniform=616.073  L_min_j=[0]  L_spread=[0]
  Iter  41/100  loss=4310.9429  (2.2s)
  [dbg] mean SINR_dB inside : 4.81696
  [dbg] mean SINR_dB outside: -6.24974
  [dbg] L_in=417.235  L_out=14.9407  L_uniform=606.97  L_min_j=[0]  L_spread=[0]
  Iter  42/100  loss=4233.0498  (2.1s)
  [dbg] mean SINR_dB inside : 4.88127
  [dbg] mean SINR_dB outside: -6.19635
  [dbg] L_in=416.087  L_out=14.9264  L_uniform=607.797  L_min_j=[0]  L_spread=[0]
  Iter  43/100  loss=4221.6489  (2.1s)
  [dbg] mean SINR_dB inside : 4.99591
  [dbg] mean SINR_dB outside: -6.12122
  [dbg] L_in=398.081  L_out=15.521  L_uniform=577.295  L_min_j=[0]  L_spread=[0]
  Iter  44/100  loss=4038.5378  (2.1s)
  [dbg] mean SINR_dB inside : 5.04838
  [dbg] mean SINR_dB outside: -6.02396
  [dbg] L_in=395.559  L_out=15.7683  L_uniform=574.79  L_min_j=[0]  L_spread=[0]
  Iter  45/100  loss=4013.0645  (2.1s)
  [dbg] mean SINR_dB inside : 4.84991
  [dbg] mean SINR_dB outside: -5.93523
  [dbg] L_in=415.165  L_out=15.8631  L_uniform=604.43  L_min_j=[0]  L_spread=[0]
  Iter  46/100  loss=4212.0967  (2.2s)
  [dbg] mean SINR_dB inside : 4.95429
  [dbg] mean SINR_dB outside: -5.85434
  [dbg] L_in=404.17  L_out=16.1756  L_uniform=587.491  L_min_j=[0]  L_spread=[0]
  Iter  47/100  loss=4100.4521  (2.2s)
  [dbg] mean SINR_dB inside : 5.04859
  [dbg] mean SINR_dB outside: -5.85091
  [dbg] L_in=400.464  L_out=16.2786  L_uniform=584.594  L_min_j=[0]  L_spread=[0]
  Iter  48/100  loss=4063.0969  (2.2s)
  [dbg] mean SINR_dB inside : 5.14043
  [dbg] mean SINR_dB outside: -5.70892
  [dbg] L_in=396.593  L_out=16.3078  L_uniform=581.287  L_min_j=[0]  L_spread=[0]
  Iter  49/100  loss=4024.0608  (2.2s)
  [dbg] mean SINR_dB inside : 5.135
  [dbg] mean SINR_dB outside: -5.72574
  [dbg] L_in=399.037  L_out=16.8193  L_uniform=585.946  L_min_j=[0]  L_spread=[0]
  Iter  50/100  loss=4048.9624  (2.2s)
  [dbg] mean SINR_dB inside : 5.24805
  [dbg] mean SINR_dB outside: -5.59784
  [dbg] L_in=392.767  L_out=17.1727  L_uniform=578.787  L_min_j=[0]  L_spread=[0]
  Iter  51/100  loss=3985.5515  (2.2s)
  [dbg] mean SINR_dB inside : 5.33249
  [dbg] mean SINR_dB outside: -5.59593
  [dbg] L_in=385.719  L_out=16.8893  L_uniform=568.67  L_min_j=[0]  L_spread=[0]
  Iter  52/100  loss=3914.0530  (2.2s)
  [dbg] mean SINR_dB inside : 5.26808
  [dbg] mean SINR_dB outside: -5.56237
  [dbg] L_in=390.742  L_out=17.347  L_uniform=575.709  L_min_j=[0]  L_spread=[0]
  Iter  53/100  loss=3964.9932  (2.1s)
  [dbg] mean SINR_dB inside : 5.31601
  [dbg] mean SINR_dB outside: -5.53357
  [dbg] L_in=397.328  L_out=17.6942  L_uniform=591.165  L_min_j=[0]  L_spread=[0]
  Iter  54/100  loss=4032.3997  (2.1s)
  [dbg] mean SINR_dB inside : 5.30409
  [dbg] mean SINR_dB outside: -5.42426
  [dbg] L_in=400.748  L_out=17.6866  L_uniform=597.471  L_min_j=[0]  L_spread=[0]
  Iter  55/100  loss=4067.2227  (2.1s)
  [dbg] mean SINR_dB inside : 5.31663
  [dbg] mean SINR_dB outside: -5.37318
  [dbg] L_in=398.784  L_out=17.5756  L_uniform=594.13  L_min_j=[0]  L_spread=[0]
  Iter  56/100  loss=4047.2571  (2.2s)
  [dbg] mean SINR_dB inside : 5.35903
  [dbg] mean SINR_dB outside: -5.30623
  [dbg] L_in=396.091  L_out=17.9718  L_uniform=590.787  L_min_j=[0]  L_spread=[0]
  Iter  57/100  loss=4019.9915  (2.1s)
  [dbg] mean SINR_dB inside : 5.4289
  [dbg] mean SINR_dB outside: -5.39919
  [dbg] L_in=389.663  L_out=17.7553  L_uniform=581.225  L_min_j=[0]  L_spread=[0]
  Iter  58/100  loss=3954.7573  (1.9s)
  [dbg] mean SINR_dB inside : 5.44605
  [dbg] mean SINR_dB outside: -5.34363
  [dbg] L_in=391.311  L_out=17.9594  L_uniform=585.336  L_min_j=[0]  L_spread=[0]
  Iter  59/100  loss=3971.6475  (2.1s)
  [dbg] mean SINR_dB inside : 5.63822
  [dbg] mean SINR_dB outside: -5.32179
  [dbg] L_in=374.319  L_out=18.0398  L_uniform=560.403  L_min_j=[0]  L_spread=[0]
  Iter  60/100  loss=3799.2334  (1.9s)
  [dbg] mean SINR_dB inside : 5.63317
  [dbg] mean SINR_dB outside: -5.30432
  [dbg] L_in=372.784  L_out=18.1967  L_uniform=557.069  L_min_j=[0]  L_spread=[0]
  Iter  61/100  loss=3783.5486  (2.1s)
  [dbg] mean SINR_dB inside : 5.53888
  [dbg] mean SINR_dB outside: -5.21664
  [dbg] L_in=389.95  L_out=18.5185  L_uniform=586.987  L_min_j=[0]  L_spread=[0]
  Iter  62/100  loss=3958.2017  (2.2s)
  [dbg] mean SINR_dB inside : 5.49158
  [dbg] mean SINR_dB outside: -5.18849
  [dbg] L_in=390.642  L_out=18.6447  L_uniform=586.183  L_min_j=[0]  L_spread=[0]
  Iter  63/100  loss=3965.0403  (1.9s)
  [dbg] mean SINR_dB inside : 5.58183
  [dbg] mean SINR_dB outside: -5.19776
  [dbg] L_in=386.952  L_out=18.6548  L_uniform=583.06  L_min_j=[0]  L_spread=[0]
  Iter  64/100  loss=3927.8215  (2.2s)
  [dbg] mean SINR_dB inside : 5.7188
  [dbg] mean SINR_dB outside: -5.18069
  [dbg] L_in=378.874  L_out=18.5256  L_uniform=573.276  L_min_j=[0]  L_spread=[0]
  Iter  65/100  loss=3846.0679  (1.9s)
  [dbg] mean SINR_dB inside : 5.60628
  [dbg] mean SINR_dB outside: -5.12216
  [dbg] L_in=382.506  L_out=18.6976  L_uniform=575.33  L_min_j=[0]  L_spread=[0]
  Iter  66/100  loss=3882.5898  (1.9s)
  [dbg] mean SINR_dB inside : 5.62816
  [dbg] mean SINR_dB outside: -5.09242
  [dbg] L_in=385.476  L_out=18.8731  L_uniform=582.289  L_min_j=[0]  L_spread=[0]
  Iter  67/100  loss=3912.9883  (1.9s)
  [dbg] mean SINR_dB inside : 5.61698
  [dbg] mean SINR_dB outside: -5.10409
  [dbg] L_in=380.903  L_out=18.8624  L_uniform=572.652  L_min_j=[0]  L_spread=[0]
  Iter  68/100  loss=3866.2959  (1.9s)
  [dbg] mean SINR_dB inside : 5.67571
  [dbg] mean SINR_dB outside: -5.05842
  [dbg] L_in=384.872  L_out=18.96  L_uniform=583.302  L_min_j=[0]  L_spread=[0]
  Iter  69/100  loss=3907.0491  (2.2s)
  [dbg] mean SINR_dB inside : 5.55299
  [dbg] mean SINR_dB outside: -5.13044
  [dbg] L_in=382.996  L_out=19.0624  L_uniform=573.848  L_min_j=[0]  L_spread=[0]
  Iter  70/100  loss=3887.3423  (1.9s)
  [dbg] mean SINR_dB inside : 5.73553
  [dbg] mean SINR_dB outside: -5.02426
  [dbg] L_in=380.463  L_out=19.2105  L_uniform=577.309  L_min_j=[0]  L_spread=[0]
  Iter  71/100  loss=3862.3638  (1.9s)
  [dbg] mean SINR_dB inside : 5.68199
  [dbg] mean SINR_dB outside: -5.01562[0m[31m2026-05-24 23:32:38 WARN  [HDRFilm] Monochrome mode enabled, setting film output pixel format to 'luminance' (was rgb).

  [dbg] L_in=393.742  L_out=19.2442  L_uniform=601.323  L_min_j=[0]  L_spread=[0]
  Iter  72/100  loss=3997.5544  (1.9s)
  [dbg] mean SINR_dB inside : 5.72945
  [dbg] mean SINR_dB outside: -5.05464
  [dbg] L_in=381.5  L_out=19.3206  L_uniform=579.134  L_min_j=[0]  L_spread=[0]
  Iter  73/100  loss=3872.9165  (1.9s)
  [dbg] mean SINR_dB inside : 5.72387
  [dbg] mean SINR_dB outside: -4.9796
  [dbg] L_in=368.619  L_out=19.4373  L_uniform=553.05  L_min_j=[0]  L_spread=[0]
  Iter  74/100  loss=3741.4902  (1.9s)
  [dbg] mean SINR_dB inside : 5.78909
  [dbg] mean SINR_dB outside: -4.95529
  [dbg] L_in=375.241  L_out=19.3008  L_uniform=569.374  L_min_j=[0]  L_spread=[0]
  Iter  75/100  loss=3809.3452  (1.9s)
  [dbg] mean SINR_dB inside : 5.85387
  [dbg] mean SINR_dB outside: -4.94451
  [dbg] L_in=373.986  L_out=19.5948  L_uniform=569.863  L_min_j=[0]  L_spread=[0]
  Iter  76/100  loss=3796.8464  (1.9s)
  [dbg] mean SINR_dB inside : 5.8896
  [dbg] mean SINR_dB outside: -4.97604
  [dbg] L_in=362.875  L_out=19.5751  L_uniform=549.302  L_min_j=[0]  L_spread=[0]
  Iter  77/100  loss=3683.6807  (1.9s)
  [dbg] mean SINR_dB inside : 5.7761
  [dbg] mean SINR_dB outside: -4.98969
  [dbg] L_in=375.606  L_out=19.3497  L_uniform=569.512  L_min_j=[0]  L_spread=[0]
  Iter  78/100  loss=3813.0144  (1.9s)
  [dbg] mean SINR_dB inside : 5.77739
  [dbg] mean SINR_dB outside: -4.93087
  [dbg] L_in=380.422  L_out=19.5193  L_uniform=579.203  L_min_j=[0]  L_spread=[0]
  Iter  79/100  loss=3862.1421  (1.9s)
  [dbg] mean SINR_dB inside : 5.80493
  [dbg] mean SINR_dB outside: -4.90249
  [dbg] L_in=378.197  L_out=19.7857  L_uniform=576.042  L_min_j=[0]  L_spread=[0]
  Iter  80/100  loss=3839.5776  (1.9s)
  [dbg] mean SINR_dB inside : 5.79399
  [dbg] mean SINR_dB outside: -4.90882
  [dbg] L_in=388.504  L_out=19.8542  L_uniform=596.173  L_min_j=[0]  L_spread=[0]
  Iter  81/100  loss=3944.6538  (2.2s)
  [dbg] mean SINR_dB inside : 5.86521
  [dbg] mean SINR_dB outside: -4.91096
  [dbg] L_in=373.689  L_out=19.6353  L_uniform=569.813  L_min_j=[0]  L_spread=[0]
  Iter  82/100  loss=3793.8684  (1.9s)
  [dbg] mean SINR_dB inside : 5.85095
  [dbg] mean SINR_dB outside: -4.90062
  [dbg] L_in=383.799  L_out=19.5853  L_uniform=589.393  L_min_j=[0]  L_spread=[0]
  Iter  83/100  loss=3896.9292  (1.9s)
  [dbg] mean SINR_dB inside : 5.80721
  [dbg] mean SINR_dB outside: -4.86083
  [dbg] L_in=377.752  L_out=19.7761  L_uniform=575.262  L_min_j=[0]  L_spread=[0]
  Iter  84/100  loss=3835.0464  (1.9s)
  [dbg] mean SINR_dB inside : 5.85719
  [dbg] mean SINR_dB outside: -4.83315
  [dbg] L_in=376.948  L_out=19.6175  L_uniform=576.013  L_min_j=[0]  L_spread=[0]
  Iter  85/100  loss=3827.0764  (1.9s)
  [dbg] mean SINR_dB inside : 5.8696
  [dbg] mean SINR_dB outside: -4.93356
  [dbg] L_in=372.679  L_out=19.6169  L_uniform=568.043  L_min_j=[0]  L_spread=[0]
  Iter  86/100  loss=3783.5950  (1.9s)
  [dbg] mean SINR_dB inside : 5.84895
  [dbg] mean SINR_dB outside: -4.94249
  [dbg] L_in=375.087  L_out=19.6246  L_uniform=571.85  L_min_j=[0]  L_spread=[0]
  Iter  87/100  loss=3808.0593  (1.9s)
  [dbg] mean SINR_dB inside : 5.77007
  [dbg] mean SINR_dB outside: -4.91084
  [dbg] L_in=381.216  L_out=19.6569  L_uniform=580.513  L_min_j=[0]  L_spread=[0]
  Iter  88/100  loss=3870.2083  (1.9s)
  [dbg] mean SINR_dB inside : 5.73479
  [dbg] mean SINR_dB outside: -4.90459
  [dbg] L_in=391.251  L_out=19.6417  L_uniform=598.888  L_min_j=[0]  L_spread=[0]
  Iter  89/100  loss=3972.3997  (1.9s)
  [dbg] mean SINR_dB inside : 5.79249
  [dbg] mean SINR_dB outside: -4.88151
  [dbg] L_in=377.417  L_out=19.6994  L_uniform=573.918  L_min_j=[0]  L_spread=[0]
  Iter  90/100  loss=3831.5581  (1.9s)
  [dbg] mean SINR_dB inside : 5.85048
  [dbg] mean SINR_dB outside: -4.86829
  [dbg] L_in=375.066  L_out=19.5837  L_uniform=571.916  L_min_j=[0]  L_spread=[0]
  Iter  91/100  loss=3807.8516  (1.9s)
  [dbg] mean SINR_dB inside : 5.99064
  [dbg] mean SINR_dB outside: -4.94678
  [dbg] L_in=366.493  L_out=20.0007  L_uniform=561.214  L_min_j=[0]  L_spread=[0]
  Iter  92/100  loss=3721.0532  (1.9s)
  [dbg] mean SINR_dB inside : 5.90642
  [dbg] mean SINR_dB outside: -4.90587
  [dbg] L_in=372.202  L_out=19.7507  L_uniform=568.782  L_min_j=[0]  L_spread=[0]
  Iter  93/100  loss=3778.8962  (1.9s)
  [dbg] mean SINR_dB inside : 5.94032
  [dbg] mean SINR_dB outside: -4.86305
  [dbg] L_in=370.047  L_out=19.6857  L_uniform=566.015  L_min_j=[0]  L_spread=[0]
  Iter  94/100  loss=3757.0728  (2.2s)
  [dbg] mean SINR_dB inside : 5.85493
  [dbg] mean SINR_dB outside: -4.8873
  [dbg] L_in=376.966  L_out=19.6002  L_uniform=575.941  L_min_j=[0]  L_spread=[0]
  Iter  95/100  loss=3827.2568  (1.9s)
  [dbg] mean SINR_dB inside : 5.87005
  [dbg] mean SINR_dB outside: -4.88417
  [dbg] L_in=372.756  L_out=19.9848  L_uniform=568.217  L_min_j=[0]  L_spread=[0]
  Iter  96/100  loss=3784.3853  (1.9s)
  [dbg] mean SINR_dB inside : 5.88731
  [dbg] mean SINR_dB outside: -4.89819
  [dbg] L_in=372.118  L_out=19.6223  L_uniform=567.657  L_min_j=[0]  L_spread=[0]
  Iter  97/100  loss=3777.9473  (1.9s)
  [dbg] mean SINR_dB inside : 5.91124
  [dbg] mean SINR_dB outside: -4.91075
  [dbg] L_in=372.39  L_out=19.7296  L_uniform=569.337  L_min_j=[0]  L_spread=[0]
  Iter  98/100  loss=3780.8337  (1.9s)
  [dbg] mean SINR_dB inside : 5.84125
  [dbg] mean SINR_dB outside: -4.97124
  [dbg] L_in=375.368  L_out=19.5703  L_uniform=572.071  L_min_j=[0]  L_spread=[0]
  Iter  99/100  loss=3810.8894  (1.9s)
  [dbg] mean SINR_dB inside : 5.95992
  [dbg] mean SINR_dB outside: -4.91235
  [dbg] L_in=369.253  L_out=19.8341  L_uniform=565.355  L_min_j=[0]  L_spread=[0]
  Iter 100/100  loss=3749.0667  (1.9s)

======================================================================
OPTIMIZATION COMPLETE  (229.6s)
  bs_0: Az=257.5°, El=-6.0°, pos=(68.9, 553.4)
  bs_1: Az=153.7°, El=-6.7°, pos=(356.4, -255.4)
  bs_2: Az=338.9°, El=-8.5°, pos=(-424.5, 108.6)
  bs_3: Az=105.8°, El=-6.3°, pos=(154.8, -708.5)
======================================================================

  Warm-up: 229.6s total, 2.30s/iter
  Run 2: Joint optimization (100 iter, BS positions frozen)
-700.0

======================================================================
MULTI-TX SIR OPTIMIZATION  (4 transmitters)
======================================================================
Pre-created 4321 receivers (1000 inside + 3321 outside) across 4 base stations
Tx Position: [-311.24993896484375, -125.50519561767578, 50.0]
look_at_position: [-1.7955866425341074, -46.87210097621793, 1.5]
Tx Position: [-273.8194274902344, -592.1390380859375, 50.0]
look_at_position: [-1.7955866425341074, -46.87210097621793, 1.5]
Tx Position: [313.7500915527344, -800.6471557617188, 50.0]
look_at_position: [-1.7955866425341074, -46.87210097621793, 1.5]
Tx Position: [350.51385498046875, -72.47750854492188, 50.0]
look_at_position: [-1.7955866425341074, -46.87210097621793, 1.5]
Tx Position: [358.9024353027344, -46.872100830078125, 50.0]
look_at_position: [-1.7955866425341074, -46.87210097621793, 1.5]
Tx Position: [477.5899963378906, 48.483619689941406, 50.0]
look_at_position: [-1.7955866425341074, -46.87210097621793, 1.5]
Tx Position: [0.6326108574867249, 720.7990112304688, 50.0]
look_at_position: [-1.7955866425341074, -46.87210097621793, 1.5]
Tx Position: [-358.0230407714844, 514.0289916992188, 50.0]
look_at_position: [-1.7955866425341074, -46.87210097621793, 1.5]
  [dbg] mean SINR_dB inside : -6.95242
  [dbg] mean SINR_dB outside: -20.5981
  [dbg] L_in=1043.03  L_out=-143.261  L_uniform=1150.48  L_min_j=0.5  L_spread=[0]
  Iter   1/100  loss=7026.6836  (22.4s)
  [dbg] mean SINR_dB inside : -3.56144
  [dbg] mean SINR_dB outside: -15.6517
  [dbg] L_in=836.35  L_out=-107.155  L_uniform=969.45  L_min_j=0.475021  L_spread=[0]
  Iter   2/100  loss=5716.2007  (5.9s)
  [dbg] mean SINR_dB inside : -3.22989
  [dbg] mean SINR_dB outside: -15.6468
  [dbg] L_in=810.944  L_out=-107.156  L_uniform=940.116  L_min_j=0.451704  L_spread=[0]
  Iter   3/100  loss=5509.9985  (5.4s)
  [dbg] mean SINR_dB inside : -3.20291
  [dbg] mean SINR_dB outside: -15.3418
  [dbg] L_in=816.359  L_out=-105.15  L_uniform=952.683  L_min_j=0.429356  L_spread=[0]
  Iter   4/100  loss=5574.6401  (5.4s)
  [dbg] mean SINR_dB inside : -2.99349
  [dbg] mean SINR_dB outside: -15.1972
  [dbg] L_in=816.698  L_out=-104.291  L_uniform=966.804  L_min_j=0.407938  L_spread=[0]
  Iter   5/100  loss=5587.3491  (4.9s)
  [dbg] mean SINR_dB inside : -2.60886
  [dbg] mean SINR_dB outside: -15.2641
  [dbg] L_in=788.375  L_out=-104.951  L_uniform=934.618  L_min_j=0.387393  L_spread=[0]
  Iter   6/100  loss=5350.9512  (5.0s)
  [dbg] mean SINR_dB inside : -1.99433
  [dbg] mean SINR_dB outside: -15.051
  [dbg] L_in=744.818  L_out=-103.614  L_uniform=885.975  L_min_j=0.368064  L_spread=[0]
  Iter   7/100  loss=5011.0020  (4.7s)
  [dbg] mean SINR_dB inside : -1.87417
  [dbg] mean SINR_dB outside: -14.99
  [dbg] L_in=749.623  L_out=-103.305  L_uniform=903.014  L_min_j=0.350054  L_spread=[0]
  Iter   8/100  loss=5054.2329  (5.0s)
  [dbg] mean SINR_dB inside : -1.62698
  [dbg] mean SINR_dB outside: -14.7998
  [dbg] L_in=730.678  L_out=-101.986  L_uniform=880.324  L_min_j=0.333685  L_spread=[0]
  Iter   9/100  loss=4913.5908  (5.0s)
  [dbg] mean SINR_dB inside : -1.37141
  [dbg] mean SINR_dB outside: -14.5159
  [dbg] L_in=711.986  L_out=-100.018  L_uniform=858.527  L_min_j=0.319211  L_spread=[0]
  Iter  10/100  loss=4781.5566  (4.8s)
  [dbg] mean SINR_dB inside : -1.06346
  [dbg] mean SINR_dB outside: -14.2831
  [dbg] L_in=693.528  L_out=-98.3466  L_uniform=840.221  L_min_j=0.306504  L_spread=[0]
  Iter  11/100  loss=4648.7817  (4.8s)
  [dbg] mean SINR_dB inside : -0.945617
  [dbg] mean SINR_dB outside: -14.1464
  [dbg] L_in=688.744  L_out=-97.4128  L_uniform=837.722  L_min_j=0.295427  L_spread=[0]
  Iter  12/100  loss=4619.5986  (5.3s)
  [dbg] mean SINR_dB inside : -0.987108
  [dbg] mean SINR_dB outside: -14.0898
  [dbg] L_in=693.57  L_out=-96.9544  L_uniform=844.885  L_min_j=0.285855  L_spread=[0]
  Iter  13/100  loss=4663.5020  (5.4s)
  [dbg] mean SINR_dB inside : -0.821979
  [dbg] mean SINR_dB outside: -13.9609
  [dbg] L_in=681.911  L_out=-95.9691  L_uniform=831.441  L_min_j=0.277694  L_spread=[0]
  Iter  14/100  loss=4578.7407  (5.2s)
  [dbg] mean SINR_dB inside : -0.876952
  [dbg] mean SINR_dB outside: -13.8692
  [dbg] L_in=687.692  L_out=-95.2839  L_uniform=839.721  L_min_j=0.270746  L_spread=[0]
  Iter  15/100  loss=4632.6714  (5.4s)
  [dbg] mean SINR_dB inside : -0.779012
  [dbg] mean SINR_dB outside: -13.7577
  [dbg] L_in=690.436  L_out=-94.2959  L_uniform=851.051  L_min_j=0.264921  L_spread=[0]
  Iter  16/100  loss=4665.6382  (4.9s)
  [dbg] mean SINR_dB inside : -0.676721
  [dbg] mean SINR_dB outside: -13.6734
  [dbg] L_in=675.285  L_out=-93.68  L_uniform=826.828  L_min_j=0.260092  L_spread=[0]
  Iter  17/100  loss=4548.1646  (4.9s)
  [dbg] mean SINR_dB inside : -0.479204
  [dbg] mean SINR_dB outside: -13.5793
  [dbg] L_in=662.469  L_out=-92.9727  L_uniform=812.878  L_min_j=0.256113  L_spread=[0]
  Iter  18/100  loss=4451.3110  (5.0s)
  [dbg] mean SINR_dB inside : -0.667003
  [dbg] mean SINR_dB outside: -13.6255
  [dbg] L_in=680.705  L_out=-93.2084  L_uniform=838.24  L_min_j=0.252928  L_spread=[0]
  Iter  19/100  loss=4597.3770  (4.7s)
  [dbg] mean SINR_dB inside : -0.276224
  [dbg] mean SINR_dB outside: -13.5876
  [dbg] L_in=652.134  L_out=-93.019  L_uniform=804.132  L_min_j=0.250432  L_spread=[0]
  Iter  20/100  loss=4367.2969  (4.9s)
  [dbg] mean SINR_dB inside : -0.226853
  [dbg] mean SINR_dB outside: -13.5097
  [dbg] L_in=651.341  L_out=-92.5009  L_uniform=805.432  L_min_j=0.24857  L_spread=[0]
  Iter  21/100  loss=4366.2632  (4.9s)
  [dbg] mean SINR_dB inside : -0.166734
  [dbg] mean SINR_dB outside: -13.4731
  [dbg] L_in=649.045  L_out=-92.2842  L_uniform=804.35  L_min_j=0.247294  L_spread=[0]
  Iter  22/100  loss=4349.9507  (4.7s)
  [dbg] mean SINR_dB inside : -0.166632
  [dbg] mean SINR_dB outside: -13.3476
  [dbg] L_in=650.031  L_out=-91.4173  L_uniform=806.327  L_min_j=0.246498  L_spread=[0]
  Iter  23/100  loss=4366.7109  (4.9s)
  [dbg] mean SINR_dB inside : -0.0711043
  [dbg] mean SINR_dB outside: -13.2796
  [dbg] L_in=644.642  L_out=-90.8401  L_uniform=801.111  L_min_j=0.246134  L_spread=[0]
  Iter  24/100  loss=4328.8462  (4.9s)
  [dbg] mean SINR_dB inside : 0.0406742
  [dbg] mean SINR_dB outside: -13.1564
  [dbg] L_in=639.838  L_out=-89.9952  L_uniform=797.99  L_min_j=0.246178  L_spread=[0]
  Iter  25/100  loss=4298.5508  (4.9s)
  [dbg] mean SINR_dB inside : 0.106466
  [dbg] mean SINR_dB outside: -12.9237
  [dbg] L_in=634.75  L_out=-88.2982  L_uniform=791.619  L_min_j=0.246524  L_spread=[0]
  Iter  26/100  loss=4274.1807  (5.0s)
  [dbg] mean SINR_dB inside : 0.0989088
  [dbg] mean SINR_dB outside: -12.9353
  [dbg] L_in=637.002  L_out=-88.2241  L_uniform=795.686  L_min_j=0.24709  L_spread=[0]
  Iter  27/100  loss=4293.3398  (4.9s)
  [dbg] mean SINR_dB inside : 0.196468
  [dbg] mean SINR_dB outside: -12.8464
  [dbg] L_in=632.037  L_out=-87.6317  L_uniform=791.387  L_min_j=0.247927  L_spread=[0]
  Iter  28/100  loss=4259.1201  (4.9s)
  [dbg] mean SINR_dB inside : 0.293851
  [dbg] mean SINR_dB outside: -12.7669
  [dbg] L_in=626.228  L_out=-86.9158  L_uniform=785.366  L_min_j=0.248885  L_spread=[0]
  Iter  29/100  loss=4219.1997  (4.9s)
  [dbg] mean SINR_dB inside : 0.394683
  [dbg] mean SINR_dB outside: -12.6878
  [dbg] L_in=622.511  L_out=-86.3253  L_uniform=783.71  L_min_j=0.250011  L_spread=[0]
  Iter  30/100  loss=4195.2031  (5.0s)
  [dbg] mean SINR_dB inside : 0.419139
  [dbg] mean SINR_dB outside: -12.6846
  [dbg] L_in=619.706  L_out=-86.3014  L_uniform=779.501  L_min_j=0.251368  L_spread=[0]
  Iter  31/100  loss=4172.5845  (4.9s)
  [dbg] mean SINR_dB inside : 0.521225
  [dbg] mean SINR_dB outside: -12.6747
  [dbg] L_in=614.842  L_out=-86.2156  L_uniform=775.598  L_min_j=0.252902  L_spread=[0]
  Iter  32/100  loss=4134.1416  (4.8s)
  [dbg] mean SINR_dB inside : 0.592896
  [dbg] mean SINR_dB outside: -12.5607
  [dbg] L_in=610.116  L_out=-85.3496  L_uniform=770.222  L_min_j=0.254546  L_spread=[0]
  Iter  33/100  loss=4104.4556  (4.9s)
  [dbg] mean SINR_dB inside : 0.595943
  [dbg] mean SINR_dB outside: -12.4882
  [dbg] L_in=612.224  L_out=-84.8678  L_uniform=774.611  L_min_j=0.256394  L_spread=[0]
  Iter  34/100  loss=4126.5776  (5.1s)
  [dbg] mean SINR_dB inside : 0.637418
  [dbg] mean SINR_dB outside: -12.5089
  [dbg] L_in=611.292  L_out=-84.9221  L_uniform=775.102  L_min_j=0.258434  L_spread=[0]
  Iter  35/100  loss=4118.6260  (4.7s)
  [dbg] mean SINR_dB inside : 0.967818
  [dbg] mean SINR_dB outside: -12.4182
  [dbg] L_in=590.653  L_out=-84.1783  L_uniform=752.456  L_min_j=0.26056  L_spread=[0]
  Iter  36/100  loss=3958.6877  (4.9s)
  [dbg] mean SINR_dB inside : 0.912682
  [dbg] mean SINR_dB outside: -12.3192
  [dbg] L_in=595.707  L_out=-83.5013  L_uniform=759.472  L_min_j=0.262827  L_spread=[0]
  Iter  37/100  loss=4006.5874  (4.7s)
  [dbg] mean SINR_dB inside : 0.914807
  [dbg] mean SINR_dB outside: -12.3112
  [dbg] L_in=595.051  L_out=-83.4255  L_uniform=758.276  L_min_j=0.265154  L_spread=[0]
  Iter  38/100  loss=4001.9805  (4.9s)
  [dbg] mean SINR_dB inside : 0.983771
  [dbg] mean SINR_dB outside: -12.2001
  [dbg] L_in=590.984  L_out=-82.6156  L_uniform=754.011  L_min_j=0.267521  L_spread=[0]
  Iter  39/100  loss=3977.1213  (4.9s)
  [dbg] mean SINR_dB inside : 1.08256
  [dbg] mean SINR_dB outside: -12.1753
  [dbg] L_in=586.744  L_out=-82.3646  L_uniform=751.057  L_min_j=0.269944  L_spread=[0]
  Iter  40/100  loss=3945.4099  (4.9s)
  [dbg] mean SINR_dB inside : 1.07959
  [dbg] mean SINR_dB outside: -12.0798
  [dbg] L_in=585.801  L_out=-81.6754  L_uniform=749.007  L_min_j=0.272367  L_spread=[0]
  Iter  41/100  loss=3944.5532  (4.9s)
  [dbg] mean SINR_dB inside : 1.10864
  [dbg] mean SINR_dB outside: -12.1698
  [dbg] L_in=584.898  L_out=-82.2447  L_uniform=748.823  L_min_j=0.274842  L_spread=[0]
  Iter  42/100  loss=3931.6199  (4.9s)
  [dbg] mean SINR_dB inside : 1.26262
  [dbg] mean SINR_dB outside: -12.1083
  [dbg] L_in=575.862  L_out=-81.7743  L_uniform=739.317  L_min_j=0.277296  L_spread=[0]
  Iter  43/100  loss=3863.0886  (4.9s)
  [dbg] mean SINR_dB inside : 1.22364
  [dbg] mean SINR_dB outside: -12.0727
  [dbg] L_in=579.456  L_out=-81.457  L_uniform=744.34  L_min_j=0.279692  L_spread=[0]
  Iter  44/100  loss=3895.5088  (4.9s)
  [dbg] mean SINR_dB inside : 1.52607
  [dbg] mean SINR_dB outside: -11.965
  [dbg] L_in=559.518  L_out=-80.6534  L_uniform=721.175  L_min_j=0.282109  L_spread=[0]
  Iter  45/100  loss=3741.7292  (4.9s)
  [dbg] mean SINR_dB inside : 1.40031
  [dbg] mean SINR_dB outside: -11.9131
  [dbg] L_in=569.972  L_out=-80.1663  L_uniform=735.159  L_min_j=0.284578  L_spread=[0]
  Iter  46/100  loss=3831.6296  (4.9s)
  [dbg] mean SINR_dB inside : 1.51062
  [dbg] mean SINR_dB outside: -11.82
  [dbg] L_in=562.42  L_out=-79.3491  L_uniform=726.131  L_min_j=0.28703  L_spread=[0]
  Iter  47/100  loss=3778.4841  (4.9s)
  [dbg] mean SINR_dB inside : 1.51966
  [dbg] mean SINR_dB outside: -11.8253
  [dbg] L_in=564.149  L_out=-79.3496  L_uniform=730.086  L_min_j=0.28954  L_spread=[0]
  Iter  48/100  loss=3792.7056  (4.8s)
  [dbg] mean SINR_dB inside : 1.55101
  [dbg] mean SINR_dB outside: -11.7317
  [dbg] L_in=562.183  L_out=-78.6305  L_uniform=727.877  L_min_j=0.292043  L_spread=[0]
  Iter  49/100  loss=3783.9473  (4.8s)
  [dbg] mean SINR_dB inside : 1.63091
  [dbg] mean SINR_dB outside: -11.715
  [dbg] L_in=555.686  L_out=-78.522  L_uniform=719.263  L_min_j=0.294503  L_spread=[0]
  Iter  50/100  loss=3732.1907  (4.9s)
  [dbg] mean SINR_dB inside : 1.64673
  [dbg] mean SINR_dB outside: -11.6499
  [dbg] L_in=556.268  L_out=-77.9778  L_uniform=721.296  L_min_j=0.296878  L_spread=[0]
  Iter  51/100  loss=3742.4978  (4.8s)
  [dbg] mean SINR_dB inside : 1.64838
  [dbg] mean SINR_dB outside: -11.5258
  [dbg] L_in=554.249  L_out=-77.1129  L_uniform=717.351  L_min_j=0.29931  L_spread=[0]
  Iter  52/100  loss=3734.6008  (4.7s)
  [dbg] mean SINR_dB inside : 1.68598
  [dbg] mean SINR_dB outside: -11.537
  [dbg] L_in=553.328  L_out=-77.1502  L_uniform=717.56  L_min_j=0.301716  L_spread=[0]
  Iter  53/100  loss=3726.8792  (4.9s)
  [dbg] mean SINR_dB inside : 1.62255
  [dbg] mean SINR_dB outside: -11.5743
  [dbg] L_in=557.504  L_out=-77.3606  L_uniform=722.447  L_min_j=0.304039  L_spread=[0]
  Iter  54/100  loss=3758.6687  (4.7s)
  [dbg] mean SINR_dB inside : 1.85615
  [dbg] mean SINR_dB outside: -11.5439
  [dbg] L_in=544.926  L_out=-77.0484  L_uniform=710.028  L_min_j=0.306304  L_spread=[0]
  Iter  55/100  loss=3659.9258  (4.7s)
  [dbg] mean SINR_dB inside : 1.79748
  [dbg] mean SINR_dB outside: -11.5221
  [dbg] L_in=550.509  L_out=-76.8776  L_uniform=718.008  L_min_j=0.308577  L_spread=[0]
  Iter  56/100  loss=3707.0972  (4.9s)
  [dbg] mean SINR_dB inside : 1.86596
  [dbg] mean SINR_dB outside: -11.5103
  [dbg] L_in=545.913  L_out=-76.8831  L_uniform=712.541  L_min_j=0.310817  L_spread=[0]
  Iter  57/100  loss=3669.7288  (4.8s)
  [dbg] mean SINR_dB inside : 1.70702
  [dbg] mean SINR_dB outside: -11.511
  [dbg] L_in=557.5  L_out=-76.7877  L_uniform=727.057  L_min_j=0.312977  L_spread=[0]
  Iter  58/100  loss=3764.8276  (4.6s)
  [dbg] mean SINR_dB inside : 1.99154
  [dbg] mean SINR_dB outside: -11.4918
  [dbg] L_in=539.929  L_out=-76.6402  L_uniform=707.371  L_min_j=0.315022  L_spread=[0]
  Iter  59/100  loss=3623.7676  (4.9s)
  [dbg] mean SINR_dB inside : 1.78218
  [dbg] mean SINR_dB outside: -11.4198
  [dbg] L_in=552.438  L_out=-76.1031  L_uniform=721.035  L_min_j=0.317024  L_spread=[0]
  Iter  60/100  loss=3730.5774  (4.9s)
  [dbg] mean SINR_dB inside : 1.99163
  [dbg] mean SINR_dB outside: -11.4599
  [dbg] L_in=538.656  L_out=-76.3102  L_uniform=704.828  L_min_j=0.318945  L_spread=[0]
  Iter  61/100  loss=3616.6287  (4.6s)
  [dbg] mean SINR_dB inside : 1.99703
  [dbg] mean SINR_dB outside: -11.2576
  [dbg] L_in=539.211  L_out=-74.8839  L_uniform=706.232  L_min_j=0.320827  L_spread=[0]
  Iter  62/100  loss=3635.4695  (4.7s)
  [dbg] mean SINR_dB inside : 2.05977
  [dbg] mean SINR_dB outside: -11.2435
  [dbg] L_in=534.918  L_out=-74.7068  L_uniform=701.029  L_min_j=0.322659  L_spread=[0]
  Iter  63/100  loss=3602.3794  (4.8s)
  [dbg] mean SINR_dB inside : 2.04335
  [dbg] mean SINR_dB outside: -11.1388
  [dbg] L_in=536.696  L_out=-73.9557  L_uniform=703.703  L_min_j=0.324404  L_spread=[0]
  Iter  64/100  loss=3624.3838  (4.8s)
  [dbg] mean SINR_dB inside : 1.99676
  [dbg] mean SINR_dB outside: -11.2535
  [dbg] L_in=538.818  L_out=-74.7074  L_uniform=705.431  L_min_j=0.326006  L_spread=[0]
  Iter  65/100  loss=3634.0117  (4.6s)
  [dbg] mean SINR_dB inside : 2.06496
  [dbg] mean SINR_dB outside: -11.3
  [dbg] L_in=536.427  L_out=-75.0902  L_uniform=704.331  L_min_j=0.327536  L_spread=[0]
  Iter  66/100  loss=3610.9490  (4.9s)
  [dbg] mean SINR_dB inside : 2.06687
  [dbg] mean SINR_dB outside: -11.1528
  [dbg] L_in=534.878  L_out=-74.0166  L_uniform=701.338  L_min_j=0.329029  L_spread=[0]
  Iter  67/100  loss=3608.9946  (4.8s)
  [dbg] mean SINR_dB inside : 2.16077
  [dbg] mean SINR_dB outside: -11.1708
  [dbg] L_in=531.679  L_out=-74.1624  L_uniform=699.994  L_min_j=0.330481  L_spread=[0]
  Iter  68/100  loss=3581.8037  (4.8s)
  [dbg] mean SINR_dB inside : 2.16098
  [dbg] mean SINR_dB outside: -11.095
  [dbg] L_in=530.083  L_out=-73.6072  L_uniform=696.804  L_min_j=0.331882  L_spread=[0]
  Iter  69/100  loss=3574.2700  (4.9s)
  [dbg] mean SINR_dB inside : 2.19425
  [dbg] mean SINR_dB outside: -11.1268
  [dbg] L_in=529.594  L_out=-73.7546  L_uniform=697.61  L_min_j=0.333231  L_spread=[0]
  Iter  70/100  loss=3568.9644  (4.8s)
  [dbg] mean SINR_dB inside : 2.27179
  [dbg] mean SINR_dB outside: -11.2044
  [dbg] L_in=526.078  L_out=-74.4154  L_uniform=694.734  L_min_j=0.334522  L_spread=[0]
  Iter  71/100  loss=3533.9446  (5.1s)
  [dbg] mean SINR_dB inside : 2.18914
  [dbg] mean SINR_dB outside: -11.0963
  [dbg] L_in=531.708  L_out=-73.6974  L_uniform=701.561  L_min_j=0.335723  L_spread=[0]
  Iter  72/100  loss=3586.8430  (6.3s)
  [dbg] mean SINR_dB inside : 2.22434
  [dbg] mean SINR_dB outside: -10.984
  [dbg] L_in=526.812  L_out=-72.9132  L_uniform=693.661  L_min_j=0.336855  L_spread=[0]
  Iter  73/100  loss=3554.7341  (5.4s)
  [dbg] mean SINR_dB inside : 2.2595
  [dbg] mean SINR_dB outside: -11.1387
  [dbg] L_in=524.931  L_out=-73.9724  L_uniform=691.787  L_min_j=0.337903  L_spread=[0]
  Iter  74/100  loss=3528.9014  (4.9s)
  [dbg] mean SINR_dB inside : 2.21444
  [dbg] mean SINR_dB outside: -11.2541
  [dbg] L_in=528.434  L_out=-74.8216  L_uniform=696.377  L_min_j=0.338899  L_spread=[0]
  Iter  75/100  loss=3548.8950  (4.8s)
  [dbg] mean SINR_dB inside : 2.34365
  [dbg] mean SINR_dB outside: -11.1685
  [dbg] L_in=520.675  L_out=-74.2717  L_uniform=687.767  L_min_j=0.339867  L_spread=[0]
  Iter  76/100  loss=3491.4609  (4.8s)
  [dbg] mean SINR_dB inside : 2.39815
  [dbg] mean SINR_dB outside: -11.0688
  [dbg] L_in=514.988  L_out=-73.5626  L_uniform=679.3  L_min_j=0.340788  L_spread=[0]
  Iter  77/100  loss=3452.2056  (4.9s)
  [dbg] mean SINR_dB inside : 2.35933
  [dbg] mean SINR_dB outside: -11.1451
  [dbg] L_in=522.1  L_out=-74.215  L_uniform=691.446  L_min_j=0.341642  L_spread=[0]
  Iter  78/100  loss=3503.7910  (4.9s)
  [dbg] mean SINR_dB inside : 2.40668
  [dbg] mean SINR_dB outside: -11.0967
  [dbg] L_in=519.393  L_out=-73.8854  L_uniform=688.561  L_min_j=0.342433  L_spread=[0]
  Iter  79/100  loss=3485.1433  (4.7s)
  [dbg] mean SINR_dB inside : 2.3499
  [dbg] mean SINR_dB outside: -11.1122
  [dbg] L_in=522.382  L_out=-74.038  L_uniform=691.513  L_min_j=0.343178  L_spread=[0]
  Iter  80/100  loss=3507.8271  (4.8s)
  [dbg] mean SINR_dB inside : 2.30522
  [dbg] mean SINR_dB outside: -10.923
  [dbg] L_in=525.549  L_out=-72.7306  L_uniform=695.472  L_min_j=0.343864  L_spread=[0]
  Iter  81/100  loss=3546.6299  (4.9s)
  [dbg] mean SINR_dB inside : 2.25352
  [dbg] mean SINR_dB outside: -11.0538
  [dbg] L_in=530.382  L_out=-73.6884  L_uniform=702.372  L_min_j=0.344476  L_spread=[0]
  Iter  82/100  loss=3576.4067  (4.7s)
  [dbg] mean SINR_dB inside : 2.32083
  [dbg] mean SINR_dB outside: -11.046
  [dbg] L_in=524.542  L_out=-73.6233  L_uniform=694.287  L_min_j=0.345042  L_spread=[0]
  Iter  83/100  loss=3529.5332  (4.9s)
  [dbg] mean SINR_dB inside : 2.32421
  [dbg] mean SINR_dB outside: -11.0575
  [dbg] L_in=523.009  L_out=-73.7047  L_uniform=691.406  L_min_j=0.345555  L_spread=[0]
  Iter  84/100  loss=3516.1687  (4.8s)
  [dbg] mean SINR_dB inside : 2.37195
  [dbg] mean SINR_dB outside: -11.106
  [dbg] L_in=522.138  L_out=-74.0883  L_uniform=692.206  L_min_j=0.346013  L_spread=[0]
  Iter  85/100  loss=3505.4392  (5.4s)
  [dbg] mean SINR_dB inside : 2.31566
  [dbg] mean SINR_dB outside: -11.0192
  [dbg] L_in=525.821  L_out=-73.5097  L_uniform=696.577  L_min_j=0.346416  L_spread=[0]
  Iter  86/100  loss=3541.1260  (5.4s)
  [dbg] mean SINR_dB inside : 2.23394
  [dbg] mean SINR_dB outside: -11.1415
  [dbg] L_in=529.742  L_out=-74.3694  L_uniform=700.05  L_min_j=0.346775  L_spread=[0]
  Iter  87/100  loss=3564.2434  (4.8s)
  [dbg] mean SINR_dB inside : 2.16729
  [dbg] mean SINR_dB outside: -11.1002
  [dbg] L_in=537.623  L_out=-74.0626  L_uniform=712.238  L_min_j=0.347086  L_spread=[0]
  Iter  88/100  loss=3631.5835  (4.9s)
  [dbg] mean SINR_dB inside : 2.42646
  [dbg] mean SINR_dB outside: -11.1528
  [dbg] L_in=521.005  L_out=-74.4935  L_uniform=692.844  L_min_j=0.347363  L_spread=[0]
  Iter  89/100  loss=3492.3909  (4.7s)
  [dbg] mean SINR_dB inside : 2.28703
  [dbg] mean SINR_dB outside: -11.1345
  [dbg] L_in=527.375  L_out=-74.3889  L_uniform=698.154  L_min_j=0.347596  L_spread=[0]
  Iter  90/100  loss=3544.9290  (4.6s)
  [dbg] mean SINR_dB inside : 2.28064
  [dbg] mean SINR_dB outside: -11.1027
  [dbg] L_in=529.419  L_out=-74.2147  L_uniform=701.902  L_min_j=0.347794  L_spread=[0]
  Iter  91/100  loss=3563.3992  (4.8s)
  [dbg] mean SINR_dB inside : 2.23236
  [dbg] mean SINR_dB outside: -11.098
  [dbg] L_in=530.671  L_out=-74.0475  L_uniform=701.819  L_min_j=0.347955  L_spread=[0]
  Iter  92/100  loss=3575.0759  (4.7s)
  [dbg] mean SINR_dB inside : 2.20033
  [dbg] mean SINR_dB outside: -11.1001
  [dbg] L_in=536.92  L_out=-74.0626  L_uniform=712.6  L_min_j=0.348087  L_spread=[0]
  Iter  93/100  loss=3625.9910  (4.7s)
  [dbg] mean SINR_dB inside : 2.40907
  [dbg] mean SINR_dB outside: -11.1367
  [dbg] L_in=523.308  L_out=-74.3979  L_uniform=696.522  L_min_j=0.348193  L_spread=[0]
  Iter  94/100  loss=3512.1384  (4.7s)
  [dbg] mean SINR_dB inside : 2.22741
  [dbg] mean SINR_dB outside: -11.1237
  [dbg] L_in=533.545  L_out=-74.3221  L_uniform=707.3  L_min_j=0.348277  L_spread=[0]
  Iter  95/100  loss=3595.8662  (4.7s)
  [dbg] mean SINR_dB inside : 2.42885
  [dbg] mean SINR_dB outside: -11.0813
  [dbg] L_in=520.265  L_out=-73.8996  L_uniform=691.483  L_min_j=0.348336  L_spread=[0]
  Iter  96/100  loss=3492.2686  (4.7s)
  [dbg] mean SINR_dB inside : 2.47147
  [dbg] mean SINR_dB outside: -11.0973
  [dbg] L_in=517.377  L_out=-74.0025  L_uniform=687.979  L_min_j=0.348378  L_spread=[0]
  Iter  97/100  loss=3467.7910  (4.9s)
  [dbg] mean SINR_dB inside : 2.24612
  [dbg] mean SINR_dB outside: -11.1275
  [dbg] L_in=529.912  L_out=-74.261  L_uniform=701.037  L_min_j=0.348406  L_spread=[0]
  Iter  98/100  loss=3566.7908  (4.7s)
  [dbg] mean SINR_dB inside : 2.30596
  [dbg] mean SINR_dB outside: -11.0859
  [dbg] L_in=527.055  L_out=-73.9767  L_uniform=698.529  L_min_j=0.348421  L_spread=[0]
  Iter  99/100  loss=3546.5259  (4.7s)
  [dbg] mean SINR_dB inside : 2.36144
  [dbg] mean SINR_dB outside: -11.1906
  [dbg] L_in=523.538  L_out=-74.7111  L_uniform=694.447  L_min_j=0.348428  L_spread=[0]
  Iter 100/100  loss=3510.6411  (4.8s)

======================================================================
OPTIMIZATION COMPLETE  (509.5s)
  bs_0: Az=256.8°, El=-6.2°, pos=(55.1, 529.7)
  bs_1: Az=149.8°, El=-5.4°, pos=(326.5, -317.3)
  bs_2: Az=343.8°, El=-8.5°, pos=(-424.5, 108.6)
  bs_3: Az=109.9°, El=-8.6°, pos=(154.8, -659.2)
  jam_1 [OFF gate=0.441]: Az=15.5°, El=-90.0°, pos=(-351.9, -109.9, 18.8), pwr=19.7 dBm
  jam_2 [OFF gate=0.201]: Az=65.0°, El=-90.0°, pos=(-339.3, -650.0, 27.9), pwr=18.6 dBm
  jam_3 [OFF gate=0.158]: Az=113.5°, El=-90.0°, pos=(350.4, -814.8, 5.4), pwr=18.4 dBm
  jam_4 [OFF gate=0.249]: Az=175.4°, El=-90.0°, pos=(419.7, -138.5, 10.6), pwr=18.9 dBm
  jam_5 [OFF gate=0.204]: Az=182.4°, El=-90.0°, pos=(429.3, -99.8, 5.0), pwr=18.7 dBm
  jam_6 [OFF gate=0.484]: Az=192.7°, El=-90.0°, pos=(541.4, -38.7, 22.4), pwr=19.7 dBm
  jam_7 [ON  gate=0.532]: Az=268.0°, El=-90.0°, pos=(-62.2, 744.3, 29.8), pwr=20.0 dBm
  jam_8 [ON  gate=0.518]: Az=305.3°, El=-90.0°, pos=(-448.4, 569.4, 43.9), pwr=19.9 dBm
======================================================================

  Joint:   509.5s total, 5.10s/iter
  Evaluating...

======================================================================
BS PARAMETERS  —  BEFORE / AFTER
======================================================================
  Name           Param         Initial   Optimised       Delta
  ----------------------------------------------------------------
  bs_0           Azimuth      +257.48°    +256.79°      -0.69°
                 Elevation      -6.05°      -6.19°      -0.14°
                 X (m)           +68.9       +55.1       -13.8
                 Y (m)          +553.4      +529.7       -23.7
                 Power dBm      +35.00      +40.00       +5.00
  ----------------------------------------------------------------
  bs_1           Azimuth      +153.69°    +149.82°      -3.87°
                 Elevation      -6.71°      -5.40°      +1.32°
                 X (m)          +356.4      +326.5       -29.9
                 Y (m)          -255.4      -317.3       -61.9
                 Power dBm      +35.00      +40.00       +5.00
  ----------------------------------------------------------------
  bs_2           Azimuth      +338.89°    +343.84°      +4.95°
                 Elevation      -8.52°      -8.52°      +0.00°
                 X (m)          -424.5      -424.5        +0.0
                 Y (m)          +108.6      +108.6        +0.0
                 Power dBm      +35.00      +40.00       +5.00
  ----------------------------------------------------------------
  bs_3           Azimuth      +105.84°    +109.92°      +4.08°
                 Elevation      -6.35°      -8.56°      -2.21°
                 X (m)          +154.8      +154.8        -0.1
                 Y (m)          -708.5      -659.2       +49.4
                 Power dBm      +35.00      +39.98       +4.98
  ----------------------------------------------------------------
======================================================================

Computing RadioMap for optimized BS configuration...
Computing RadioMap for 2/8 active jammers...
[verify] jam_interference_map: mean=7.453e-12 W  | mean SINR shift (BS-only − BS+Jam) = +0.179 dB

======================================================================
BS-ONLY SINR CONTAINMENT  (gamma = +0.0 dB)
======================================================================
  bs_0:
    rho_leak  (outside >= gamma):  32.9%
    rho_hole  (inside  <  gamma):  21.4%
    SINR inside  mean / p10: +7.8 / -12.0 dB
    SINR outside mean / p10: -25.1 / -180.0 dB

  bs_1:
    rho_leak  (outside >= gamma):  32.9%
    rho_hole  (inside  <  gamma):  21.4%
    SINR inside  mean / p10: +7.8 / -12.0 dB
    SINR outside mean / p10: -25.1 / -180.0 dB

  bs_2:
    rho_leak  (outside >= gamma):  32.9%
    rho_hole  (inside  <  gamma):  21.4%
    SINR inside  mean / p10: +7.8 / -12.0 dB
    SINR outside mean / p10: -25.1 / -180.0 dB

  bs_3:
    rho_leak  (outside >= gamma):  32.9%
    rho_hole  (inside  <  gamma):  21.4%
    SINR inside  mean / p10: +7.8 / -12.0 dB
    SINR outside mean / p10: -25.1 / -180.0 dB

======================================================================
BS+JAMMER SINR CONTAINMENT  (gamma = +0.0 dB)
======================================================================
  bs_0:
    rho_leak  (outside >= gamma):  32.7%
    rho_hole  (inside  <  gamma):  21.4%
    SINR inside  mean / p10: +7.8 / -12.1 dB
    SINR outside mean / p10: -25.4 / -180.0 dB

  bs_1:
    rho_leak  (outside >= gamma):  32.7%
    rho_hole  (inside  <  gamma):  21.4%
    SINR inside  mean / p10: +7.8 / -12.1 dB
    SINR outside mean / p10: -25.4 / -180.0 dB

  bs_2:
    rho_leak  (outside >= gamma):  32.7%
    rho_hole  (inside  <  gamma):  21.4%
    SINR inside  mean / p10: +7.8 / -12.1 dB
    SINR outside mean / p10: -25.4 / -180.0 dB

  bs_3:
    rho_leak  (outside >= gamma):  32.7%
    rho_hole  (inside  <  gamma):  21.4%
    SINR inside  mean / p10: +7.8 / -12.1 dB
    SINR outside mean / p10: -25.4 / -180.0 dB

======================================================================

  Saved → ../results/duke/splat_large_n1000

[ 13/16] START l_shape_large_n300
Creating polygon
  Zone cells: 1517971
  bs_0: (397.1, -214.0, 50.0)
  bs_1: (-363.4, 377.5, 50.0)
  bs_2: (303.7, -394.0, 50.0)
  bs_3: (-397.0, -113.7, 50.0)
  Jammers: 8 evenly placed at 200 m standoff
  Run 1: BS warm-up (100 iter, inside coverage only)
-700.0

======================================================================
MULTI-TX SIR OPTIMIZATION  (4 transmitters)
======================================================================
Tx Position: [397.1407775878906, -213.98716735839844, 50.0]
look_at_position: [0.0, 0.0, 1.5]
Tx Position: [-363.3701171875, 377.5477294921875, 50.0]
look_at_position: [0.0, 0.0, 1.5]
Tx Position: [303.7311096191406, -394.0397644042969, 50.0]
look_at_position: [0.0, 0.0, 1.5]
Tx Position: [-397.02996826171875, -113.72566986083984, 50.0]
look_at_position: [0.0, 0.0, 1.5]
  [dbg] mean SINR_dB inside : 2.77988
  [dbg] mean SINR_dB outside: -9.36671
  [dbg] L_in=427.397  L_out=3.1926  L_uniform=524.271  L_min_j=[0]  L_spread=[0]
  Iter   1/100  loss=4326.3955  (6.7s)
  [dbg] mean SINR_dB inside : 3.19038
  [dbg] mean SINR_dB outside: -9.93398
  [dbg] L_in=416.517  L_out=3.00762  L_uniform=523.896  L_min_j=[0]  L_spread=[0]
  Iter   2/100  loss=4217.5557  (1.3s)
  [dbg] mean SINR_dB inside : 3.13994
  [dbg] mean SINR_dB outside: -10.4695
  [dbg] L_in=436.825  L_out=3.11228  L_uniform=561.949  L_min_j=[0]  L_spread=[0]
  Iter   3/100  loss=4424.4438  (1.3s)
  [dbg] mean SINR_dB inside : 3.23829
  [dbg] mean SINR_dB outside: -10.2263
  [dbg] L_in=440.038  L_out=3.22032  L_uniform=573.499  L_min_j=[0]  L_spread=[0]
  Iter   4/100  loss=4457.7251  (1.1s)
  [dbg] mean SINR_dB inside : 3.79731
  [dbg] mean SINR_dB outside: -10.0118
  [dbg] L_in=409.367  L_out=4.28199  L_uniform=540.689  L_min_j=[0]  L_spread=[0]
  Iter   5/100  loss=4147.7349  (1.0s)
  [dbg] mean SINR_dB inside : 3.70312
  [dbg] mean SINR_dB outside: -9.83517
  [dbg] L_in=411.591  L_out=5.15834  L_uniform=540.408  L_min_j=[0]  L_spread=[0]
  Iter   6/100  loss=4169.9521  (1.0s)
  [dbg] mean SINR_dB inside : 4.0529
  [dbg] mean SINR_dB outside: -9.78366
  [dbg] L_in=391.259  L_out=6.19085  L_uniform=517.349  L_min_j=[0]  L_spread=[0]
  Iter   7/100  loss=3964.3250  (1.0s)
  [dbg] mean SINR_dB inside : 3.79728
  [dbg] mean SINR_dB outside: -9.7364
  [dbg] L_in=411.821  L_out=6.6013  L_uniform=545.64  L_min_j=[0]  L_spread=[0]
  Iter   8/100  loss=4172.7739  (1.0s)
  [dbg] mean SINR_dB inside : 3.95194
  [dbg] mean SINR_dB outside: -9.38693
  [dbg] L_in=402.074  L_out=7.54585  L_uniform=533.921  L_min_j=[0]  L_spread=[0]
  Iter   9/100  loss=4074.1343  (1.0s)
  [dbg] mean SINR_dB inside : 4.08987
  [dbg] mean SINR_dB outside: -8.94709
  [dbg] L_in=393.465  L_out=8.39876  L_uniform=523.61  L_min_j=[0]  L_spread=[0]
  Iter  10/100  loss=3987.0127  (1.0s)
  [dbg] mean SINR_dB inside : 4.21501
  [dbg] mean SINR_dB outside: -8.98801
  [dbg] L_in=388.77  L_out=8.60414  L_uniform=520.429  L_min_j=[0]  L_spread=[0]
  Iter  11/100  loss=3939.7380  (1.0s)
  [dbg] mean SINR_dB inside : 4.32521
  [dbg] mean SINR_dB outside: -8.66509
  [dbg] L_in=385.895  L_out=9.16328  L_uniform=520.159  L_min_j=[0]  L_spread=[0]
  Iter  12/100  loss=3910.9646  (1.0s)
  [dbg] mean SINR_dB inside : 4.12718
  [dbg] mean SINR_dB outside: -8.7763
  [dbg] L_in=397.383  L_out=9.51352  L_uniform=533.312  L_min_j=[0]  L_spread=[0]
  Iter  13/100  loss=4027.1641  (1.0s)
  [dbg] mean SINR_dB inside : 4.34925
  [dbg] mean SINR_dB outside: -8.48351
  [dbg] L_in=382.338  L_out=10.1371  L_uniform=514.225  L_min_j=[0]  L_spread=[0]
  Iter  14/100  loss=3874.8018  (1.0s)
  [dbg] mean SINR_dB inside : 4.66681
  [dbg] mean SINR_dB outside: -8.66592
  [dbg] L_in=364.939  L_out=10.2736  L_uniform=495.01  L_min_j=[0]  L_spread=[0]
  Iter  15/100  loss=3698.8928  (1.0s)
  [dbg] mean SINR_dB inside : 4.64842
  [dbg] mean SINR_dB outside: -8.10141
  [dbg] L_in=374.173  L_out=11.4741  L_uniform=512.544  L_min_j=[0]  L_spread=[0]
  Iter  16/100  loss=3792.9849  (1.0s)
  [dbg] mean SINR_dB inside : 4.79371
  [dbg] mean SINR_dB outside: -8.01229
  [dbg] L_in=362.809  L_out=11.7861  L_uniform=496.889  L_min_j=[0]  L_spread=[0]
  Iter  17/100  loss=3677.7766  (1.0s)
  [dbg] mean SINR_dB inside : 4.62064
  [dbg] mean SINR_dB outside: -7.89227
  [dbg] L_in=380.226  L_out=12.4447  L_uniform=523.324  L_min_j=[0]  L_spread=[0]
  Iter  18/100  loss=3854.5894  (1.0s)
  [dbg] mean SINR_dB inside : 4.81593
  [dbg] mean SINR_dB outside: -8.11822
  [dbg] L_in=364.713  L_out=12.7023  L_uniform=501.79  L_min_j=[0]  L_spread=[0]
  Iter  19/100  loss=3697.3088  (1.0s)
  [dbg] mean SINR_dB inside : 5.28492
  [dbg] mean SINR_dB outside: -7.61951
  [dbg] L_in=341.055  L_out=13.8083  L_uniform=476.947  L_min_j=[0]  L_spread=[0]
  Iter  20/100  loss=3458.2483  (1.0s)
  [dbg] mean SINR_dB inside : 4.82626
  [dbg] mean SINR_dB outside: -7.70924
  [dbg] L_in=369.612  L_out=13.6111  L_uniform=512.122  L_min_j=[0]  L_spread=[0]
  Iter  21/100  loss=3747.3335  (1.0s)
  [dbg] mean SINR_dB inside : 4.9701
  [dbg] mean SINR_dB outside: -8.14301
  [dbg] L_in=357.776  L_out=13.8299  L_uniform=495.42  L_min_j=[0]  L_spread=[0]
  Iter  22/100  loss=3627.3059  (1.0s)
  [dbg] mean SINR_dB inside : 4.92652
  [dbg] mean SINR_dB outside: -7.57189
  [dbg] L_in=363.933  L_out=15.0869  L_uniform=505.663  L_min_j=[0]  L_spread=[0]
  Iter  23/100  loss=3689.9001  (1.0s)
  [dbg] mean SINR_dB inside : 4.88748
  [dbg] mean SINR_dB outside: -7.13747
  [dbg] L_in=365.587  L_out=15.5799  L_uniform=507.065  L_min_j=[0]  L_spread=[0]
  Iter  24/100  loss=3706.5754  (1.0s)
  [dbg] mean SINR_dB inside : 5.09413
  [dbg] mean SINR_dB outside: -7.0352
  [dbg] L_in=356.808  L_out=15.7984  L_uniform=499.472  L_min_j=[0]  L_spread=[0]
  Iter  25/100  loss=3618.0239  (1.0s)
  [dbg] mean SINR_dB inside : 5.19535
  [dbg] mean SINR_dB outside: -7.48693
  [dbg] L_in=350.003  L_out=15.8451  L_uniform=490.738  L_min_j=[0]  L_spread=[0]
  Iter  26/100  loss=3549.1042  (1.0s)
  [dbg] mean SINR_dB inside : 5.24386
  [dbg] mean SINR_dB outside: -7.03559
  [dbg] L_in=345.865  L_out=16.4086  L_uniform=484.723  L_min_j=[0]  L_spread=[0]
  Iter  27/100  loss=3507.1250  (1.0s)
  [dbg] mean SINR_dB inside : 5.10394
  [dbg] mean SINR_dB outside: -7.4612
  [dbg] L_in=357.494  L_out=16.4757  L_uniform=501.366  L_min_j=[0]  L_spread=[0]
  Iter  28/100  loss=3625.0774  (1.0s)
  [dbg] mean SINR_dB inside : 5.22521
  [dbg] mean SINR_dB outside: -7.16366
  [dbg] L_in=350.472  L_out=17.4034  L_uniform=493.112  L_min_j=[0]  L_spread=[0]
  Iter  29/100  loss=3554.0310  (1.0s)
  [dbg] mean SINR_dB inside : 5.55452
  [dbg] mean SINR_dB outside: -6.86488
  [dbg] L_in=333.678  L_out=17.641  L_uniform=475.074  L_min_j=[0]  L_spread=[0]
  Iter  30/100  loss=3384.2898  (1.0s)
  [dbg] mean SINR_dB inside : 5.39773
  [dbg] mean SINR_dB outside: -6.80607
  [dbg] L_in=341.192  L_out=18.4979  L_uniform=482.696  L_min_j=[0]  L_spread=[0]
  Iter  31/100  loss=3460.1914  (1.0s)
  [dbg] mean SINR_dB inside : 5.70806
  [dbg] mean SINR_dB outside: -7.01603
  [dbg] L_in=327.475  L_out=18.9279  L_uniform=469.859  L_min_j=[0]  L_spread=[0]
  Iter  32/100  loss=3321.7402  (1.0s)
  [dbg] mean SINR_dB inside : 5.33148
  [dbg] mean SINR_dB outside: -6.32308
  [dbg] L_in=349.582  L_out=19.2083  L_uniform=496.417  L_min_j=[0]  L_spread=[0]
  Iter  33/100  loss=3545.4634  (1.0s)
  [dbg] mean SINR_dB inside : 5.6116
  [dbg] mean SINR_dB outside: -6.72264
  [dbg] L_in=337.267  L_out=19.5548  L_uniform=484.886  L_min_j=[0]  L_spread=[0]
  Iter  34/100  loss=3421.1611  (0.7s)
  [dbg] mean SINR_dB inside : 5.62913
  [dbg] mean SINR_dB outside: -6.72177
  [dbg] L_in=331.885  L_out=19.4321  L_uniform=474.946  L_min_j=[0]  L_spread=[0]
  Iter  35/100  loss=3366.3430  (1.0s)
  [dbg] mean SINR_dB inside : 5.83958
  [dbg] mean SINR_dB outside: -6.60473
  [dbg] L_in=322.304  L_out=20.8097  L_uniform=465.56  L_min_j=[0]  L_spread=[0]
  Iter  36/100  loss=3269.5930  (1.0s)
  [dbg] mean SINR_dB inside : 6.04867
  [dbg] mean SINR_dB outside: -6.66291
  [dbg] L_in=311.699  L_out=20.563  L_uniform=454.032  L_min_j=[0]  L_spread=[0]
  Iter  37/100  loss=3162.3899  (1.0s)
  [dbg] mean SINR_dB inside : 5.97423
  [dbg] mean SINR_dB outside: -6.07975
  [dbg] L_in=315.432  L_out=22.2426  L_uniform=458.029  L_min_j=[0]  L_spread=[0]
  Iter  38/100  loss=3200.1208  (1.0s)
  [dbg] mean SINR_dB inside : 6.07751
  [dbg] mean SINR_dB outside: -6.33557
  [dbg] L_in=309.332  L_out=21.1068  L_uniform=450.596  L_min_j=[0]  L_spread=[0]
  Iter  39/100  loss=3138.3789  (1.0s)
  [dbg] mean SINR_dB inside : 6.19538
  [dbg] mean SINR_dB outside: -6.07736
  [dbg] L_in=308.14  L_out=21.6914  L_uniform=453.66  L_min_j=[0]  L_spread=[0]
  Iter  40/100  loss=3126.7673  (1.0s)
  [dbg] mean SINR_dB inside : 6.28988
  [dbg] mean SINR_dB outside: -6.15498
  [dbg] L_in=298.837  L_out=21.9942  L_uniform=439.318  L_min_j=[0]  L_spread=[0]
  Iter  41/100  loss=3032.3066  (1.0s)
  [dbg] mean SINR_dB inside : 6.18751
  [dbg] mean SINR_dB outside: -6.00496
  [dbg] L_in=310.316  L_out=23.4798  L_uniform=457.611  L_min_j=[0]  L_spread=[0]
  Iter  42/100  loss=3148.9253  (0.7s)
  [dbg] mean SINR_dB inside : 6.30255
  [dbg] mean SINR_dB outside: -5.92913
  [dbg] L_in=302.776  L_out=22.8542  L_uniform=447.752  L_min_j=[0]  L_spread=[0]
  Iter  43/100  loss=3072.5388  (1.2s)
  [dbg] mean SINR_dB inside : 6.18441
  [dbg] mean SINR_dB outside: -5.96378
  [dbg] L_in=307.105  L_out=22.9681  L_uniform=451.056  L_min_j=[0]  L_spread=[0]
  Iter  44/100  loss=3116.1553  (1.2s)
  [dbg] mean SINR_dB inside : 6.2192
  [dbg] mean SINR_dB outside: -5.65165
  [dbg] L_in=311.312  L_out=23.7694  L_uniform=461.018  L_min_j=[0]  L_spread=[0]
  Iter  45/100  loss=3159.2175  (0.9s)
  [dbg] mean SINR_dB inside : 6.36747
  [dbg] mean SINR_dB outside: -6.21436
  [dbg] L_in=302.394  L_out=24.5789  L_uniform=449.914  L_min_j=[0]  L_spread=[0]
  Iter  46/100  loss=3068.9324  (1.3s)
  [dbg] mean SINR_dB inside : 6.44921
  [dbg] mean SINR_dB outside: -5.66822
  [dbg] L_in=297.558  L_out=23.9499  L_uniform=443.982  L_min_j=[0]  L_spread=[0]
  Iter  47/100  loss=3019.9822  (1.2s)
  [dbg] mean SINR_dB inside : 6.30401
  [dbg] mean SINR_dB outside: -5.55933
  [dbg] L_in=304.426  L_out=24.7527  L_uniform=451.095  L_min_j=[0]  L_spread=[0]
  Iter  48/100  loss=3089.3694  (1.2s)
  [dbg] mean SINR_dB inside : 6.26202
  [dbg] mean SINR_dB outside: -5.53325
  [dbg] L_in=302.618  L_out=24.7799  L_uniform=445.49  L_min_j=[0]  L_spread=[0]
  Iter  49/100  loss=3070.7283  (1.2s)
  [dbg] mean SINR_dB inside : 6.2041
  [dbg] mean SINR_dB outside: -5.51142
  [dbg] L_in=311.265  L_out=25.4698  L_uniform=460.182  L_min_j=[0]  L_spread=[0]
  Iter  50/100  loss=3158.6643  (1.2s)
  [dbg] mean SINR_dB inside : 6.45465
  [dbg] mean SINR_dB outside: -5.32801
  [dbg] L_in=295.836  L_out=26.0106  L_uniform=440.623  L_min_j=[0]  L_spread=[0]
  Iter  51/100  loss=3002.4224  (1.1s)
  [dbg] mean SINR_dB inside : 6.65308
  [dbg] mean SINR_dB outside: -5.54574
  [dbg] L_in=284.72  L_out=25.7401  L_uniform=427.295  L_min_j=[0]  L_spread=[0]
  Iter  52/100  loss=2889.9290  (1.0s)
  [dbg] mean SINR_dB inside : 6.48345
  [dbg] mean SINR_dB outside: -5.22371
  [dbg] L_in=301.977  L_out=26.6655  L_uniform=454.219  L_min_j=[0]  L_spread=[0]
  Iter  53/100  loss=3065.1907  (1.0s)
  [dbg] mean SINR_dB inside : 6.65101
  [dbg] mean SINR_dB outside: -5.35079
  [dbg] L_in=284.701  L_out=26.6072  L_uniform=427.21  L_min_j=[0]  L_spread=[0]
  Iter  54/100  loss=2889.7261  (1.0s)
  [dbg] mean SINR_dB inside : 7.01116
  [dbg] mean SINR_dB outside: -5.38608
  [dbg] L_in=272.369  L_out=27.4899  L_uniform=418.53  L_min_j=[0]  L_spread=[0]
  Iter  55/100  loss=2765.5449  (0.7s)
  [dbg] mean SINR_dB inside : 6.61816
  [dbg] mean SINR_dB outside: -5.00069
  [dbg] L_in=290.905  L_out=27.3729  L_uniform=438.179  L_min_j=[0]  L_spread=[0]
  Iter  56/100  loss=2952.8660  (1.0s)
  [dbg] mean SINR_dB inside : 6.8027
  [dbg] mean SINR_dB outside: -5.13977
  [dbg] L_in=281.776  L_out=27.4596  L_uniform=428.132  L_min_j=[0]  L_spread=[0]
  Iter  57/100  loss=2860.5693  (1.0s)
  [dbg] mean SINR_dB inside : 6.42628
  [dbg] mean SINR_dB outside: -4.89922
  [dbg] L_in=303.45  L_out=27.5692  L_uniform=454.593  L_min_j=[0]  L_spread=[0]
  Iter  58/100  loss=3079.9600  (1.0s)
  [dbg] mean SINR_dB inside : 6.59648
  [dbg] mean SINR_dB outside: -4.89493
  [dbg] L_in=296.29  L_out=28.1252  L_uniform=447.957  L_min_j=[0]  L_spread=[0]
  Iter  59/100  loss=3007.6997  (1.0s)
  [dbg] mean SINR_dB inside : 6.64429
  [dbg] mean SINR_dB outside: -4.95939
  [dbg] L_in=295.166  L_out=27.347  L_uniform=447.906  L_min_j=[0]  L_spread=[0]
  Iter  60/100  loss=2996.4500  (1.0s)
  [dbg] mean SINR_dB inside : 7.02047
  [dbg] mean SINR_dB outside: -4.86156
  [dbg] L_in=275.528  L_out=28.2771  L_uniform=425.369  L_min_j=[0]  L_spread=[0]
  Iter  61/100  loss=2797.8135  (1.0s)
  [dbg] mean SINR_dB inside : 7.20809
  [dbg] mean SINR_dB outside: -4.91144
  [dbg] L_in=269.722  L_out=27.6227  L_uniform=422.053  L_min_j=[0]  L_spread=[0]
  Iter  62/100  loss=2739.4207  (1.0s)
  [dbg] mean SINR_dB inside : 7.11112
  [dbg] mean SINR_dB outside: -5.07221
  [dbg] L_in=269.64  L_out=28.4847  L_uniform=417.627  L_min_j=[0]  L_spread=[0]
  Iter  63/100  loss=2738.1658  (1.0s)
  [dbg] mean SINR_dB inside : 7.30943
  [dbg] mean SINR_dB outside: -4.77983
  [dbg] L_in=264.4  L_out=28.5303  L_uniform=415.818  L_min_j=[0]  L_spread=[0]
  Iter  64/100  loss=2685.5811  (1.0s)
  [dbg] mean SINR_dB inside : 6.81717
  [dbg] mean SINR_dB outside: -4.86713
  [dbg] L_in=290.309  L_out=28.3165  L_uniform=446.063  L_min_j=[0]  L_spread=[0]
  Iter  65/100  loss=2947.6995  (1.0s)
  [dbg] mean SINR_dB inside : 6.97425
  [dbg] mean SINR_dB outside: -4.92768
  [dbg] L_in=284.339  L_out=28.3285  L_uniform=441.025  L_min_j=[0]  L_spread=[0]
  Iter  66/100  loss=2887.4934  (0.7s)
  [dbg] mean SINR_dB inside : 6.90809
  [dbg] mean SINR_dB outside: -4.92416
  [dbg] L_in=281.047  L_out=28.2802  L_uniform=431.479  L_min_j=[0]  L_spread=[0]
  Iter  67/100  loss=2853.6221  (1.0s)
  [dbg] mean SINR_dB inside : 7.04172
  [dbg] mean SINR_dB outside: -4.7113
  [dbg] L_in=281.118  L_out=27.6743  L_uniform=437.619  L_min_j=[0]  L_spread=[0]
  Iter  68/100  loss=2854.9436  (1.0s)
  [dbg] mean SINR_dB inside : 7.21912
  [dbg] mean SINR_dB outside: -4.54546
  [dbg] L_in=268.688  L_out=27.904  L_uniform=420.545  L_min_j=[0]  L_spread=[0]
  Iter  69/100  loss=2728.9353  (1.0s)
  [dbg] mean SINR_dB inside : 7.06973
  [dbg] mean SINR_dB outside: -4.61709
  [dbg] L_in=279.424  L_out=28.0466  L_uniform=435.481  L_min_j=[0]  L_spread=[0]
  Iter  70/100  loss=2837.7854  (1.0s)
  [dbg] mean SINR_dB inside : 7.31436
  [dbg] mean SINR_dB outside: -4.80352
  [dbg] L_in=265.846  L_out=28.7781  L_uniform=418.975  L_min_j=[0]  L_spread=[0]
  Iter  71/100  loss=2700.3545  (0.9s)
  [dbg] mean SINR_dB inside : 7.25653
  [dbg] mean SINR_dB outside: -4.58471
  [dbg] L_in=265.774  L_out=28.7491  L_uniform=416.252  L_min_j=[0]  L_spread=[0]
  Iter  72/100  loss=2699.3613  (1.0s)
  [dbg] mean SINR_dB inside : 7.3247
  [dbg] mean SINR_dB outside: -4.93956
  [dbg] L_in=269.931  L_out=28.5826  L_uniform=427.566  L_min_j=[0]  L_spread=[0]
  Iter  73/100  loss=2742.0696  (1.0s)
  [dbg] mean SINR_dB inside : 7.33563
  [dbg] mean SINR_dB outside: -4.68455
  [dbg] L_in=266.828  L_out=28.6117  L_uniform=421.793  L_min_j=[0]  L_spread=[0]
  Iter  74/100  loss=2710.4636  (1.3s)
  [dbg] mean SINR_dB inside : 6.98718
  [dbg] mean SINR_dB outside: -4.47462
  [dbg] L_in=286.284  L_out=29.5397  L_uniform=445.536  L_min_j=[0]  L_spread=[0]
  Iter  75/100  loss=2907.3889  (1.2s)
  [dbg] mean SINR_dB inside : 7.16858
  [dbg] mean SINR_dB outside: -4.60693
  [dbg] L_in=277.808  L_out=28.497  L_uniform=436.626  L_min_j=[0]  L_spread=[0]
  Iter  76/100  loss=2821.7449  (1.3s)
  [dbg] mean SINR_dB inside : 7.22148
  [dbg] mean SINR_dB outside: -4.59175
  [dbg] L_in=272.666  L_out=28.7541  L_uniform=428.632  L_min_j=[0]  L_spread=[0]
  Iter  77/100  loss=2769.5254  (1.3s)
  [dbg] mean SINR_dB inside : 7.13794
  [dbg] mean SINR_dB outside: -4.8154
  [dbg] L_in=274.453  L_out=29.2246  L_uniform=428.436  L_min_j=[0]  L_spread=[0][0m[31m2026-05-24 23:43:36 WARN  [HDRFilm] Monochrome mode enabled, setting film output pixel format to 'luminance' (was rgb).

  Iter  78/100  loss=2787.3696  (0.7s)
  [dbg] mean SINR_dB inside : 7.12641
  [dbg] mean SINR_dB outside: -4.89797
  [dbg] L_in=275.175  L_out=28.2839  L_uniform=429.452  L_min_j=[0]  L_spread=[0]
  Iter  79/100  loss=2794.6968  (1.0s)
  [dbg] mean SINR_dB inside : 7.02694
  [dbg] mean SINR_dB outside: -4.99996
  [dbg] L_in=282.369  L_out=29.0207  L_uniform=439.493  L_min_j=[0]  L_spread=[0]
  Iter  80/100  loss=2867.6423  (1.0s)
  [dbg] mean SINR_dB inside : 7.13106
  [dbg] mean SINR_dB outside: -4.77739
  [dbg] L_in=274.814  L_out=28.4649  L_uniform=428.99  L_min_j=[0]  L_spread=[0]
  Iter  81/100  loss=2791.0386  (1.0s)
  [dbg] mean SINR_dB inside : 7.30161
  [dbg] mean SINR_dB outside: -4.46857
  [dbg] L_in=267.629  L_out=29.2796  L_uniform=422.119  L_min_j=[0]  L_spread=[0]
  Iter  82/100  loss=2718.4995  (1.0s)
  [dbg] mean SINR_dB inside : 7.17495
  [dbg] mean SINR_dB outside: -4.77475
  [dbg] L_in=272.731  L_out=28.6502  L_uniform=426.682  L_min_j=[0]  L_spread=[0]
  Iter  83/100  loss=2769.9824  (0.7s)
  [dbg] mean SINR_dB inside : 7.37648
  [dbg] mean SINR_dB outside: -4.61761
  [dbg] L_in=263.156  L_out=28.4182  L_uniform=416.38  L_min_j=[0]  L_spread=[0]
  Iter  84/100  loss=2673.1975  (1.0s)
  [dbg] mean SINR_dB inside : 7.15857
  [dbg] mean SINR_dB outside: -4.68497
  [dbg] L_in=274.7  L_out=29.4096  L_uniform=429.888  L_min_j=[0]  L_spread=[0]
  Iter  85/100  loss=2789.9863  (1.0s)
  [dbg] mean SINR_dB inside : 7.15234
  [dbg] mean SINR_dB outside: -4.38426
  [dbg] L_in=275.025  L_out=28.5506  L_uniform=430.272  L_min_j=[0]  L_spread=[0]
  Iter  86/100  loss=2793.2734  (1.0s)
  [dbg] mean SINR_dB inside : 7.27475
  [dbg] mean SINR_dB outside: -4.63309
  [dbg] L_in=268.709  L_out=27.9907  L_uniform=423.058  L_min_j=[0]  L_spread=[0]
  Iter  87/100  loss=2729.4001  (1.0s)
  [dbg] mean SINR_dB inside : 7.41375
  [dbg] mean SINR_dB outside: -4.92589
  [dbg] L_in=264.914  L_out=28.5067  L_uniform=421.511  L_min_j=[0]  L_spread=[0]
  Iter  88/100  loss=2691.2908  (0.7s)
  [dbg] mean SINR_dB inside : 6.99183
  [dbg] mean SINR_dB outside: -4.79861
  [dbg] L_in=284.798  L_out=27.85  L_uniform=442.906  L_min_j=[0]  L_spread=[0]
  Iter  89/100  loss=2892.2673  (1.0s)
  [dbg] mean SINR_dB inside : 7.32667
  [dbg] mean SINR_dB outside: -4.61933
  [dbg] L_in=265.765  L_out=29.0375  L_uniform=419.436  L_min_j=[0]  L_spread=[0]
  Iter  90/100  loss=2699.5945  (1.0s)
  [dbg] mean SINR_dB inside : 7.40826
  [dbg] mean SINR_dB outside: -4.33334
  [dbg] L_in=263.801  L_out=29.6725  L_uniform=419.093  L_min_j=[0]  L_spread=[0]
  Iter  91/100  loss=2679.9165  (1.0s)
  [dbg] mean SINR_dB inside : 7.24783
  [dbg] mean SINR_dB outside: -4.41982
  [dbg] L_in=270.739  L_out=28.7392  L_uniform=425.92  L_min_j=[0]  L_spread=[0]
  Iter  92/100  loss=2749.9778  (1.0s)
  [dbg] mean SINR_dB inside : 6.89599
  [dbg] mean SINR_dB outside: -4.61343
  [dbg] L_in=290.956  L_out=28.2784  L_uniform=450.928  L_min_j=[0]  L_spread=[0]
  Iter  93/100  loss=2954.6565  (0.7s)
  [dbg] mean SINR_dB inside : 7.06331
  [dbg] mean SINR_dB outside: -4.53052
  [dbg] L_in=284.291  L_out=28.9916  L_uniform=445.028  L_min_j=[0]  L_spread=[0]
  Iter  94/100  loss=2887.4141  (0.7s)
  [dbg] mean SINR_dB inside : 7.19545
  [dbg] mean SINR_dB outside: -4.71529
  [dbg] L_in=274.968  L_out=28.8743  L_uniform=432.121  L_min_j=[0]  L_spread=[0]
  Iter  95/100  loss=2792.8965  (0.7s)
  [dbg] mean SINR_dB inside : 7.29417
  [dbg] mean SINR_dB outside: -4.34513
  [dbg] L_in=270.078  L_out=28.6339  L_uniform=426.674  L_min_j=[0]  L_spread=[0]
  Iter  96/100  loss=2743.4512  (1.0s)
  [dbg] mean SINR_dB inside : 7.26291
  [dbg] mean SINR_dB outside: -4.40886
  [dbg] L_in=269.761  L_out=28.4799  L_uniform=424.634  L_min_j=[0]  L_spread=[0]
  Iter  97/100  loss=2740.0725  (1.0s)
  [dbg] mean SINR_dB inside : 7.22639
  [dbg] mean SINR_dB outside: -4.35327
  [dbg] L_in=273.664  L_out=29.4269  L_uniform=430.862  L_min_j=[0]  L_spread=[0]
  Iter  98/100  loss=2779.7241  (1.0s)
  [dbg] mean SINR_dB inside : 7.22135
  [dbg] mean SINR_dB outside: -4.57555
  [dbg] L_in=269.435  L_out=28.4011  L_uniform=422.248  L_min_j=[0]  L_spread=[0]
  Iter  99/100  loss=2736.5708  (0.7s)
  [dbg] mean SINR_dB inside : 7.27901
  [dbg] mean SINR_dB outside: -4.6328
  [dbg] L_in=269.971  L_out=28.2168  L_uniform=425.77  L_min_j=[0]  L_spread=[0]
  Iter 100/100  loss=2742.2898  (0.7s)

======================================================================
OPTIMIZATION COMPLETE  (105.2s)
  bs_0: Az=150.3°, El=-9.8°, pos=(398.0, -214.3)
  bs_1: Az=314.9°, El=-6.8°, pos=(-408.3, 409.4)
  bs_2: Az=132.0°, El=-8.2°, pos=(270.5, -492.5)
  bs_3: Az=13.6°, El=-7.4°, pos=(-488.6, -227.7)
======================================================================

  Warm-up: 105.2s total, 1.05s/iter
  Run 2: Joint optimization (100 iter, BS positions frozen)
-700.0

======================================================================
MULTI-TX SIR OPTIMIZATION  (4 transmitters)
======================================================================
Pre-created 888 receivers (300 inside + 588 outside) across 4 base stations
Tx Position: [-592.2704467773438, -217.19412231445312, 50.0]
look_at_position: [-66.66666666666667, -66.66666666666667, 1.5]
Tx Position: [-158.08018493652344, -597.094482421875, 50.0]
look_at_position: [-66.66666666666667, -66.66666666666667, 1.5]
Tx Position: [562.7467041015625, -516.2476196289062, 50.0]
look_at_position: [-66.66666666666667, -66.66666666666667, 1.5]
Tx Position: [600.0, -66.66666412353516, 50.0]
look_at_position: [-66.66666666666667, -66.66666666666667, 1.5]
Tx Position: [464.6463623046875, 39.018062591552734, 50.0]
look_at_position: [-66.66666666666667, -66.66666666666667, 1.5]
Tx Position: [279.05682373046875, 76.53668975830078, 50.0]
look_at_position: [-66.66666666666667, -66.66666666666667, 1.5]
Tx Position: [199.40097045898438, 111.11404418945312, 50.0]
look_at_position: [-66.66666666666667, -66.66666666666667, 1.5]
Tx Position: [141.42135620117188, 141.42135620117188, 50.0]
look_at_position: [-66.66666666666667, -66.66666666666667, 1.5]
  [dbg] mean SINR_dB inside : -4.64562
  [dbg] mean SINR_dB outside: -17.4859
  [dbg] L_in=845.103  L_out=-117.415  L_uniform=915.174  L_min_j=0.5  L_spread=[0]
  Iter   1/100  loss=5678.1929  (6.1s)
  [dbg] mean SINR_dB inside : -0.825014
  [dbg] mean SINR_dB outside: -13.2216
  [dbg] L_in=622.925  L_out=-85.8123  L_uniform=713.311  L_min_j=0.475021  L_spread=[0]
  Iter   2/100  loss=4196.6045  (2.8s)
  [dbg] mean SINR_dB inside : -0.315738
  [dbg] mean SINR_dB outside: -12.5428
  [dbg] L_in=588.445  L_out=-81.724  L_uniform=674.473  L_min_j=0.452097  L_spread=[0]
  Iter   3/100  loss=3957.7703  (2.2s)
  [dbg] mean SINR_dB inside : -0.144763
  [dbg] mean SINR_dB outside: -13.374
  [dbg] L_in=586.003  L_out=-87.9493  L_uniform=679.582  L_min_j=0.429748  L_spread=[0]
  Iter   4/100  loss=3876.4910  (2.4s)
  [dbg] mean SINR_dB inside : 0.310219
  [dbg] mean SINR_dB outside: -13.0782
  [dbg] L_in=559.431  L_out=-86.0837  L_uniform=652.75  L_min_j=0.40824  L_spread=[0]
  Iter   5/100  loss=3679.8889  (2.2s)
  [dbg] mean SINR_dB inside : 0.607246
  [dbg] mean SINR_dB outside: -12.9779
  [dbg] L_in=539.858  L_out=-85.7392  L_uniform=630.554  L_min_j=0.387619  L_spread=[0]
  Iter   6/100  loss=3524.5308  (2.1s)
  [dbg] mean SINR_dB inside : 0.805496
  [dbg] mean SINR_dB outside: -13.0027
  [dbg] L_in=531.974  L_out=-86.2068  L_uniform=626.004  L_min_j=0.368122  L_spread=[0]
  Iter   7/100  loss=3456.3225  (2.3s)
  [dbg] mean SINR_dB inside : 1.25788
  [dbg] mean SINR_dB outside: -12.7947
  [dbg] L_in=505.183  L_out=-84.5581  L_uniform=597.72  L_min_j=0.349808  L_spread=[0]
  Iter   8/100  loss=3255.6514  (2.2s)
  [dbg] mean SINR_dB inside : 1.12332
  [dbg] mean SINR_dB outside: -13.2228
  [dbg] L_in=528.603  L_out=-87.8665  L_uniform=637.079  L_min_j=0.332872  L_spread=[0]
  Iter   9/100  loss=3413.8689  (2.4s)
  [dbg] mean SINR_dB inside : 1.4714
  [dbg] mean SINR_dB outside: -12.6222
  [dbg] L_in=501.173  L_out=-83.7425  L_uniform=601.506  L_min_j=0.317702  L_spread=[0]
  Iter  10/100  loss=3232.1130  (2.1s)
  [dbg] mean SINR_dB inside : 1.6894
  [dbg] mean SINR_dB outside: -12.3246
  [dbg] L_in=485.079  L_out=-81.4949  L_uniform=581.273  L_min_j=0.304329  L_spread=[0]
  Iter  11/100  loss=3123.8081  (2.4s)
  [dbg] mean SINR_dB inside : 1.86984
  [dbg] mean SINR_dB outside: -12.3234
  [dbg] L_in=475.956  L_out=-81.7314  L_uniform=572.85  L_min_j=0.292835  L_spread=[0]
  Iter  12/100  loss=3047.6184  (2.2s)
  [dbg] mean SINR_dB inside : 2.02203
  [dbg] mean SINR_dB outside: -12.5413
  [dbg] L_in=471.617  L_out=-83.3315  L_uniform=572.405  L_min_j=0.28288  L_spread=[0]
  Iter  13/100  loss=2996.8638  (2.4s)
  [dbg] mean SINR_dB inside : 1.86388
  [dbg] mean SINR_dB outside: -12.6097
  [dbg] L_in=480.855  L_out=-83.9052  L_uniform=582.325  L_min_j=0.274358  L_spread=[0]
  Iter  14/100  loss=3066.0232  (2.2s)
  [dbg] mean SINR_dB inside : 2.32224
  [dbg] mean SINR_dB outside: -12.615
  [dbg] L_in=454.319  L_out=-84.4058  L_uniform=553.919  L_min_j=0.267031  L_spread=[0]
  Iter  15/100  loss=2845.8862  (2.5s)
  [dbg] mean SINR_dB inside : 2.49568
  [dbg] mean SINR_dB outside: -12.3543
  [dbg] L_in=447.524  L_out=-82.82  L_uniform=549.548  L_min_j=0.260808  L_spread=[0]
  Iter  16/100  loss=2806.9446  (2.2s)
  [dbg] mean SINR_dB inside : 2.21829
  [dbg] mean SINR_dB outside: -12.4302
  [dbg] L_in=459.889  L_out=-83.241  L_uniform=559.497  L_min_j=0.255586  L_spread=[0]
  Iter  17/100  loss=2902.6489  (2.3s)
  [dbg] mean SINR_dB inside : 2.40553
  [dbg] mean SINR_dB outside: -12.3894
  [dbg] L_in=453.826  L_out=-83.0429  L_uniform=557.367  L_min_j=0.251228  L_spread=[0]
  Iter  18/100  loss=2855.9175  (2.4s)
  [dbg] mean SINR_dB inside : 2.90375
  [dbg] mean SINR_dB outside: -12.5814
  [dbg] L_in=423.777  L_out=-84.5781  L_uniform=523.517  L_min_j=0.247636  L_spread=[0]
  Iter  19/100  loss=2596.7874  (2.3s)
  [dbg] mean SINR_dB inside : 2.79206
  [dbg] mean SINR_dB outside: -12.242
  [dbg] L_in=434.214  L_out=-82.101  L_uniform=538.546  L_min_j=0.244785  L_spread=[0]
  Iter  20/100  loss=2706.5593  (2.3s)
  [dbg] mean SINR_dB inside : 2.93145
  [dbg] mean SINR_dB outside: -11.7749
  [dbg] L_in=430.724  L_out=-78.6166  L_uniform=538.85  L_min_j=0.242548  L_spread=[0]
  Iter  21/100  loss=2713.5134  (2.4s)
  [dbg] mean SINR_dB inside : 3.14505
  [dbg] mean SINR_dB outside: -11.8612
  [dbg] L_in=417.278  L_out=-78.8918  L_uniform=523.048  L_min_j=0.240852  L_spread=[0]
  Iter  22/100  loss=2601.6133  (2.3s)
  [dbg] mean SINR_dB inside : 3.12426
  [dbg] mean SINR_dB outside: -11.5824
  [dbg] L_in=419.847  L_out=-76.642  L_uniform=527.105  L_min_j=0.239667  L_spread=[0]
  Iter  23/100  loss=2645.0701  (2.3s)
  [dbg] mean SINR_dB inside : 3.21436
  [dbg] mean SINR_dB outside: -11.5038
  [dbg] L_in=420.206  L_out=-76.1117  L_uniform=532.475  L_min_j=0.238904  L_spread=[0]
  Iter  24/100  loss=2653.7761  (2.3s)
  [dbg] mean SINR_dB inside : 3.44871
  [dbg] mean SINR_dB outside: -11.3454
  [dbg] L_in=403.055  L_out=-74.3219  L_uniform=510.204  L_min_j=0.238449  L_spread=[0]
  Iter  25/100  loss=2532.2451  (2.6s)
  [dbg] mean SINR_dB inside : 3.44332
  [dbg] mean SINR_dB outside: -11.5257
  [dbg] L_in=406.233  L_out=-75.4261  L_uniform=516.282  L_min_j=0.238186  L_spread=[0]
  Iter  26/100  loss=2547.2275  (2.5s)
  [dbg] mean SINR_dB inside : 3.0164
  [dbg] mean SINR_dB outside: -11.2097
  [dbg] L_in=438.163  L_out=-72.8114  L_uniform=558.138  L_min_j=0.238138  L_spread=[0]
  Iter  27/100  loss=2833.0032  (2.3s)
  [dbg] mean SINR_dB inside : 3.47618
  [dbg] mean SINR_dB outside: -11.115
  [dbg] L_in=405.11  L_out=-71.7506  L_uniform=515.71  L_min_j=0.238369  L_spread=[0]
  Iter  28/100  loss=2574.9456  (2.3s)
  [dbg] mean SINR_dB inside : 3.34611
  [dbg] mean SINR_dB outside: -11.2867
  [dbg] L_in=416.22  L_out=-72.6198  L_uniform=531.272  L_min_j=0.238817  L_spread=[0]
  Iter  29/100  loss=2656.6863  (2.1s)
  [dbg] mean SINR_dB inside : 3.3399
  [dbg] mean SINR_dB outside: -10.8587
  [dbg] L_in=415.013  L_out=-69.452  L_uniform=528.539  L_min_j=0.239337  L_spread=[0]
  Iter  30/100  loss=2678.4417  (2.5s)
  [dbg] mean SINR_dB inside : 3.36504
  [dbg] mean SINR_dB outside: -11.1287
  [dbg] L_in=411.005  L_out=-71.3692  L_uniform=521.816  L_min_j=0.240029  L_spread=[0]
  Iter  31/100  loss=2626.5339  (2.2s)
  [dbg] mean SINR_dB inside : 3.37318
  [dbg] mean SINR_dB outside: -11.3182
  [dbg] L_in=411.166  L_out=-72.5793  L_uniform=522.554  L_min_j=0.240822  L_spread=[0]
  Iter  32/100  loss=2615.7925  (2.3s)
  [dbg] mean SINR_dB inside : 3.04182
  [dbg] mean SINR_dB outside: -11.3516
  [dbg] L_in=434.521  L_out=-73.8474  L_uniform=552.179  L_min_j=0.241696  L_spread=[0]
  Iter  33/100  loss=2792.9080  (2.3s)
  [dbg] mean SINR_dB inside : 2.8542
  [dbg] mean SINR_dB outside: -11.3529
  [dbg] L_in=458.627  L_out=-74.1608  L_uniform=590.62  L_min_j=0.24269  L_spread=[0]
  Iter  34/100  loss=2986.4727  (2.1s)
  [dbg] mean SINR_dB inside : 3.23671
  [dbg] mean SINR_dB outside: -11.1256
  [dbg] L_in=425.704  L_out=-72.5866  L_uniform=544.631  L_min_j=0.243663  L_spread=[0]
  Iter  35/100  loss=2734.2253  (2.2s)
  [dbg] mean SINR_dB inside : 3.29139
  [dbg] mean SINR_dB outside: -11.231
  [dbg] L_in=424.184  L_out=-73.1577  L_uniform=544.404  L_min_j=0.244585  L_spread=[0]
  Iter  36/100  loss=2716.3337  (2.1s)
  [dbg] mean SINR_dB inside : 3.56357
  [dbg] mean SINR_dB outside: -11.3514
  [dbg] L_in=406.039  L_out=-74.183  L_uniform=522.04  L_min_j=0.245492  L_spread=[0]
  Iter  37/100  loss=2558.6829  (2.2s)
  [dbg] mean SINR_dB inside : 3.37938
  [dbg] mean SINR_dB outside: -10.9349
  [dbg] L_in=416.519  L_out=-71.2997  L_uniform=533.601  L_min_j=0.246466  L_spread=[0]
  Iter  38/100  loss=2672.5137  (2.1s)
  [dbg] mean SINR_dB inside : 3.61655
  [dbg] mean SINR_dB outside: -11.0419
  [dbg] L_in=404.407  L_out=-72.024  L_uniform=521.474  L_min_j=0.247413  L_spread=[0]
  Iter  39/100  loss=2567.1619  (2.2s)
  [dbg] mean SINR_dB inside : 3.23822
  [dbg] mean SINR_dB outside: -10.9601
  [dbg] L_in=429.326  L_out=-71.5071  L_uniform=551.96  L_min_j=0.248385  L_spread=[0]
  Iter  40/100  loss=2774.7314  (2.2s)
  [dbg] mean SINR_dB inside : 3.5938
  [dbg] mean SINR_dB outside: -11.283
  [dbg] L_in=408.133  L_out=-73.7541  L_uniform=527.772  L_min_j=0.24943  L_spread=[0]
  Iter  41/100  loss=2580.2971  (2.2s)
  [dbg] mean SINR_dB inside : 3.48303
  [dbg] mean SINR_dB outside: -10.8597
  [dbg] L_in=414.96  L_out=-70.6861  L_uniform=535.777  L_min_j=0.25048  L_spread=[0]
  Iter  42/100  loss=2666.3992  (2.2s)
  [dbg] mean SINR_dB inside : 3.58301
  [dbg] mean SINR_dB outside: -10.888
  [dbg] L_in=405.809  L_out=-69.322  L_uniform=522.566  L_min_j=0.251664  L_spread=[0]
  Iter  43/100  loss=2605.5073  (2.2s)
  [dbg] mean SINR_dB inside : 3.73246
  [dbg] mean SINR_dB outside: -10.7697
  [dbg] L_in=409.493  L_out=-68.6411  L_uniform=537.51  L_min_j=0.252851  L_spread=[0]
  Iter  44/100  loss=2643.2842  (2.2s)
  [dbg] mean SINR_dB inside : 3.79128
  [dbg] mean SINR_dB outside: -11.0809
  [dbg] L_in=400.66  L_out=-70.6261  L_uniform=522.82  L_min_j=0.254065  L_spread=[0]
  Iter  45/100  loss=2551.3044  (2.2s)
  [dbg] mean SINR_dB inside : 4.05655
  [dbg] mean SINR_dB outside: -11.0668
  [dbg] L_in=388.175  L_out=-70.5475  L_uniform=511.154  L_min_j=0.255402  L_spread=[0]
  Iter  46/100  loss=2451.0439  (2.2s)
  [dbg] mean SINR_dB inside : 4.04373
  [dbg] mean SINR_dB outside: -10.9577
  [dbg] L_in=388.719  L_out=-69.6375  L_uniform=511.608  L_min_j=0.25673  L_spread=[0]
  Iter  47/100  loss=2464.5354  (2.2s)
  [dbg] mean SINR_dB inside : 4.00645
  [dbg] mean SINR_dB outside: -10.8907
  [dbg] L_in=395.085  L_out=-69.1451  L_uniform=522.476  L_min_j=0.258094  L_spread=[0]
  Iter  48/100  loss=2521.4727  (2.2s)
  [dbg] mean SINR_dB inside : 4.40776
  [dbg] mean SINR_dB outside: -10.7916
  [dbg] L_in=369.744  L_out=-67.7469  L_uniform=491.696  L_min_j=0.25956  L_spread=[0]
  Iter  49/100  loss=2329.6560  (2.1s)
  [dbg] mean SINR_dB inside : 4.51979
  [dbg] mean SINR_dB outside: -11.2909
  [dbg] L_in=364.086  L_out=-71.6242  L_uniform=485.887  L_min_j=0.260959  L_spread=[0]
  Iter  50/100  loss=2245.0322  (2.2s)
  [dbg] mean SINR_dB inside : 4.39002
  [dbg] mean SINR_dB outside: -11.2131
  [dbg] L_in=376.769  L_out=-71.4537  L_uniform=504.887  L_min_j=0.262401  L_spread=[0]
  Iter  51/100  loss=2350.1011  (2.2s)
  [dbg] mean SINR_dB inside : 4.43445
  [dbg] mean SINR_dB outside: -10.8157
  [dbg] L_in=366.378  L_out=-68.4799  L_uniform=486.298  L_min_j=0.263948  L_spread=[0]
  Iter  52/100  loss=2294.8521  (2.2s)
  [dbg] mean SINR_dB inside : 4.26191
  [dbg] mean SINR_dB outside: -10.943
  [dbg] L_in=375.623  L_out=-68.4177  L_uniform=496.291  L_min_j=0.265526  L_spread=[0]
  Iter  53/100  loss=2370.4351  (2.2s)
  [dbg] mean SINR_dB inside : 4.51272
  [dbg] mean SINR_dB outside: -10.7761
  [dbg] L_in=359.825  L_out=-67.5875  L_uniform=477.051  L_min_j=0.267093  L_spread=[0]
  Iter  54/100  loss=2250.4319  (2.2s)
  [dbg] mean SINR_dB inside : 4.44093
  [dbg] mean SINR_dB outside: -10.9513
  [dbg] L_in=366.831  L_out=-68.7833  L_uniform=487.55  L_min_j=0.268725  L_spread=[0]
  Iter  55/100  loss=2295.5723  (2.2s)
  [dbg] mean SINR_dB inside : 4.38678
  [dbg] mean SINR_dB outside: -10.7472
  [dbg] L_in=372.065  L_out=-67.3874  L_uniform=495.362  L_min_j=0.270332  L_spread=[0]
  Iter  56/100  loss=2352.1812  (2.2s)
  [dbg] mean SINR_dB inside : 4.55197
  [dbg] mean SINR_dB outside: -10.4225
  [dbg] L_in=362.42  L_out=-65.3864  L_uniform=484.181  L_min_j=0.271946  L_spread=[0]
  Iter  57/100  loss=2293.9153  (2.2s)
  [dbg] mean SINR_dB inside : 4.63404
  [dbg] mean SINR_dB outside: -10.8434
  [dbg] L_in=358.304  L_out=-68.8063  L_uniform=479.942  L_min_j=0.273558  L_spread=[0]
  Iter  58/100  loss=2226.3657  (2.2s)
  [dbg] mean SINR_dB inside : 4.98913
  [dbg] mean SINR_dB outside: -10.4676
  [dbg] L_in=336.833  L_out=-66.2591  L_uniform=454.18  L_min_j=0.275197  L_spread=[0]
  Iter  59/100  loss=2077.4939  (2.2s)
  [dbg] mean SINR_dB inside : 4.86727
  [dbg] mean SINR_dB outside: -10.5197
  [dbg] L_in=346.715  L_out=-66.5656  L_uniform=468.075  L_min_j=0.276839  L_spread=[0]
  Iter  60/100  loss=2154.8679  (2.2s)
  [dbg] mean SINR_dB inside : 4.93893
  [dbg] mean SINR_dB outside: -10.54
  [dbg] L_in=340.886  L_out=-66.8641  L_uniform=459.882  L_min_j=0.278486  L_spread=[0]
  Iter  61/100  loss=2104.4380  (2.2s)
  [dbg] mean SINR_dB inside : 5.05765
  [dbg] mean SINR_dB outside: -10.3866
  [dbg] L_in=335.591  L_out=-65.7994  L_uniform=454.996  L_min_j=0.280165  L_spread=[0]
  Iter  62/100  loss=2072.2297  (2.3s)
  [dbg] mean SINR_dB inside : 5.01139
  [dbg] mean SINR_dB outside: -10.2992
  [dbg] L_in=340.237  L_out=-65.2879  L_uniform=462.063  L_min_j=0.281788  L_spread=[0]
  Iter  63/100  loss=2115.2234  (2.2s)
  [dbg] mean SINR_dB inside : 4.95835
  [dbg] mean SINR_dB outside: -9.98765
  [dbg] L_in=344.008  L_out=-63.1696  L_uniform=467.061  L_min_j=0.283405  L_spread=[0]
  Iter  64/100  loss=2167.0737  (2.0s)
  [dbg] mean SINR_dB inside : 4.91529
  [dbg] mean SINR_dB outside: -10.0346
  [dbg] L_in=346.508  L_out=-63.4282  L_uniform=469.998  L_min_j=0.284942  L_spread=[0]
  Iter  65/100  loss=2184.7800  (2.2s)
  [dbg] mean SINR_dB inside : 5.09578
  [dbg] mean SINR_dB outside: -10.3981
  [dbg] L_in=335.743  L_out=-65.9353  L_uniform=457.132  L_min_j=0.286462  L_spread=[0]
  Iter  66/100  loss=2072.3083  (2.2s)
  [dbg] mean SINR_dB inside : 5.14493
  [dbg] mean SINR_dB outside: -10.0899
  [dbg] L_in=336.541  L_out=-63.7883  L_uniform=461.078  L_min_j=0.287906  L_spread=[0]
  Iter  67/100  loss=2100.5554  (2.2s)
  [dbg] mean SINR_dB inside : 5.36752
  [dbg] mean SINR_dB outside: -10.2328
  [dbg] L_in=324.695  L_out=-64.8759  L_uniform=447.965  L_min_j=0.289284  L_spread=[0]
  Iter  68/100  loss=1993.5996  (2.2s)
  [dbg] mean SINR_dB inside : 5.14826
  [dbg] mean SINR_dB outside: -9.94421
  [dbg] L_in=334.724  L_out=-63.0413  L_uniform=457.603  L_min_j=0.29058  L_spread=[0]
  Iter  69/100  loss=2093.1360  (2.2s)
  [dbg] mean SINR_dB inside : 5.24199
  [dbg] mean SINR_dB outside: -10.2557
  [dbg] L_in=332.57  L_out=-65.4261  L_uniform=457.769  L_min_j=0.291819  L_spread=[0]
  Iter  70/100  loss=2052.0769  (2.3s)
  [dbg] mean SINR_dB inside : 4.78446
  [dbg] mean SINR_dB outside: -10.4902
  [dbg] L_in=355.948  L_out=-66.8436  L_uniform=482.593  L_min_j=0.292941  L_spread=[0]
  Iter  71/100  loss=2227.4082  (2.3s)
  [dbg] mean SINR_dB inside : 5.16178
  [dbg] mean SINR_dB outside: -10.2784
  [dbg] L_in=332.799  L_out=-65.523  L_uniform=454.428  L_min_j=0.293991  L_spread=[0]
  Iter  72/100  loss=2052.6033  (2.3s)
  [dbg] mean SINR_dB inside : 4.82854
  [dbg] mean SINR_dB outside: -10.4242
  [dbg] L_in=358.485  L_out=-66.3767  L_uniform=489.8  L_min_j=0.294955  L_spread=[0]
  Iter  73/100  loss=2253.0959  (2.2s)
  [dbg] mean SINR_dB inside : 4.70577
  [dbg] mean SINR_dB outside: -10.4451
  [dbg] L_in=366.893  L_out=-66.8395  L_uniform=500.686  L_min_j=0.295866  L_spread=[0]
  Iter  74/100  loss=2316.8191  (2.2s)
  [dbg] mean SINR_dB inside : 4.85624
  [dbg] mean SINR_dB outside: -10.2085
  [dbg] L_in=356.289  L_out=-65.0688  L_uniform=486.771  L_min_j=0.296715  L_spread=[0]
  Iter  75/100  loss=2248.3008  (2.1s)
  [dbg] mean SINR_dB inside : 4.79487
  [dbg] mean SINR_dB outside: -10.1735
  [dbg] L_in=357.598  L_out=-64.7865  L_uniform=486.438  L_min_j=0.297477  L_spread=[0]
  Iter  76/100  loss=2261.5642  (2.3s)
  [dbg] mean SINR_dB inside : 4.89069
  [dbg] mean SINR_dB outside: -10.2865
  [dbg] L_in=353.267  L_out=-65.7345  L_uniform=482.409  L_min_j=0.298204  L_spread=[0]
  Iter  77/100  loss=2217.0334  (2.3s)
  [dbg] mean SINR_dB inside : 4.79888
  [dbg] mean SINR_dB outside: -10.2937
  [dbg] L_in=358.225  L_out=-65.8336  L_uniform=487.891  L_min_j=0.298883  L_spread=[0]
  Iter  78/100  loss=2256.2556  (2.3s)
  [dbg] mean SINR_dB inside : 5.09576
  [dbg] mean SINR_dB outside: -10.296
  [dbg] L_in=340.4  L_out=-65.6608  L_uniform=466.519  L_min_j=0.299506  L_spread=[0]
  Iter  79/100  loss=2113.2463  (2.2s)
  [dbg] mean SINR_dB inside : 5.001
  [dbg] mean SINR_dB outside: -10.3699
  [dbg] L_in=347.055  L_out=-66.2894  L_uniform=475.302  L_min_j=0.300075  L_spread=[0]
  Iter  80/100  loss=2161.0791  (2.2s)
  [dbg] mean SINR_dB inside : 4.98561
  [dbg] mean SINR_dB outside: -10.3258
  [dbg] L_in=350.823  L_out=-66.0051  L_uniform=482.084  L_min_j=0.300601  L_spread=[0]
  Iter  81/100  loss=2194.7397  (2.2s)
  [dbg] mean SINR_dB inside : 5.10803
  [dbg] mean SINR_dB outside: -10.3461
  [dbg] L_in=339.557  L_out=-66.438  L_uniform=465.414  L_min_j=0.301095  L_spread=[0]
  Iter  82/100  loss=2098.6167  (2.0s)
  [dbg] mean SINR_dB inside : 4.98792
  [dbg] mean SINR_dB outside: -10.3441
  [dbg] L_in=346.62  L_out=-66.1735  L_uniform=473.789  L_min_j=0.301551  L_spread=[0]
  Iter  83/100  loss=2158.6023  (2.2s)
  [dbg] mean SINR_dB inside : 4.89377
  [dbg] mean SINR_dB outside: -10.4938
  [dbg] L_in=352.689  L_out=-67.3068  L_uniform=481.406  L_min_j=0.301978  L_spread=[0]
  Iter  84/100  loss=2196.5828  (2.2s)
  [dbg] mean SINR_dB inside : 4.90732
  [dbg] mean SINR_dB outside: -10.6805
  [dbg] L_in=353.923  L_out=-68.5808  L_uniform=484.53  L_min_j=0.302366  L_spread=[0]
  Iter  85/100  loss=2194.0261  (2.3s)
  [dbg] mean SINR_dB inside : 4.94151
  [dbg] mean SINR_dB outside: -10.3846
  [dbg] L_in=354.983  L_out=-66.6186  L_uniform=488.294  L_min_j=0.302722  L_spread=[0]
  Iter  86/100  loss=2222.5044  (2.3s)
  [dbg] mean SINR_dB inside : 4.95913
  [dbg] mean SINR_dB outside: -10.5704
  [dbg] L_in=352.389  L_out=-68.0183  L_uniform=483.943  L_min_j=0.303041  L_spread=[0]
  Iter  87/100  loss=2187.3257  (2.2s)
  [dbg] mean SINR_dB inside : 4.93229
  [dbg] mean SINR_dB outside: -10.3832
  [dbg] L_in=349.308  L_out=-66.5426  L_uniform=476.5  L_min_j=0.303323  L_spread=[0]
  Iter  88/100  loss=2176.6885  (2.2s)
  [dbg] mean SINR_dB inside : 4.91963
  [dbg] mean SINR_dB outside: -10.372
  [dbg] L_in=356.024  L_out=-66.4531  L_uniform=489.321  L_min_j=0.303564  L_spread=[0]
  Iter  89/100  loss=2232.5894  (2.3s)
  [dbg] mean SINR_dB inside : 4.98759
  [dbg] mean SINR_dB outside: -10.4419
  [dbg] L_in=349.075  L_out=-67.1065  L_uniform=478.693  L_min_j=0.303774  L_spread=[0]
  Iter  90/100  loss=2169.4041  (2.2s)
  [dbg] mean SINR_dB inside : 5.04146
  [dbg] mean SINR_dB outside: -10.1462
  [dbg] L_in=345.416  L_out=-65.0738  L_uniform=473.951  L_min_j=0.303952  L_spread=[0]
  Iter  91/100  loss=2159.9888  (2.2s)
  [dbg] mean SINR_dB inside : 4.88609
  [dbg] mean SINR_dB outside: -10.5366
  [dbg] L_in=355.828  L_out=-67.6651  L_uniform=487.3  L_min_j=0.3041  L_spread=[0]
  Iter  92/100  loss=2218.7017  (2.2s)
  [dbg] mean SINR_dB inside : 5.18556
  [dbg] mean SINR_dB outside: -10.3584
  [dbg] L_in=339.027  L_out=-66.7385  L_uniform=468.051  L_min_j=0.304224  L_spread=[0]
  Iter  93/100  loss=2091.6377  (2.0s)
  [dbg] mean SINR_dB inside : 4.84735
  [dbg] mean SINR_dB outside: -10.2524
  [dbg] L_in=358.918  L_out=-65.5281  L_uniform=491.619  L_min_j=0.304324  L_spread=[0]
  Iter  94/100  loss=2265.2224  (2.2s)
  [dbg] mean SINR_dB inside : 4.91107
  [dbg] mean SINR_dB outside: -10.4982
  [dbg] L_in=355.557  L_out=-67.5072  L_uniform=487.964  L_min_j=0.3044  L_spread=[0]
  Iter  95/100  loss=2218.1812  (2.2s)
  [dbg] mean SINR_dB inside : 4.94425
  [dbg] mean SINR_dB outside: -10.192
  [dbg] L_in=354.567  L_out=-65.4695  L_uniform=487.586  L_min_j=0.304456  L_spread=[0]
  Iter  96/100  loss=2230.5967  (2.0s)
  [dbg] mean SINR_dB inside : 5.04623
  [dbg] mean SINR_dB outside: -10.3455
  [dbg] L_in=349.359  L_out=-66.3958  L_uniform=482.076  L_min_j=0.304496  L_spread=[0]
  Iter  97/100  loss=2179.1226  (2.0s)
  [dbg] mean SINR_dB inside : 4.93039
  [dbg] mean SINR_dB outside: -10.2341
  [dbg] L_in=353.916  L_out=-65.3148  L_uniform=485.613  L_min_j=0.30452  L_spread=[0]
  Iter  98/100  loss=2226.7405  (2.0s)
  [dbg] mean SINR_dB inside : 4.96192
  [dbg] mean SINR_dB outside: -10.4323
  [dbg] L_in=352.362  L_out=-67.0744  L_uniform=484.033  L_min_j=0.304534  L_spread=[0]
  Iter  99/100  loss=2196.5591  (2.2s)
  [dbg] mean SINR_dB inside : 4.8461
  [dbg] mean SINR_dB outside: -10.2638
  [dbg] L_in=358.288  L_out=-65.8956  L_uniform=490.29  L_min_j=0.304541  L_spread=[0]
  Iter 100/100  loss=2256.3772  (2.3s)

======================================================================
OPTIMIZATION COMPLETE  (228.4s)
  bs_0: Az=153.2°, El=-11.6°, pos=(408.9, -276.7)
  bs_1: Az=318.3°, El=-9.9°, pos=(-371.7, 368.2)
  bs_2: Az=134.3°, El=-6.4°, pos=(114.8, -400.9)
  bs_3: Az=18.1°, El=-10.1°, pos=(-439.7, -144.2)
  jam_1 [OFF gate=0.410]: Az=15.2°, El=-90.0°, pos=(-599.2, -196.8, 18.2), pwr=19.5 dBm
  jam_2 [OFF gate=0.175]: Az=78.3°, El=-90.0°, pos=(-82.5, -666.4, 13.3), pwr=18.5 dBm
  jam_3 [OFF gate=0.157]: Az=145.6°, El=-90.0°, pos=(521.7, -574.8, 5.0), pwr=18.4 dBm
  jam_4 [OFF gate=0.133]: Az=178.2°, El=-90.0°, pos=(665.3, 2.6, 8.1), pwr=18.2 dBm
  jam_5 [OFF gate=0.412]: Az=187.9°, El=-90.0°, pos=(491.3, 56.6, 9.2), pwr=19.5 dBm
  jam_6 [ON  gate=0.525]: Az=201.0°, El=-90.0°, pos=(308.9, 91.6, 15.5), pwr=20.0 dBm
  jam_7 [OFF gate=0.396]: Az=211.2°, El=-90.0°, pos=(185.4, 155.5, 13.7), pwr=19.4 dBm
  jam_8 [OFF gate=0.229]: Az=224.0°, El=-90.0°, pos=(174.4, 115.6, 5.1), pwr=18.9 dBm
======================================================================

  Joint:   228.4s total, 2.28s/iter
  Evaluating...

======================================================================
BS PARAMETERS  —  BEFORE / AFTER
======================================================================
  Name           Param         Initial   Optimised       Delta
  ----------------------------------------------------------------
  bs_0           Azimuth      +150.32°    +153.23°      +2.91°
                 Elevation      -9.83°     -11.64°      -1.80°
                 X (m)          +398.0      +408.9       +10.8
                 Y (m)          -214.3      -276.7       -62.4
                 Power dBm      +35.00      +40.00       +5.00
  ----------------------------------------------------------------
  bs_1           Azimuth      +314.89°    +318.32°      +3.44°
                 Elevation      -6.81°      -9.93°      -3.11°
                 X (m)          -408.3      -371.7       +36.6
                 Y (m)          +409.4      +368.2       -41.3
                 Power dBm      +35.00      +39.30       +4.30
  ----------------------------------------------------------------
  bs_2           Azimuth      +132.00°    +134.34°      +2.34°
                 Elevation      -8.22°      -6.37°      +1.85°
                 X (m)          +270.5      +114.8      -155.6
                 Y (m)          -492.5      -400.9       +91.6
                 Power dBm      +35.00      +40.00       +5.00
  ----------------------------------------------------------------
  bs_3           Azimuth       +13.61°     +18.13°      +4.52°
                 Elevation      -7.42°     -10.14°      -2.72°
                 X (m)          -488.6      -439.7       +48.9
                 Y (m)          -227.7      -144.2       +83.5
                 Power dBm      +35.00      +40.00       +5.00
  ----------------------------------------------------------------
======================================================================

Computing RadioMap for optimized BS configuration...
Computing RadioMap for 1/8 active jammers...
[verify] jam_interference_map: mean=1.431e-11 W  | mean SINR shift (BS-only − BS+Jam) = +0.170 dB

======================================================================
BS-ONLY SINR CONTAINMENT  (gamma = +0.0 dB)
======================================================================
  bs_0:
    rho_leak  (outside >= gamma):  39.6%
    rho_hole  (inside  <  gamma):  14.6%
    SINR inside  mean / p10: +10.5 / -3.6 dB
    SINR outside mean / p10: -13.1 / -33.1 dB

  bs_1:
    rho_leak  (outside >= gamma):  39.6%
    rho_hole  (inside  <  gamma):  14.6%
    SINR inside  mean / p10: +10.5 / -3.6 dB
    SINR outside mean / p10: -13.1 / -33.1 dB

  bs_2:
    rho_leak  (outside >= gamma):  39.6%
    rho_hole  (inside  <  gamma):  14.6%
    SINR inside  mean / p10: +10.5 / -3.6 dB
    SINR outside mean / p10: -13.1 / -33.1 dB

  bs_3:
    rho_leak  (outside >= gamma):  39.6%
    rho_hole  (inside  <  gamma):  14.6%
    SINR inside  mean / p10: +10.5 / -3.6 dB
    SINR outside mean / p10: -13.1 / -33.1 dB

======================================================================
BS+JAMMER SINR CONTAINMENT  (gamma = +0.0 dB)
======================================================================
  bs_0:
    rho_leak  (outside >= gamma):  38.1%
    rho_hole  (inside  <  gamma):  14.6%
    SINR inside  mean / p10: +10.3 / -3.6 dB
    SINR outside mean / p10: -13.4 / -33.1 dB

  bs_1:
    rho_leak  (outside >= gamma):  38.1%
    rho_hole  (inside  <  gamma):  14.6%
    SINR inside  mean / p10: +10.3 / -3.6 dB
    SINR outside mean / p10: -13.4 / -33.1 dB

  bs_2:
    rho_leak  (outside >= gamma):  38.1%
    rho_hole  (inside  <  gamma):  14.6%
    SINR inside  mean / p10: +10.3 / -3.6 dB
    SINR outside mean / p10: -13.4 / -33.1 dB

  bs_3:
    rho_leak  (outside >= gamma):  38.1%
    rho_hole  (inside  <  gamma):  14.6%
    SINR inside  mean / p10: +10.3 / -3.6 dB
    SINR outside mean / p10: -13.4 / -33.1 dB

======================================================================

  Saved → ../results/duke/l_shape_large_n300

[ 14/16] START l_shape_large_n500
Creating polygon
  Zone cells: 1517971
  bs_0: (397.1, -214.0, 50.0)
  bs_1: (-363.4, 377.5, 50.0)
  bs_2: (303.7, -394.0, 50.0)
  bs_3: (-397.0, -113.7, 50.0)
  Jammers: 8 evenly placed at 200 m standoff
  Run 1: BS warm-up (100 iter, inside coverage only)
-700.0

======================================================================
MULTI-TX SIR OPTIMIZATION  (4 transmitters)
======================================================================
Tx Position: [397.1407775878906, -213.98716735839844, 50.0]
look_at_position: [0.0, 0.0, 1.5]
Tx Position: [-363.3701171875, 377.5477294921875, 50.0]
look_at_position: [0.0, 0.0, 1.5]
Tx Position: [303.7311096191406, -394.0397644042969, 50.0]
look_at_position: [0.0, 0.0, 1.5]
Tx Position: [-397.02996826171875, -113.72566986083984, 50.0]
look_at_position: [0.0, 0.0, 1.5]
  [dbg] mean SINR_dB inside : 2.5595
  [dbg] mean SINR_dB outside: -11.0549
  [dbg] L_in=439.709  L_out=2.84208  L_uniform=537.278  L_min_j=[0]  L_spread=[0]
  Iter   1/100  loss=4450.8218  (9.2s)
  [dbg] mean SINR_dB inside : 2.99672
  [dbg] mean SINR_dB outside: -11.2021
  [dbg] L_in=427.12  L_out=3.12107  L_uniform=535.053  L_min_j=[0]  L_spread=[0]
  Iter   2/100  loss=4324.7100  (1.2s)
  [dbg] mean SINR_dB inside : 3.39338
  [dbg] mean SINR_dB outside: -11.376
  [dbg] L_in=417.219  L_out=3.25935  L_uniform=535.781  L_min_j=[0]  L_spread=[0]
  Iter   3/100  loss=4225.7710  (1.2s)
  [dbg] mean SINR_dB inside : 3.13515
  [dbg] mean SINR_dB outside: -11.6083
  [dbg] L_in=442.113  L_out=3.49778  L_uniform=572.336  L_min_j=[0]  L_spread=[0]
  Iter   4/100  loss=4478.3628  (1.5s)
  [dbg] mean SINR_dB inside : 3.39199
  [dbg] mean SINR_dB outside: -11.1923
  [dbg] L_in=433.533  L_out=3.61053  L_uniform=568.429  L_min_j=[0]  L_spread=[0]
  Iter   5/100  loss=4392.1719  (1.3s)
  [dbg] mean SINR_dB inside : 3.61336
  [dbg] mean SINR_dB outside: -10.9543
  [dbg] L_in=416.597  L_out=4.35178  L_uniform=545.872  L_min_j=[0]  L_spread=[0]
  Iter   6/100  loss=4220.5581  (1.2s)
  [dbg] mean SINR_dB inside : 3.83243
  [dbg] mean SINR_dB outside: -10.7438
  [dbg] L_in=403.911  L_out=5.03031  L_uniform=531.567  L_min_j=[0]  L_spread=[0]
  Iter   7/100  loss=4092.2710  (1.2s)
  [dbg] mean SINR_dB inside : 4.07275
  [dbg] mean SINR_dB outside: -10.5045
  [dbg] L_in=388.965  L_out=5.69822  L_uniform=513.72  L_min_j=[0]  L_spread=[0]
  Iter   8/100  loss=3941.0217  (1.2s)
  [dbg] mean SINR_dB inside : 3.81976
  [dbg] mean SINR_dB outside: -10.5754
  [dbg] L_in=407.706  L_out=5.96098  L_uniform=538.51  L_min_j=[0]  L_spread=[0]
  Iter   9/100  loss=4130.9102  (1.2s)
  [dbg] mean SINR_dB inside : 3.95245
  [dbg] mean SINR_dB outside: -10.1877
  [dbg] L_in=400.742  L_out=6.28492  L_uniform=531.248  L_min_j=[0]  L_spread=[0]
  Iter  10/100  loss=4060.5442  (1.2s)
  [dbg] mean SINR_dB inside : 4.13738
  [dbg] mean SINR_dB outside: -10.0318
  [dbg] L_in=393.419  L_out=6.99496  L_uniform=525.803  L_min_j=[0]  L_spread=[0]
  Iter  11/100  loss=3986.7705  (1.2s)
  [dbg] mean SINR_dB inside : 4.39965
  [dbg] mean SINR_dB outside: -9.57697
  [dbg] L_in=379.686  L_out=7.64011  L_uniform=511.295  L_min_j=[0]  L_spread=[0]
  Iter  12/100  loss=3847.9851  (1.2s)
  [dbg] mean SINR_dB inside : 4.47605
  [dbg] mean SINR_dB outside: -9.53845
  [dbg] L_in=376.593  L_out=8.11129  L_uniform=508.87  L_min_j=[0]  L_spread=[0]
  Iter  13/100  loss=3816.8137  (1.2s)
  [dbg] mean SINR_dB inside : 4.55316
  [dbg] mean SINR_dB outside: -9.80245
  [dbg] L_in=374.694  L_out=8.57808  L_uniform=508.836  L_min_j=[0]  L_spread=[0]
  Iter  14/100  loss=3797.8237  (1.2s)
  [dbg] mean SINR_dB inside : 4.50153
  [dbg] mean SINR_dB outside: -9.23669
  [dbg] L_in=374.38  L_out=8.9842  L_uniform=505.655  L_min_j=[0]  L_spread=[0]
  Iter  15/100  loss=3794.3635  (1.2s)
  [dbg] mean SINR_dB inside : 4.72282
  [dbg] mean SINR_dB outside: -9.26578
  [dbg] L_in=365.17  L_out=9.08348  L_uniform=498.042  L_min_j=[0]  L_spread=[0]
  Iter  16/100  loss=3701.5032  (1.2s)
  [dbg] mean SINR_dB inside : 4.65912
  [dbg] mean SINR_dB outside: -9.39811
  [dbg] L_in=369.042  L_out=9.29784  L_uniform=502.7  L_min_j=[0]  L_spread=[0]
  Iter  17/100  loss=3740.6897  (1.2s)
  [dbg] mean SINR_dB inside : 4.64615
  [dbg] mean SINR_dB outside: -9.20245
  [dbg] L_in=373.563  L_out=9.4114  L_uniform=511.118  L_min_j=[0]  L_spread=[0]
  Iter  18/100  loss=3786.7461  (1.2s)
  [dbg] mean SINR_dB inside : 4.99622
  [dbg] mean SINR_dB outside: -9.33302
  [dbg] L_in=354.716  L_out=9.52902  L_uniform=490.357  L_min_j=[0]  L_spread=[0]
  Iter  19/100  loss=3596.2002  (1.2s)
  [dbg] mean SINR_dB inside : 5.11313
  [dbg] mean SINR_dB outside: -9.11931
  [dbg] L_in=352.888  L_out=9.67644  L_uniform=492.355  L_min_j=[0]  L_spread=[0]
  Iter  20/100  loss=3578.1123  (1.2s)
  [dbg] mean SINR_dB inside : 5.25571
  [dbg] mean SINR_dB outside: -9.00194
  [dbg] L_in=348.729  L_out=9.7842  L_uniform=490.811  L_min_j=[0]  L_spread=[0]
  Iter  21/100  loss=3536.3757  (1.2s)
  [dbg] mean SINR_dB inside : 5.41933
  [dbg] mean SINR_dB outside: -8.84181
  [dbg] L_in=339.128  L_out=10.6046  L_uniform=479.324  L_min_j=[0]  L_spread=[0]
  Iter  22/100  loss=3439.2104  (1.2s)
  [dbg] mean SINR_dB inside : 5.57296
  [dbg] mean SINR_dB outside: -8.69719
  [dbg] L_in=331.609  L_out=11.4021  L_uniform=471.519  L_min_j=[0]  L_spread=[0]
  Iter  23/100  loss=3363.2468  (1.2s)
  [dbg] mean SINR_dB inside : 5.63874
  [dbg] mean SINR_dB outside: -8.57777
  [dbg] L_in=331.608  L_out=11.4784  L_uniform=474.611  L_min_j=[0]  L_spread=[0]
  Iter  24/100  loss=3363.5410  (1.2s)
  [dbg] mean SINR_dB inside : 5.59418
  [dbg] mean SINR_dB outside: -8.56357
  [dbg] L_in=332.997  L_out=10.7935  L_uniform=475.265  L_min_j=[0]  L_spread=[0]
  Iter  25/100  loss=3377.5002  (1.1s)
  [dbg] mean SINR_dB inside : 5.56939
  [dbg] mean SINR_dB outside: -8.20812
  [dbg] L_in=337.45  L_out=11.2912  L_uniform=483.056  L_min_j=[0]  L_spread=[0]
  Iter  26/100  loss=3422.8091  (1.2s)
  [dbg] mean SINR_dB inside : 5.69619
  [dbg] mean SINR_dB outside: -8.03043
  [dbg] L_in=326.228  L_out=11.2486  L_uniform=466.499  L_min_j=[0]  L_spread=[0]
  Iter  27/100  loss=3308.9263  (1.2s)
  [dbg] mean SINR_dB inside : 5.49567
  [dbg] mean SINR_dB outside: -8.16704
  [dbg] L_in=340.729  L_out=12.2309  L_uniform=486.168  L_min_j=[0]  L_spread=[0]
  Iter  28/100  loss=3455.9089  (1.0s)
  [dbg] mean SINR_dB inside : 5.80791
  [dbg] mean SINR_dB outside: -7.85015
  [dbg] L_in=326.342  L_out=12.5645  L_uniform=471.976  L_min_j=[0]  L_spread=[0]
  Iter  29/100  loss=3310.6157  (1.2s)
  [dbg] mean SINR_dB inside : 5.83848
  [dbg] mean SINR_dB outside: -7.9447
  [dbg] L_in=324.63  L_out=13.2137  L_uniform=469.954  L_min_j=[0]  L_spread=[0]
  Iter  30/100  loss=3293.2988  (1.1s)
  [dbg] mean SINR_dB inside : 5.85931
  [dbg] mean SINR_dB outside: -7.82899
  [dbg] L_in=325.548  L_out=13.4388  L_uniform=472.825  L_min_j=[0]  L_spread=[0]
  Iter  31/100  loss=3302.7637  (1.2s)
  [dbg] mean SINR_dB inside : 5.91224
  [dbg] mean SINR_dB outside: -7.78429
  [dbg] L_in=324.868  L_out=13.5086  L_uniform=473.865  L_min_j=[0]  L_spread=[0]
  Iter  32/100  loss=3296.0708  (1.2s)
  [dbg] mean SINR_dB inside : 5.85211
  [dbg] mean SINR_dB outside: -7.46697
  [dbg] L_in=328.053  L_out=13.9034  L_uniform=477.498  L_min_j=[0]  L_spread=[0]
  Iter  33/100  loss=3328.2749  (1.2s)
  [dbg] mean SINR_dB inside : 6.07738
  [dbg] mean SINR_dB outside: -7.27112
  [dbg] L_in=318.279  L_out=15.254  L_uniform=468.336  L_min_j=[0]  L_spread=[0]
  Iter  34/100  loss=3229.6262  (1.2s)
  [dbg] mean SINR_dB inside : 6.08151
  [dbg] mean SINR_dB outside: -7.28749
  [dbg] L_in=317.27  L_out=15.0794  L_uniform=466.534  L_min_j=[0]  L_spread=[0]
  Iter  35/100  loss=3219.3496  (1.2s)
  [dbg] mean SINR_dB inside : 6.14101
  [dbg] mean SINR_dB outside: -6.9787
  [dbg] L_in=315.512  L_out=15.8415  L_uniform=465.804  L_min_j=[0]  L_spread=[0]
  Iter  36/100  loss=3201.6970  (1.2s)
  [dbg] mean SINR_dB inside : 6.14489
  [dbg] mean SINR_dB outside: -7.11474
  [dbg] L_in=319.559  L_out=16.2855  L_uniform=474.042  L_min_j=[0]  L_spread=[0]
  Iter  37/100  loss=3242.9937  (1.2s)
  [dbg] mean SINR_dB inside : 6.46259
  [dbg] mean SINR_dB outside: -6.86542
  [dbg] L_in=307.462  L_out=17.6166  L_uniform=464.328  L_min_j=[0]  L_spread=[0]
  Iter  38/100  loss=3121.0557  (1.2s)
  [dbg] mean SINR_dB inside : 6.58901
  [dbg] mean SINR_dB outside: -7.12975
  [dbg] L_in=297.002  L_out=17.71  L_uniform=449.088  L_min_j=[0]  L_spread=[0]
  Iter  39/100  loss=3014.9312  (1.2s)
  [dbg] mean SINR_dB inside : 6.5659
  [dbg] mean SINR_dB outside: -6.88717
  [dbg] L_in=299.758  L_out=17.84  L_uniform=453.696  L_min_j=[0]  L_spread=[0]
  Iter  40/100  loss=3042.9526  (1.2s)
  [dbg] mean SINR_dB inside : 6.67511
  [dbg] mean SINR_dB outside: -6.79174
  [dbg] L_in=295.643  L_out=18.8103  L_uniform=450.352  L_min_j=[0]  L_spread=[0]
  Iter  41/100  loss=3001.4648  (1.2s)
  [dbg] mean SINR_dB inside : 6.62624
  [dbg] mean SINR_dB outside: -6.80681
  [dbg] L_in=296.633  L_out=19.1349  L_uniform=450.061  L_min_j=[0]  L_spread=[0]
  Iter  42/100  loss=3011.3342  (1.2s)
  [dbg] mean SINR_dB inside : 6.83796
  [dbg] mean SINR_dB outside: -6.75343
  [dbg] L_in=288.679  L_out=19.1589  L_uniform=443.545  L_min_j=[0]  L_spread=[0]
  Iter  43/100  loss=2931.1416  (1.2s)
  [dbg] mean SINR_dB inside : 6.84279
  [dbg] mean SINR_dB outside: -6.59098
  [dbg] L_in=288.464  L_out=19.1941  L_uniform=443.411  L_min_j=[0]  L_spread=[0]
  Iter  44/100  loss=2928.9807  (1.2s)
  [dbg] mean SINR_dB inside : 6.83247
  [dbg] mean SINR_dB outside: -6.37417
  [dbg] L_in=287.621  L_out=20.4026  L_uniform=441.252  L_min_j=[0]  L_spread=[0]
  Iter  45/100  loss=2920.3323  (1.2s)
  [dbg] mean SINR_dB inside : 7.04659
  [dbg] mean SINR_dB outside: -6.63127
  [dbg] L_in=278.413  L_out=20.6946  L_uniform=432.227  L_min_j=[0]  L_spread=[0]
  Iter  46/100  loss=2827.3564  (1.1s)
  [dbg] mean SINR_dB inside : 7.23544
  [dbg] mean SINR_dB outside: -6.25394
  [dbg] L_in=269.057  L_out=20.9777  L_uniform=421.978  L_min_j=[0]  L_spread=[0]
  Iter  47/100  loss=2732.7722  (1.2s)
  [dbg] mean SINR_dB inside : 7.14296
  [dbg] mean SINR_dB outside: -6.08077
  [dbg] L_in=277.022  L_out=21.7909  L_uniform=433.739  L_min_j=[0]  L_spread=[0]
  Iter  48/100  loss=2813.5957  (1.2s)
  [dbg] mean SINR_dB inside : 7.34495
  [dbg] mean SINR_dB outside: -5.91184
  [dbg] L_in=267.939  L_out=22.2109  L_uniform=424.329  L_min_j=[0]  L_spread=[0]
  Iter  49/100  loss=2721.8203  (1.2s)
  [dbg] mean SINR_dB inside : 7.18569
  [dbg] mean SINR_dB outside: -5.93183
  [dbg] L_in=275.962  L_out=21.9362  L_uniform=433.437  L_min_j=[0]  L_spread=[0]
  Iter  50/100  loss=2802.9666  (1.2s)
  [dbg] mean SINR_dB inside : 7.50914
  [dbg] mean SINR_dB outside: -5.86216
  [dbg] L_in=257.77  L_out=21.8283  L_uniform=411.186  L_min_j=[0]  L_spread=[0]
  Iter  51/100  loss=2618.8213  (1.1s)
  [dbg] mean SINR_dB inside : 7.48382
  [dbg] mean SINR_dB outside: -5.97627
  [dbg] L_in=261.268  L_out=22.6055  L_uniform=417.106  L_min_j=[0]  L_spread=[0]
  Iter  52/100  loss=2654.3943  (1.2s)
  [dbg] mean SINR_dB inside : 7.55004
  [dbg] mean SINR_dB outside: -5.84024
  [dbg] L_in=258.871  L_out=22.5489  L_uniform=415.177  L_min_j=[0]  L_spread=[0]
  Iter  53/100  loss=2630.2300  (1.1s)
  [dbg] mean SINR_dB inside : 7.49038
  [dbg] mean SINR_dB outside: -5.62889
  [dbg] L_in=261.031  L_out=22.9484  L_uniform=416.969  L_min_j=[0]  L_spread=[0]
  Iter  54/100  loss=2652.0071  (1.2s)
  [dbg] mean SINR_dB inside : 7.73867
  [dbg] mean SINR_dB outside: -5.86858
  [dbg] L_in=249.989  L_out=23.1831  L_uniform=405.521  L_min_j=[0]  L_spread=[0]
  Iter  55/100  loss=2540.4424  (1.2s)
  [dbg] mean SINR_dB inside : 7.59416
  [dbg] mean SINR_dB outside: -5.79916
  [dbg] L_in=255.513  L_out=22.9278  L_uniform=410.282  L_min_j=[0]  L_spread=[0]
  Iter  56/100  loss=2596.1555  (1.2s)
  [dbg] mean SINR_dB inside : 7.84666
  [dbg] mean SINR_dB outside: -5.8046
  [dbg] L_in=242.511  L_out=22.883  L_uniform=395.202  L_min_j=[0]  L_spread=[0]
  Iter  57/100  loss=2464.6272  (1.3s)
  [dbg] mean SINR_dB inside : 7.60324
  [dbg] mean SINR_dB outside: -5.59181
  [dbg] L_in=255.205  L_out=23.8085  L_uniform=410.06  L_min_j=[0]  L_spread=[0]
  Iter  58/100  loss=2593.0540  (1.2s)
  [dbg] mean SINR_dB inside : 7.64745
  [dbg] mean SINR_dB outside: -5.6907
  [dbg] L_in=254.784  L_out=24.3427  L_uniform=411.294  L_min_j=[0]  L_spread=[0]
  Iter  59/100  loss=2588.9717  (1.2s)
  [dbg] mean SINR_dB inside : 7.90208
  [dbg] mean SINR_dB outside: -5.72099
  [dbg] L_in=244.405  L_out=23.9427  L_uniform=401.208  L_min_j=[0]  L_spread=[0]
  Iter  60/100  loss=2484.1738  (1.2s)
  [dbg] mean SINR_dB inside : 7.85438
  [dbg] mean SINR_dB outside: -5.43656
  [dbg] L_in=245.024  L_out=25.0334  L_uniform=400.33  L_min_j=[0]  L_spread=[0]
  Iter  61/100  loss=2490.2695  (1.2s)
  [dbg] mean SINR_dB inside : 7.74586
  [dbg] mean SINR_dB outside: -5.51589
  [dbg] L_in=248.801  L_out=24.4717  L_uniform=403.307  L_min_j=[0]  L_spread=[0]
  Iter  62/100  loss=2528.3438  (1.2s)
  [dbg] mean SINR_dB inside : 7.99008
  [dbg] mean SINR_dB outside: -5.66237
  [dbg] L_in=238.671  L_out=24.8296  L_uniform=393.531  L_min_j=[0]  L_spread=[0]
  Iter  63/100  loss=2426.0613  (1.2s)
  [dbg] mean SINR_dB inside : 7.88199
  [dbg] mean SINR_dB outside: -5.57561
  [dbg] L_in=245.249  L_out=24.9118  L_uniform=402.098  L_min_j=[0]  L_spread=[0]
  Iter  64/100  loss=2492.7021  (1.2s)
  [dbg] mean SINR_dB inside : 7.81026
  [dbg] mean SINR_dB outside: -5.39701
  [dbg] L_in=248.985  L_out=25.2515  L_uniform=406.444  L_min_j=[0]  L_spread=[0]
  Iter  65/100  loss=2530.4973  (1.2s)
  [dbg] mean SINR_dB inside : 8.0844
  [dbg] mean SINR_dB outside: -5.61124
  [dbg] L_in=237.213  L_out=24.5339  L_uniform=394.557  L_min_j=[0]  L_spread=[0]
  Iter  66/100  loss=2411.5886  (1.2s)
  [dbg] mean SINR_dB inside : 7.95586
  [dbg] mean SINR_dB outside: -5.28153
  [dbg] L_in=239.898  L_out=25.4153  L_uniform=394.523  L_min_j=[0]  L_spread=[0]
  Iter  67/100  loss=2438.4280  (1.2s)
  [dbg] mean SINR_dB inside : 7.94727
  [dbg] mean SINR_dB outside: -5.60315
  [dbg] L_in=245.162  L_out=25.2076  L_uniform=404.674  L_min_j=[0]  L_spread=[0]
  Iter  68/100  loss=2492.0881  (1.2s)
  [dbg] mean SINR_dB inside : 7.85589
  [dbg] mean SINR_dB outside: -5.4127
  [dbg] L_in=247.623  L_out=25.4809  L_uniform=405.796  L_min_j=[0]  L_spread=[0]
  Iter  69/100  loss=2516.8098  (1.2s)
  [dbg] mean SINR_dB inside : 8.17438
  [dbg] mean SINR_dB outside: -5.38918
  [dbg] L_in=232.692  L_out=25.4795  L_uniform=389.329  L_min_j=[0]  L_spread=[0]
  Iter  70/100  loss=2365.8491  (1.2s)
  [dbg] mean SINR_dB inside : 8.14034
  [dbg] mean SINR_dB outside: -5.50209
  [dbg] L_in=231.53  L_out=25.6571  L_uniform=385.589  L_min_j=[0]  L_spread=[0]
  Iter  71/100  loss=2353.8616  (1.2s)
  [dbg] mean SINR_dB inside : 7.97528
  [dbg] mean SINR_dB outside: -5.52603
  [dbg] L_in=239.97  L_out=25.3502  L_uniform=395.481  L_min_j=[0]  L_spread=[0]
  Iter  72/100  loss=2439.2458  (1.2s)
  [dbg] mean SINR_dB inside : 8.01408
  [dbg] mean SINR_dB outside: -5.29497
  [dbg] L_in=240.399  L_out=25.826  L_uniform=397.984  L_min_j=[0]  L_spread=[0]
  Iter  73/100  loss=2443.7927  (1.2s)
  [dbg] mean SINR_dB inside : 7.89437
  [dbg] mean SINR_dB outside: -5.32386
  [dbg] L_in=243.894  L_out=26.386  L_uniform=400.013  L_min_j=[0]  L_spread=[0]
  Iter  74/100  loss=2478.9458  (0.9s)
  [dbg] mean SINR_dB inside : 8.19278
  [dbg] mean SINR_dB outside: -5.47429
  [dbg] L_in=229.982  L_out=26.1716  L_uniform=384.579  L_min_j=[0]  L_spread=[0]
  Iter  75/100  loss=2338.2737  (1.2s)
  [dbg] mean SINR_dB inside : 7.91961
  [dbg] mean SINR_dB outside: -5.37066
  [dbg] L_in=243.107  L_out=25.9726  L_uniform=399.396  L_min_j=[0]  L_spread=[0]
  Iter  76/100  loss=2471.0088  (1.2s)
  [dbg] mean SINR_dB inside : 7.91056
  [dbg] mean SINR_dB outside: -5.33109
  [dbg] L_in=242.087  L_out=25.7913  L_uniform=397.037  L_min_j=[0]  L_spread=[0]
  Iter  77/100  loss=2460.5737  (0.9s)
  [dbg] mean SINR_dB inside : 8.13385
  [dbg] mean SINR_dB outside: -5.38113
  [dbg] L_in=232.18  L_out=26.1851  L_uniform=386.597  L_min_j=[0]  L_spread=[0]
  Iter  78/100  loss=2360.4556  (1.2s)
  [dbg] mean SINR_dB inside : 8.20984
  [dbg] mean SINR_dB outside: -5.38613
  [dbg] L_in=230.024  L_out=26.1068  L_uniform=385.455  L_min_j=[0]  L_spread=[0]
  Iter  79/100  loss=2338.7898  (1.2s)
  [dbg] mean SINR_dB inside : 8.02005
  [dbg] mean SINR_dB outside: -5.24619
  [dbg] L_in=238.712  L_out=26.2652  L_uniform=394.817  L_min_j=[0]  L_spread=[0]
  Iter  80/100  loss=2426.6013  (1.2s)
  [dbg] mean SINR_dB inside : 7.94344
  [dbg] mean SINR_dB outside: -5.3668
  [dbg] L_in=241.95  L_out=26.4518  L_uniform=398.063  L_min_j=[0]  L_spread=[0]
  Iter  81/100  loss=2459.3035  (1.2s)
  [dbg] mean SINR_dB inside : 7.83065
  [dbg] mean SINR_dB outside: -5.20078
  [dbg] L_in=247.709  L_out=26.2418  L_uniform=404.906  L_min_j=[0]  L_spread=[0]
  Iter  82/100  loss=2517.5820  (1.2s)
  [dbg] mean SINR_dB inside : 8.15376
  [dbg] mean SINR_dB outside: -5.33482
  [dbg] L_in=230.798  L_out=26.1292  L_uniform=384.582  L_min_j=[0]  L_spread=[0]
  Iter  83/100  loss=2346.4392  (1.2s)
  [dbg] mean SINR_dB inside : 7.9215
  [dbg] mean SINR_dB outside: -5.11018
  [dbg] L_in=242.262  L_out=26.4756  L_uniform=397.823  L_min_j=[0]  L_spread=[0]
  Iter  84/100  loss=2462.4023  (1.2s)
  [dbg] mean SINR_dB inside : 7.99956
  [dbg] mean SINR_dB outside: -5.33384
  [dbg] L_in=241.4  L_out=25.9431  L_uniform=399.429  L_min_j=[0]  L_spread=[0]
  Iter  85/100  loss=2453.9446  (1.2s)[0m[31m2026-05-24 23:50:13 WARN  [HDRFilm] Monochrome mode enabled, setting film output pixel format to 'luminance' (was rgb).

  [dbg] mean SINR_dB inside : 8.15665
  [dbg] mean SINR_dB outside: -5.40754
  [dbg] L_in=233.092  L_out=26.0129  L_uniform=389.372  L_min_j=[0]  L_spread=[0]
  Iter  86/100  loss=2369.8589  (1.2s)
  [dbg] mean SINR_dB inside : 7.94532
  [dbg] mean SINR_dB outside: -5.11828
  [dbg] L_in=242.233  L_out=26.1872  L_uniform=398.747  L_min_j=[0]  L_spread=[0]
  Iter  87/100  loss=2462.2075  (1.2s)
  [dbg] mean SINR_dB inside : 7.846
  [dbg] mean SINR_dB outside: -5.32838
  [dbg] L_in=248.371  L_out=26.0702  L_uniform=406.783  L_min_j=[0]  L_spread=[0]
  Iter  88/100  loss=2524.3872  (1.2s)
  [dbg] mean SINR_dB inside : 8.01981
  [dbg] mean SINR_dB outside: -5.10143
  [dbg] L_in=242.093  L_out=25.8095  L_uniform=401.553  L_min_j=[0]  L_spread=[0]
  Iter  89/100  loss=2461.0894  (1.2s)
  [dbg] mean SINR_dB inside : 8.02621
  [dbg] mean SINR_dB outside: -5.18806
  [dbg] L_in=243.659  L_out=26.5183  L_uniform=405.092  L_min_j=[0]  L_spread=[0]
  Iter  90/100  loss=2477.0984  (1.2s)
  [dbg] mean SINR_dB inside : 7.88017
  [dbg] mean SINR_dB outside: -5.41573
  [dbg] L_in=247.017  L_out=26.3933  L_uniform=405.54  L_min_j=[0]  L_spread=[0]
  Iter  91/100  loss=2510.7195  (1.2s)
  [dbg] mean SINR_dB inside : 7.99748
  [dbg] mean SINR_dB outside: -5.25137
  [dbg] L_in=239.967  L_out=25.6516  L_uniform=396.548  L_min_j=[0]  L_spread=[0]
  Iter  92/100  loss=2439.3252  (1.3s)
  [dbg] mean SINR_dB inside : 7.95383
  [dbg] mean SINR_dB outside: -5.45124
  [dbg] L_in=244.401  L_out=25.9712  L_uniform=403.505  L_min_j=[0]  L_spread=[0]
  Iter  93/100  loss=2484.3591  (1.2s)
  [dbg] mean SINR_dB inside : 8.0061
  [dbg] mean SINR_dB outside: -5.3567
  [dbg] L_in=242.893  L_out=25.954  L_uniform=402.697  L_min_j=[0]  L_spread=[0]
  Iter  94/100  loss=2469.1985  (1.2s)
  [dbg] mean SINR_dB inside : 7.86722
  [dbg] mean SINR_dB outside: -5.17773
  [dbg] L_in=249.13  L_out=26.4696  L_uniform=409.339  L_min_j=[0]  L_spread=[0]
  Iter  95/100  loss=2532.2305  (1.2s)
  [dbg] mean SINR_dB inside : 8.10464
  [dbg] mean SINR_dB outside: -5.31592
  [dbg] L_in=237.446  L_out=26.6121  L_uniform=396.014  L_min_j=[0]  L_spread=[0]
  Iter  96/100  loss=2414.0627  (1.2s)
  [dbg] mean SINR_dB inside : 8.18139
  [dbg] mean SINR_dB outside: -5.35959
  [dbg] L_in=233.304  L_out=26.0078  L_uniform=390.92  L_min_j=[0]  L_spread=[0]
  Iter  97/100  loss=2372.1309  (1.2s)
  [dbg] mean SINR_dB inside : 7.89483
  [dbg] mean SINR_dB outside: -5.05359
  [dbg] L_in=246.816  L_out=26.226  L_uniform=405.935  L_min_j=[0]  L_spread=[0]
  Iter  98/100  loss=2508.7532  (1.2s)
  [dbg] mean SINR_dB inside : 7.80759
  [dbg] mean SINR_dB outside: -5.27267
  [dbg] L_in=252.63  L_out=26.2275  L_uniform=413.791  L_min_j=[0]  L_spread=[0]
  Iter  99/100  loss=2567.6780  (1.2s)
  [dbg] mean SINR_dB inside : 7.98409
  [dbg] mean SINR_dB outside: -5.26099
  [dbg] L_in=240.826  L_out=25.951  L_uniform=397.526  L_min_j=[0]  L_spread=[0]
  Iter 100/100  loss=2448.0088  (1.2s)

======================================================================
OPTIMIZATION COMPLETE  (127.0s)
  bs_0: Az=152.8°, El=-9.1°, pos=(448.3, -261.5)
  bs_1: Az=315.2°, El=-7.4°, pos=(-376.7, 438.2)
  bs_2: Az=131.4°, El=-7.3°, pos=(157.0, -526.4)
  bs_3: Az=16.7°, El=-8.4°, pos=(-460.8, -142.8)
======================================================================

  Warm-up: 127.0s total, 1.27s/iter
  Run 2: Joint optimization (100 iter, BS positions frozen)
-700.0

======================================================================
MULTI-TX SIR OPTIMIZATION  (4 transmitters)
======================================================================
Pre-created 1481 receivers (500 inside + 981 outside) across 4 base stations
Tx Position: [-592.2704467773438, -217.19412231445312, 50.0]
look_at_position: [-66.66666666666667, -66.66666666666667, 1.5]
Tx Position: [-158.08018493652344, -597.094482421875, 50.0]
look_at_position: [-66.66666666666667, -66.66666666666667, 1.5]
Tx Position: [562.7467041015625, -516.2476196289062, 50.0]
look_at_position: [-66.66666666666667, -66.66666666666667, 1.5]
Tx Position: [600.0, -66.66666412353516, 50.0]
look_at_position: [-66.66666666666667, -66.66666666666667, 1.5]
Tx Position: [464.6463623046875, 39.018062591552734, 50.0]
look_at_position: [-66.66666666666667, -66.66666666666667, 1.5]
Tx Position: [279.05682373046875, 76.53668975830078, 50.0]
look_at_position: [-66.66666666666667, -66.66666666666667, 1.5]
Tx Position: [199.40097045898438, 111.11404418945312, 50.0]
look_at_position: [-66.66666666666667, -66.66666666666667, 1.5]
Tx Position: [141.42135620117188, 141.42135620117188, 50.0]
look_at_position: [-66.66666666666667, -66.66666666666667, 1.5]
  [dbg] mean SINR_dB inside : -4.95662
  [dbg] mean SINR_dB outside: -18.8704
  [dbg] L_in=860.282  L_out=-129.114  L_uniform=924.509  L_min_j=0.5  L_spread=[0]
  Iter   1/100  loss=5683.5664  (11.8s)
  [dbg] mean SINR_dB inside : -1.03529
  [dbg] mean SINR_dB outside: -14.8649
  [dbg] L_in=640.803  L_out=-98.8473  L_uniform=736.481  L_min_j=0.475021  L_spread=[0]
  Iter   2/100  loss=4211.6001  (3.9s)
  [dbg] mean SINR_dB inside : -0.312759
  [dbg] mean SINR_dB outside: -14.4477
  [dbg] L_in=601.168  L_out=-96.3029  L_uniform=700.089  L_min_j=0.451831  L_spread=[0]
  Iter   3/100  loss=3916.3228  (3.6s)
  [dbg] mean SINR_dB inside : 0.185558
  [dbg] mean SINR_dB outside: -14.3883
  [dbg] L_in=573.729  L_out=-96.7457  L_uniform=674.176  L_min_j=0.429387  L_spread=[0]
  Iter   4/100  loss=3689.7964  (2.7s)
  [dbg] mean SINR_dB inside : 0.555366
  [dbg] mean SINR_dB outside: -14.2675
  [dbg] L_in=555.472  L_out=-96.2392  L_uniform=658.834  L_min_j=0.407607  L_spread=[0]
  Iter   5/100  loss=3547.2686  (3.2s)
  [dbg] mean SINR_dB inside : 0.671728
  [dbg] mean SINR_dB outside: -14.4398
  [dbg] L_in=554.311  L_out=-97.7839  L_uniform=663.116  L_min_j=0.386728  L_spread=[0]
  Iter   6/100  loss=3522.9597  (2.7s)
  [dbg] mean SINR_dB inside : 1.20606
  [dbg] mean SINR_dB outside: -14.1638
  [dbg] L_in=525.427  L_out=-96.1072  L_uniform=635.331  L_min_j=0.366957  L_spread=[0]
  Iter   7/100  loss=3305.8755  (2.7s)
  [dbg] mean SINR_dB inside : 1.23393
  [dbg] mean SINR_dB outside: -14.3084
  [dbg] L_in=532.524  L_out=-97.2118  L_uniform=651.07  L_min_j=0.348423  L_spread=[0]
  Iter   8/100  loss=3353.1792  (2.6s)
  [dbg] mean SINR_dB inside : 1.62312
  [dbg] mean SINR_dB outside: -13.8619
  [dbg] L_in=510.835  L_out=-93.9528  L_uniform=629.15  L_min_j=0.331318  L_spread=[0]
  Iter   9/100  loss=3210.0684  (2.8s)
  [dbg] mean SINR_dB inside : 1.97193
  [dbg] mean SINR_dB outside: -13.7408
  [dbg] L_in=490.735  L_out=-93.2819  L_uniform=607.924  L_min_j=0.316066  L_spread=[0]
  Iter  10/100  loss=3053.8542  (3.1s)
  [dbg] mean SINR_dB inside : 1.83301
  [dbg] mean SINR_dB outside: -13.8681
  [dbg] L_in=500.983  L_out=-94.2451  L_uniform=620.888  L_min_j=0.302661  L_spread=[0]
  Iter  11/100  loss=3127.5029  (3.2s)
  [dbg] mean SINR_dB inside : 2.16284
  [dbg] mean SINR_dB outside: -13.9282
  [dbg] L_in=485.738  L_out=-94.8422  L_uniform=608.209  L_min_j=0.291174  L_spread=[0]
  Iter  12/100  loss=2998.3064  (2.8s)
  [dbg] mean SINR_dB inside : 2.43971
  [dbg] mean SINR_dB outside: -13.7752
  [dbg] L_in=466.579  L_out=-93.811  L_uniform=584.672  L_min_j=0.281445  L_spread=[0]
  Iter  13/100  loss=2852.9863  (3.2s)
  [dbg] mean SINR_dB inside : 2.45045
  [dbg] mean SINR_dB outside: -13.6102
  [dbg] L_in=467.748  L_out=-92.7871  L_uniform=587.58  L_min_j=0.273175  L_spread=[0]
  Iter  14/100  loss=2872.8711  (2.9s)
  [dbg] mean SINR_dB inside : 2.54139
  [dbg] mean SINR_dB outside: -13.448
  [dbg] L_in=464.041  L_out=-91.729  L_uniform=584.984  L_min_j=0.266126  L_spread=[0]
  Iter  15/100  loss=2853.5349  (2.8s)
  [dbg] mean SINR_dB inside : 2.71218
  [dbg] mean SINR_dB outside: -13.4161
  [dbg] L_in=455.994  L_out=-91.3802  L_uniform=577.897  L_min_j=0.260159  L_spread=[0]
  Iter  16/100  loss=2791.9397  (2.8s)
  [dbg] mean SINR_dB inside : 2.69081
  [dbg] mean SINR_dB outside: -13.312
  [dbg] L_in=460.566  L_out=-90.7355  L_uniform=585.915  L_min_j=0.255129  L_spread=[0]
  Iter  17/100  loss=2835.7620  (2.8s)
  [dbg] mean SINR_dB inside : 3.09714
  [dbg] mean SINR_dB outside: -13.5168
  [dbg] L_in=435.158  L_out=-92.0598  L_uniform=556.315  L_min_j=0.250909  L_spread=[0]
  Iter  18/100  loss=2616.3015  (2.8s)
  [dbg] mean SINR_dB inside : 2.77887
  [dbg] mean SINR_dB outside: -13.6988
  [dbg] L_in=466.805  L_out=-93.3738  L_uniform=603.017  L_min_j=0.247457  L_spread=[0]
  Iter  19/100  loss=2861.0032  (3.1s)
  [dbg] mean SINR_dB inside : 3.08492
  [dbg] mean SINR_dB outside: -13.48
  [dbg] L_in=445.2  L_out=-91.6995  L_uniform=575.765  L_min_j=0.244715  L_spread=[0]
  Iter  20/100  loss=2702.1833  (2.8s)
  [dbg] mean SINR_dB inside : 3.03475
  [dbg] mean SINR_dB outside: -13.5458
  [dbg] L_in=450.305  L_out=-92.1606  L_uniform=583.37  L_min_j=0.242629  L_spread=[0]
  Iter  21/100  loss=2739.1721  (2.8s)
  [dbg] mean SINR_dB inside : 3.35374
  [dbg] mean SINR_dB outside: -13.5518
  [dbg] L_in=430.114  L_out=-92.1718  L_uniform=559.449  L_min_j=0.241045  L_spread=[0]
  Iter  22/100  loss=2575.1353  (3.2s)
  [dbg] mean SINR_dB inside : 3.38561
  [dbg] mean SINR_dB outside: -13.2367
  [dbg] L_in=431.178  L_out=-89.936  L_uniform=563.211  L_min_j=0.240031  L_spread=[0]
  Iter  23/100  loss=2606.3818  (2.8s)
  [dbg] mean SINR_dB inside : 3.29283
  [dbg] mean SINR_dB outside: -13.4153
  [dbg] L_in=435.436  L_out=-91.2378  L_uniform=566.97  L_min_j=0.239506  L_spread=[0]
  Iter  24/100  loss=2627.8088  (2.8s)
  [dbg] mean SINR_dB inside : 3.4578
  [dbg] mean SINR_dB outside: -13.4065
  [dbg] L_in=428.084  L_out=-91.4147  L_uniform=560.716  L_min_j=0.239399  L_spread=[0]
  Iter  25/100  loss=2566.5942  (2.8s)
  [dbg] mean SINR_dB inside : 3.29442
  [dbg] mean SINR_dB outside: -13.0625
  [dbg] L_in=437.697  L_out=-88.8777  L_uniform=571.573  L_min_j=0.23969  L_spread=[0]
  Iter  26/100  loss=2669.9551  (2.8s)
  [dbg] mean SINR_dB inside : 3.55268
  [dbg] mean SINR_dB outside: -13.2273
  [dbg] L_in=414.946  L_out=-90.0112  L_uniform=539.283  L_min_j=0.240338  L_spread=[0]
  Iter  27/100  loss=2473.3833  (2.8s)
  [dbg] mean SINR_dB inside : 3.51769
  [dbg] mean SINR_dB outside: -12.7463
  [dbg] L_in=423.519  L_out=-86.534  L_uniform=554.645  L_min_j=0.241318  L_spread=[0]
  Iter  28/100  loss=2578.2803  (2.8s)
  [dbg] mean SINR_dB inside : 3.39241
  [dbg] mean SINR_dB outside: -12.955
  [dbg] L_in=432.108  L_out=-88.1506  L_uniform=565.425  L_min_j=0.242584  L_spread=[0]
  Iter  29/100  loss=2631.9011  (2.8s)
  [dbg] mean SINR_dB inside : 3.42677
  [dbg] mean SINR_dB outside: -13.0023
  [dbg] L_in=430.243  L_out=-88.3678  L_uniform=563.452  L_min_j=0.244102  L_spread=[0]
  Iter  30/100  loss=2614.6094  (2.8s)
  [dbg] mean SINR_dB inside : 3.81592
  [dbg] mean SINR_dB outside: -12.9286
  [dbg] L_in=403.395  L_out=-87.9309  L_uniform=529.508  L_min_j=0.245845  L_spread=[0]
  Iter  31/100  loss=2400.8027  (2.8s)
  [dbg] mean SINR_dB inside : 3.65673
  [dbg] mean SINR_dB outside: -13.0016
  [dbg] L_in=418.94  L_out=-88.3747  L_uniform=552.555  L_min_j=0.247795  L_spread=[0]
  Iter  32/100  loss=2523.0293  (2.9s)
  [dbg] mean SINR_dB inside : 3.85465
  [dbg] mean SINR_dB outside: -12.7289
  [dbg] L_in=406.633  L_out=-86.4664  L_uniform=537.934  L_min_j=0.249859  L_spread=[0]
  Iter  33/100  loss=2442.1921  (2.8s)
  [dbg] mean SINR_dB inside : 3.79799
  [dbg] mean SINR_dB outside: -12.9217
  [dbg] L_in=411.147  L_out=-87.7698  L_uniform=544.109  L_min_j=0.252023  L_spread=[0]
  Iter  34/100  loss=2465.8855  (2.8s)
  [dbg] mean SINR_dB inside : 4.00915
  [dbg] mean SINR_dB outside: -12.7864
  [dbg] L_in=395.804  L_out=-86.7474  L_uniform=524.025  L_min_j=0.254318  L_spread=[0]
  Iter  35/100  loss=2351.3596  (2.8s)
  [dbg] mean SINR_dB inside : 3.79566
  [dbg] mean SINR_dB outside: -12.7142
  [dbg] L_in=410.086  L_out=-86.1616  L_uniform=541.875  L_min_j=0.256698  L_spread=[0]
  Iter  36/100  loss=2473.2595  (2.8s)
  [dbg] mean SINR_dB inside : 3.81051
  [dbg] mean SINR_dB outside: -12.4357
  [dbg] L_in=415.78  L_out=-84.2244  L_uniform=554.013  L_min_j=0.259097  L_spread=[0]
  Iter  37/100  loss=2539.3989  (3.1s)
  [dbg] mean SINR_dB inside : 4.17264
  [dbg] mean SINR_dB outside: -12.6528
  [dbg] L_in=389.601  L_out=-85.6072  L_uniform=519.773  L_min_j=0.261522  L_spread=[0]
  Iter  38/100  loss=2312.7161  (2.6s)
  [dbg] mean SINR_dB inside : 4.36108
  [dbg] mean SINR_dB outside: -12.3845
  [dbg] L_in=379.693  L_out=-83.6711  L_uniform=509.274  L_min_j=0.263984  L_spread=[0]
  Iter  39/100  loss=2251.7634  (2.6s)
  [dbg] mean SINR_dB inside : 4.45919
  [dbg] mean SINR_dB outside: -12.3434
  [dbg] L_in=376.451  L_out=-83.309  L_uniform=507.623  L_min_j=0.26648  L_spread=[0]
  Iter  40/100  loss=2229.2798  (2.6s)
  [dbg] mean SINR_dB inside : 4.41278
  [dbg] mean SINR_dB outside: -12.3424
  [dbg] L_in=384.531  L_out=-83.2786  L_uniform=521.497  L_min_j=0.269001  L_spread=[0]
  Iter  41/100  loss=2295.6082  (3.1s)
  [dbg] mean SINR_dB inside : 4.46304
  [dbg] mean SINR_dB outside: -12.4165
  [dbg] L_in=377.59  L_out=-83.6417  L_uniform=510.087  L_min_j=0.271497  L_spread=[0]
  Iter  42/100  loss=2235.3145  (2.6s)
  [dbg] mean SINR_dB inside : 4.55055
  [dbg] mean SINR_dB outside: -12.3429
  [dbg] L_in=375.31  L_out=-82.609  L_uniform=509.818  L_min_j=0.274003  L_spread=[0]
  Iter  43/100  loss=2227.3706  (2.6s)
  [dbg] mean SINR_dB inside : 4.65742
  [dbg] mean SINR_dB outside: -11.9339
  [dbg] L_in=369.866  L_out=-79.6014  L_uniform=504.149  L_min_j=0.276529  L_spread=[0]
  Iter  44/100  loss=2213.3286  (2.6s)
  [dbg] mean SINR_dB inside : 4.54258
  [dbg] mean SINR_dB outside: -11.979
  [dbg] L_in=379.376  L_out=-79.5237  L_uniform=517.566  L_min_j=0.279127  L_spread=[0]
  Iter  45/100  loss=2291.5305  (2.6s)
  [dbg] mean SINR_dB inside : 4.62374
  [dbg] mean SINR_dB outside: -12.0021
  [dbg] L_in=374.41  L_out=-79.7259  L_uniform=511.602  L_min_j=0.281746  L_spread=[0]
  Iter  46/100  loss=2249.1841  (2.6s)
  [dbg] mean SINR_dB inside : 4.82652
  [dbg] mean SINR_dB outside: -12.1254
  [dbg] L_in=358.72  L_out=-80.5075  L_uniform=490.071  L_min_j=0.284403  L_spread=[0]
  Iter  47/100  loss=2113.6951  (2.6s)
  [dbg] mean SINR_dB inside : 4.62912
  [dbg] mean SINR_dB outside: -11.8236
  [dbg] L_in=376.709  L_out=-78.3344  L_uniform=516.466  L_min_j=0.287082  L_spread=[0]
  Iter  48/100  loss=2281.9734  (2.4s)
  [dbg] mean SINR_dB inside : 4.79092
  [dbg] mean SINR_dB outside: -11.9489
  [dbg] L_in=364.867  L_out=-78.391  L_uniform=500.643  L_min_j=0.289795  L_spread=[0]
  Iter  49/100  loss=2185.0901  (2.6s)
  [dbg] mean SINR_dB inside : 4.82362
  [dbg] mean SINR_dB outside: -11.8404
  [dbg] L_in=368.984  L_out=-77.7721  L_uniform=510.469  L_min_j=0.292561  L_spread=[0]
  Iter  50/100  loss=2225.2002  (2.4s)
  [dbg] mean SINR_dB inside : 5.11029
  [dbg] mean SINR_dB outside: -11.9476
  [dbg] L_in=352.338  L_out=-78.2142  L_uniform=490.96  L_min_j=0.295322  L_spread=[0]
  Iter  51/100  loss=2085.6577  (2.6s)
  [dbg] mean SINR_dB inside : 4.98512
  [dbg] mean SINR_dB outside: -11.7491
  [dbg] L_in=363.891  L_out=-77.0795  L_uniform=508.06  L_min_j=0.298082  L_spread=[0]
  Iter  52/100  loss=2191.1348  (2.6s)
  [dbg] mean SINR_dB inside : 5.01798
  [dbg] mean SINR_dB outside: -11.4702
  [dbg] L_in=360.527  L_out=-75.3744  L_uniform=502.919  L_min_j=0.300807  L_spread=[0]
  Iter  53/100  loss=2180.7646  (2.4s)
  [dbg] mean SINR_dB inside : 5.11924
  [dbg] mean SINR_dB outside: -11.7937
  [dbg] L_in=347.56  L_out=-77.9127  L_uniform=481.833  L_min_j=0.303536  L_spread=[0]
  Iter  54/100  loss=2049.5369  (2.6s)
  [dbg] mean SINR_dB inside : 5.3486
  [dbg] mean SINR_dB outside: -11.6111
  [dbg] L_in=335.118  L_out=-77.052  L_uniform=467.853  L_min_j=0.306296  L_spread=[0]
  Iter  55/100  loss=1957.2086  (2.7s)
  [dbg] mean SINR_dB inside : 5.25388
  [dbg] mean SINR_dB outside: -11.3192
  [dbg] L_in=342.878  L_out=-75.3114  L_uniform=478.885  L_min_j=0.309072  L_spread=[0]
  Iter  56/100  loss=2037.7965  (2.5s)
  [dbg] mean SINR_dB inside : 5.35815
  [dbg] mean SINR_dB outside: -11.361
  [dbg] L_in=337.453  L_out=-75.8819  L_uniform=472.979  L_min_j=0.311797  L_spread=[0]
  Iter  57/100  loss=1988.0997  (2.6s)
  [dbg] mean SINR_dB inside : 5.23536
  [dbg] mean SINR_dB outside: -11.5226
  [dbg] L_in=347.211  L_out=-77.2552  L_uniform=486.675  L_min_j=0.314522  L_spread=[0]
  Iter  58/100  loss=2053.8015  (2.6s)
  [dbg] mean SINR_dB inside : 5.64049
  [dbg] mean SINR_dB outside: -11.355
  [dbg] L_in=318.731  L_out=-76.2673  L_uniform=448.817  L_min_j=0.317237  L_spread=[0]
  Iter  59/100  loss=1832.0593  (2.4s)
  [dbg] mean SINR_dB inside : 5.46984
  [dbg] mean SINR_dB outside: -11.3662
  [dbg] L_in=329.93  L_out=-76.3714  L_uniform=463.211  L_min_j=0.31994  L_spread=[0]
  Iter  60/100  loss=1922.0468  (2.6s)
  [dbg] mean SINR_dB inside : 5.51352
  [dbg] mean SINR_dB outside: -11.3759
  [dbg] L_in=330.349  L_out=-76.526  L_uniform=466.105  L_min_j=0.322576  L_spread=[0]
  Iter  61/100  loss=1924.1384  (2.6s)
  [dbg] mean SINR_dB inside : 5.59646
  [dbg] mean SINR_dB outside: -11.292
  [dbg] L_in=324.633  L_out=-75.9783  L_uniform=458.569  L_min_j=0.325158  L_spread=[0]
  Iter  62/100  loss=1883.1385  (2.4s)
  [dbg] mean SINR_dB inside : 5.6488
  [dbg] mean SINR_dB outside: -11.28
  [dbg] L_in=323.634  L_out=-75.9405  L_uniform=459.019  L_min_j=0.327681  L_spread=[0]
  Iter  63/100  loss=1875.5675  (2.6s)
  [dbg] mean SINR_dB inside : 5.49851
  [dbg] mean SINR_dB outside: -11.4397
  [dbg] L_in=335.275  L_out=-76.8248  L_uniform=475.276  L_min_j=0.33015  L_spread=[0]
  Iter  64/100  loss=1961.4827  (2.6s)
  [dbg] mean SINR_dB inside : 5.47558
  [dbg] mean SINR_dB outside: -11.3668
  [dbg] L_in=336.466  L_out=-76.2374  L_uniform=476.578  L_min_j=0.332539  L_spread=[0]
  Iter  65/100  loss=1977.0118  (2.4s)
  [dbg] mean SINR_dB inside : 5.27454
  [dbg] mean SINR_dB outside: -11.2926
  [dbg] L_in=350.752  L_out=-75.7119  L_uniform=495.652  L_min_j=0.334865  L_spread=[0]
  Iter  66/100  loss=2098.4583  (2.6s)
  [dbg] mean SINR_dB inside : 5.47732
  [dbg] mean SINR_dB outside: -11.6515
  [dbg] L_in=336.577  L_out=-78.3506  L_uniform=476.893  L_min_j=0.337109  L_spread=[0]
  Iter  67/100  loss=1956.8013  (2.7s)
  [dbg] mean SINR_dB inside : 5.60792
  [dbg] mean SINR_dB outside: -11.4664
  [dbg] L_in=329.522  L_out=-77.1126  L_uniform=468.912  L_min_j=0.339231  L_spread=[0]
  Iter  68/100  loss=1911.9435  (2.6s)
  [dbg] mean SINR_dB inside : 5.47717
  [dbg] mean SINR_dB outside: -11.9651
  [dbg] L_in=336.605  L_out=-80.3587  L_uniform=476.95  L_min_j=0.341258  L_spread=[0]
  Iter  69/100  loss=1936.9491  (2.6s)
  [dbg] mean SINR_dB inside : 5.45853
  [dbg] mean SINR_dB outside: -11.7036
  [dbg] L_in=338.076  L_out=-78.5701  L_uniform=479.03  L_min_j=0.343189  L_spread=[0]
  Iter  70/100  loss=1966.8096  (2.6s)
  [dbg] mean SINR_dB inside : 5.44946
  [dbg] mean SINR_dB outside: -11.96
  [dbg] L_in=338.774  L_out=-80.3149  L_uniform=479.998  L_min_j=0.345009  L_spread=[0]
  Iter  71/100  loss=1955.0419  (2.6s)
  [dbg] mean SINR_dB inside : 5.52339
  [dbg] mean SINR_dB outside: -11.9556
  [dbg] L_in=336.18  L_out=-80.3572  L_uniform=478.283  L_min_j=0.346729  L_spread=[0]
  Iter  72/100  loss=1933.6996  (2.6s)
  [dbg] mean SINR_dB inside : 5.59692
  [dbg] mean SINR_dB outside: -12.0044
  [dbg] L_in=330.208  L_out=-80.531  L_uniform=469.782  L_min_j=0.348357  L_spread=[0]
  Iter  73/100  loss=1883.3350  (2.6s)
  [dbg] mean SINR_dB inside : 5.33741
  [dbg] mean SINR_dB outside: -12.0901
  [dbg] L_in=350.589  L_out=-81.1652  L_uniform=498.341  L_min_j=0.349902  L_spread=[0]
  Iter  74/100  loss=2042.8961  (2.4s)
  [dbg] mean SINR_dB inside : 5.37939
  [dbg] mean SINR_dB outside: -11.8487
  [dbg] L_in=343.669  L_out=-79.4156  L_uniform=486.494  L_min_j=0.351351  L_spread=[0]
  Iter  75/100  loss=2003.8474  (2.6s)
  [dbg] mean SINR_dB inside : 5.53056
  [dbg] mean SINR_dB outside: -11.7769
  [dbg] L_in=335.266  L_out=-79.1126  L_uniform=476.795  L_min_j=0.352694  L_spread=[0]
  Iter  76/100  loss=1938.6816  (2.4s)
  [dbg] mean SINR_dB inside : 5.59423
  [dbg] mean SINR_dB outside: -11.8167
  [dbg] L_in=328.991  L_out=-79.3155  L_uniform=467.245  L_min_j=0.353929  L_spread=[0]
  Iter  77/100  loss=1885.5001  (2.6s)
  [dbg] mean SINR_dB inside : 5.57374
  [dbg] mean SINR_dB outside: -11.7191
  [dbg] L_in=331.974  L_out=-78.5848  L_uniform=472.239  L_min_j=0.355075  L_spread=[0]
  Iter  78/100  loss=1917.1704  (2.6s)
  [dbg] mean SINR_dB inside : 5.52986
  [dbg] mean SINR_dB outside: -11.7872
  [dbg] L_in=337.328  L_out=-78.8921  L_uniform=480.888  L_min_j=0.356129  L_spread=[0]
  Iter  79/100  loss=1957.7889  (2.6s)
  [dbg] mean SINR_dB inside : 5.57491
  [dbg] mean SINR_dB outside: -11.5442
  [dbg] L_in=331.452  L_out=-77.2623  L_uniform=471.262  L_min_j=0.357102  L_spread=[0]
  Iter  80/100  loss=1926.1162  (2.4s)
  [dbg] mean SINR_dB inside : 5.47382
  [dbg] mean SINR_dB outside: -11.7573
  [dbg] L_in=339.04  L_out=-78.6733  L_uniform=481.699  L_min_j=0.357991  L_spread=[0]
  Iter  81/100  loss=1973.7593  (2.4s)
  [dbg] mean SINR_dB inside : 5.43419
  [dbg] mean SINR_dB outside: -11.5859
  [dbg] L_in=343.689  L_out=-77.5487  L_uniform=489.13  L_min_j=0.35881  L_spread=[0]
  Iter  82/100  loss=2022.9346  (2.6s)
  [dbg] mean SINR_dB inside : 5.39014
  [dbg] mean SINR_dB outside: -11.7625
  [dbg] L_in=344.249  L_out=-78.8057  L_uniform=488.171  L_min_j=0.359544  L_spread=[0]
  Iter  83/100  loss=2014.7520  (2.6s)
  [dbg] mean SINR_dB inside : 5.39014
  [dbg] mean SINR_dB outside: -11.8172
  [dbg] L_in=345.678  L_out=-79.0849  L_uniform=491.031  L_min_j=0.360216  L_spread=[0]
  Iter  84/100  loss=2023.6781  (2.4s)
  [dbg] mean SINR_dB inside : 5.49956
  [dbg] mean SINR_dB outside: -11.6355
  [dbg] L_in=338.176  L_out=-77.8008  L_uniform=481.175  L_min_j=0.360816  L_spread=[0]
  Iter  85/100  loss=1975.5217  (2.6s)
  [dbg] mean SINR_dB inside : 5.4812
  [dbg] mean SINR_dB outside: -11.7877
  [dbg] L_in=339.09  L_out=-78.9883  L_uniform=482.146  L_min_j=0.36135  L_spread=[0]
  Iter  86/100  loss=1971.0492  (2.6s)
  [dbg] mean SINR_dB inside : 5.56336
  [dbg] mean SINR_dB outside: -11.5669
  [dbg] L_in=335.629  L_out=-77.3172  L_uniform=479.087  L_min_j=0.361819  L_spread=[0]
  Iter  87/100  loss=1959.7715  (2.4s)
  [dbg] mean SINR_dB inside : 5.46661
  [dbg] mean SINR_dB outside: -11.6757
  [dbg] L_in=342.361  L_out=-78.0523  L_uniform=488.001  L_min_j=0.362235  L_spread=[0]
  Iter  88/100  loss=2007.1648  (2.6s)
  [dbg] mean SINR_dB inside : 5.47973
  [dbg] mean SINR_dB outside: -11.7315
  [dbg] L_in=341.315  L_out=-78.3237  L_uniform=486.517  L_min_j=0.362602  L_spread=[0]
  Iter  89/100  loss=1995.9382  (2.6s)
  [dbg] mean SINR_dB inside : 5.53247
  [dbg] mean SINR_dB outside: -11.5814
  [dbg] L_in=337.129  L_out=-77.3731  L_uniform=480.631  L_min_j=0.362912  L_spread=[0]
  Iter  90/100  loss=1971.3619  (2.6s)
  [dbg] mean SINR_dB inside : 5.38156
  [dbg] mean SINR_dB outside: -11.6633
  [dbg] L_in=346.645  L_out=-77.9124  L_uniform=492.55  L_min_j=0.363169  L_spread=[0]
  Iter  91/100  loss=2043.2902  (2.4s)
  [dbg] mean SINR_dB inside : 5.6816
  [dbg] mean SINR_dB outside: -11.6091
  [dbg] L_in=328.685  L_out=-77.5848  L_uniform=470.719  L_min_j=0.36338  L_spread=[0]
  Iter  92/100  loss=1900.7063  (2.6s)
  [dbg] mean SINR_dB inside : 5.46826
  [dbg] mean SINR_dB outside: -11.5378
  [dbg] L_in=341.607  L_out=-77.2018  L_uniform=486.577  L_min_j=0.363553  L_spread=[0]
  Iter  93/100  loss=2009.4928  (2.4s)
  [dbg] mean SINR_dB inside : 5.65996
  [dbg] mean SINR_dB outside: -11.5436
  [dbg] L_in=328.83  L_out=-77.2441  L_uniform=469.992  L_min_j=0.363688  L_spread=[0]
  Iter  94/100  loss=1905.1946  (2.4s)
  [dbg] mean SINR_dB inside : 5.52447
  [dbg] mean SINR_dB outside: -11.6413
  [dbg] L_in=341.959  L_out=-77.9331  L_uniform=489.912  L_min_j=0.363792  L_spread=[0]
  Iter  95/100  loss=2005.3289  (2.4s)
  [dbg] mean SINR_dB inside : 5.65365
  [dbg] mean SINR_dB outside: -11.7147
  [dbg] L_in=327.908  L_out=-78.5109  L_uniform=467.862  L_min_j=0.363868  L_spread=[0]
  Iter  96/100  loss=1884.9388  (2.4s)
  [dbg] mean SINR_dB inside : 5.38214
  [dbg] mean SINR_dB outside: -11.6525
  [dbg] L_in=343.959  L_out=-77.752  L_uniform=487.213  L_min_j=0.363922  L_spread=[0]
  Iter  97/100  loss=2022.8722  (2.6s)
  [dbg] mean SINR_dB inside : 5.61667
  [dbg] mean SINR_dB outside: -11.6611
  [dbg] L_in=330.979  L_out=-78.0091  L_uniform=472.276  L_min_j=0.363956  L_spread=[0]
  Iter  98/100  loss=1914.9656  (2.6s)
  [dbg] mean SINR_dB inside : 5.39698
  [dbg] mean SINR_dB outside: -11.3701
  [dbg] L_in=345.558  L_out=-75.9592  L_uniform=491.115  L_min_j=0.363975  L_spread=[0]
  Iter  99/100  loss=2053.9861  (2.6s)
  [dbg] mean SINR_dB inside : 5.56701
  [dbg] mean SINR_dB outside: -11.7707
  [dbg] L_in=332.318  L_out=-78.7535  L_uniform=472.621  L_min_j=0.363984  L_spread=[0]
  Iter 100/100  loss=1918.2682  (2.6s)

======================================================================
OPTIMIZATION COMPLETE  (279.3s)
  bs_0: Az=156.5°, El=-11.4°, pos=(417.8, -268.3)
  bs_1: Az=315.9°, El=-10.5°, pos=(-376.4, 374.7)
  bs_2: Az=129.7°, El=-8.1°, pos=(89.7, -417.1)
  bs_3: Az=21.5°, El=-10.4°, pos=(-426.1, -158.6)
  jam_1 [OFF gate=0.370]: Az=17.0°, El=-90.0°, pos=(-612.9, -173.8, 19.9), pwr=19.3 dBm
  jam_2 [OFF gate=0.211]: Az=78.5°, El=-90.0°, pos=(-124.8, -638.2, 16.9), pwr=18.7 dBm
  jam_3 [OFF gate=0.307]: Az=146.9°, El=-90.0°, pos=(508.0, -614.9, 31.3), pwr=19.0 dBm
  jam_4 [OFF gate=0.117]: Az=177.8°, El=-90.0°, pos=(674.0, 22.5, 9.7), pwr=18.1 dBm
  jam_5 [OFF gate=0.472]: Az=188.9°, El=-90.0°, pos=(487.4, 86.3, 10.6), pwr=19.7 dBm
  jam_6 [ON  gate=0.632]: Az=201.0°, El=-90.0°, pos=(319.1, 93.8, 13.9), pwr=20.4 dBm
  jam_7 [OFF gate=0.309]: Az=211.5°, El=-90.0°, pos=(252.3, 125.7, 22.6), pwr=19.1 dBm
  jam_8 [OFF gate=0.494]: Az=223.1°, El=-90.0°, pos=(162.9, 152.5, 15.2), pwr=19.8 dBm
======================================================================

  Joint:   279.3s total, 2.79s/iter
  Evaluating...

======================================================================
BS PARAMETERS  —  BEFORE / AFTER
======================================================================
  Name           Param         Initial   Optimised       Delta
  ----------------------------------------------------------------
  bs_0           Azimuth      +152.78°    +156.52°      +3.74°
                 Elevation      -9.13°     -11.40°      -2.26°
                 X (m)          +448.3      +417.8       -30.5
                 Y (m)          -261.5      -268.3        -6.8
                 Power dBm      +35.00      +40.00       +5.00
  ----------------------------------------------------------------
  bs_1           Azimuth      +315.25°    +315.90°      +0.65°
                 Elevation      -7.40°     -10.49°      -3.09°
                 X (m)          -376.7      -376.4        +0.3
                 Y (m)          +438.2      +374.7       -63.5
                 Power dBm      +35.00      +39.88       +4.88
  ----------------------------------------------------------------
  bs_2           Azimuth      +131.36°    +129.75°      -1.61°
                 Elevation      -7.33°      -8.10°      -0.77°
                 X (m)          +157.0       +89.7       -67.3
                 Y (m)          -526.4      -417.1      +109.3
                 Power dBm      +35.00      +40.00       +5.00
  ----------------------------------------------------------------
  bs_3           Azimuth       +16.70°     +21.51°      +4.81°
                 Elevation      -8.40°     -10.39°      -1.99°
                 X (m)          -460.8      -426.1       +34.7
                 Y (m)          -142.8      -158.6       -15.8
                 Power dBm      +35.00      +40.00       +5.00
  ----------------------------------------------------------------
======================================================================

Computing RadioMap for optimized BS configuration...
Computing RadioMap for 1/8 active jammers...
[verify] jam_interference_map: mean=1.596e-11 W  | mean SINR shift (BS-only − BS+Jam) = +0.187 dB

======================================================================
BS-ONLY SINR CONTAINMENT  (gamma = +0.0 dB)
======================================================================
  bs_0:
    rho_leak  (outside >= gamma):  39.8%
    rho_hole  (inside  <  gamma):  14.4%
    SINR inside  mean / p10: +10.3 / -3.5 dB
    SINR outside mean / p10: -14.8 / -34.9 dB

  bs_1:
    rho_leak  (outside >= gamma):  39.8%
    rho_hole  (inside  <  gamma):  14.4%
    SINR inside  mean / p10: +10.3 / -3.5 dB
    SINR outside mean / p10: -14.8 / -34.9 dB

  bs_2:
    rho_leak  (outside >= gamma):  39.8%
    rho_hole  (inside  <  gamma):  14.4%
    SINR inside  mean / p10: +10.3 / -3.5 dB
    SINR outside mean / p10: -14.8 / -34.9 dB

  bs_3:
    rho_leak  (outside >= gamma):  39.8%
    rho_hole  (inside  <  gamma):  14.4%
    SINR inside  mean / p10: +10.3 / -3.5 dB
    SINR outside mean / p10: -14.8 / -34.9 dB

======================================================================
BS+JAMMER SINR CONTAINMENT  (gamma = +0.0 dB)
======================================================================
  bs_0:
    rho_leak  (outside >= gamma):  37.8%
    rho_hole  (inside  <  gamma):  14.5%
    SINR inside  mean / p10: +10.1 / -3.5 dB
    SINR outside mean / p10: -15.2 / -35.1 dB

  bs_1:
    rho_leak  (outside >= gamma):  37.8%
    rho_hole  (inside  <  gamma):  14.5%
    SINR inside  mean / p10: +10.1 / -3.5 dB
    SINR outside mean / p10: -15.2 / -35.1 dB

  bs_2:
    rho_leak  (outside >= gamma):  37.8%
    rho_hole  (inside  <  gamma):  14.5%
    SINR inside  mean / p10: +10.1 / -3.5 dB
    SINR outside mean / p10: -15.2 / -35.1 dB

  bs_3:
    rho_leak  (outside >= gamma):  37.8%
    rho_hole  (inside  <  gamma):  14.5%
    SINR inside  mean / p10: +10.1 / -3.5 dB
    SINR outside mean / p10: -15.2 / -35.1 dB

======================================================================

  Saved → ../results/duke/l_shape_large_n500

[ 15/16] START l_shape_large_n700
Creating polygon
  Zone cells: 1517971
  bs_0: (397.1, -214.0, 50.0)
  bs_1: (-363.4, 377.5, 50.0)
  bs_2: (303.7, -394.0, 50.0)
  bs_3: (-397.0, -113.7, 50.0)
  Jammers: 8 evenly placed at 200 m standoff
  Run 1: BS warm-up (100 iter, inside coverage only)
-700.0

======================================================================
MULTI-TX SIR OPTIMIZATION  (4 transmitters)
======================================================================
Tx Position: [397.1407775878906, -213.98716735839844, 50.0]
look_at_position: [0.0, 0.0, 1.5]
Tx Position: [-363.3701171875, 377.5477294921875, 50.0]
look_at_position: [0.0, 0.0, 1.5]
Tx Position: [303.7311096191406, -394.0397644042969, 50.0]
look_at_position: [0.0, 0.0, 1.5]
Tx Position: [-397.02996826171875, -113.72566986083984, 50.0]
look_at_position: [0.0, 0.0, 1.5]
  [dbg] mean SINR_dB inside : 2.55711
  [dbg] mean SINR_dB outside: -10.5541
  [dbg] L_in=445  L_out=2.5539  L_uniform=547.728  L_min_j=[0]  L_spread=[0]
  Iter   1/100  loss=4504.7754  (10.8s)
  [dbg] mean SINR_dB inside : 2.62036
  [dbg] mean SINR_dB outside: -11.1152
  [dbg] L_in=450.137  L_out=2.88566  L_uniform=561.362  L_min_j=[0]  L_spread=[0]
  Iter   2/100  loss=4557.5020  (1.8s)
  [dbg] mean SINR_dB inside : 2.95996
  [dbg] mean SINR_dB outside: -11.2623
  [dbg] L_in=446.038  L_out=2.84637  L_uniform=571.018  L_min_j=[0]  L_spread=[0]
  Iter   3/100  loss=4517.4863  (1.8s)
  [dbg] mean SINR_dB inside : 2.99326
  [dbg] mean SINR_dB outside: -11.4095
  [dbg] L_in=448.585  L_out=3.13722  L_uniform=577.893  L_min_j=[0]  L_spread=[0]
  Iter   4/100  loss=4543.6367  (1.8s)
  [dbg] mean SINR_dB inside : 3.38523
  [dbg] mean SINR_dB outside: -11.1033
  [dbg] L_in=429.504  L_out=3.59441  L_uniform=559.986  L_min_j=[0]  L_spread=[0]
  Iter   5/100  loss=4351.0400  (1.5s)
  [dbg] mean SINR_dB inside : 3.28082
  [dbg] mean SINR_dB outside: -10.9537
  [dbg] L_in=435.845  L_out=4.13975  L_uniform=567.331  L_min_j=[0]  L_spread=[0]
  Iter   6/100  loss=4415.1821  (1.3s)
  [dbg] mean SINR_dB inside : 3.58578
  [dbg] mean SINR_dB outside: -10.8276
  [dbg] L_in=416.792  L_out=4.57207  L_uniform=544.833  L_min_j=[0]  L_spread=[0]
  Iter   7/100  loss=4222.3984  (1.3s)
  [dbg] mean SINR_dB inside : 3.65928
  [dbg] mean SINR_dB outside: -10.8434
  [dbg] L_in=417.821  L_out=5.16399  L_uniform=550.607  L_min_j=[0]  L_spread=[0]
  Iter   8/100  loss=4233.2720  (1.3s)
  [dbg] mean SINR_dB inside : 3.73276
  [dbg] mean SINR_dB outside: -10.881
  [dbg] L_in=414.636  L_out=6.07123  L_uniform=547.973  L_min_j=[0]  L_spread=[0]
  Iter   9/100  loss=4201.1592  (1.4s)
  [dbg] mean SINR_dB inside : 3.94481
  [dbg] mean SINR_dB outside: -10.4401
  [dbg] L_in=404.213  L_out=6.85895  L_uniform=537.793  L_min_j=[0]  L_spread=[0]
  Iter  10/100  loss=4095.9124  (1.4s)
  [dbg] mean SINR_dB inside : 3.92166
  [dbg] mean SINR_dB outside: -10.5976
  [dbg] L_in=406.705  L_out=8.11293  L_uniform=541.624  L_min_j=[0]  L_spread=[0]
  Iter  11/100  loss=4121.2119  (1.3s)
  [dbg] mean SINR_dB inside : 4.05945
  [dbg] mean SINR_dB outside: -10.0334
  [dbg] L_in=400.628  L_out=9.05067  L_uniform=536.359  L_min_j=[0]  L_spread=[0]
  Iter  12/100  loss=4059.9175  (1.3s)
  [dbg] mean SINR_dB inside : 4.02288
  [dbg] mean SINR_dB outside: -10.1011
  [dbg] L_in=405.508  L_out=9.73237  L_uniform=544.295  L_min_j=[0]  L_spread=[0]
  Iter  13/100  loss=4109.5127  (1.3s)
  [dbg] mean SINR_dB inside : 4.20399
  [dbg] mean SINR_dB outside: -10.0728
  [dbg] L_in=396.19  L_out=10.8892  L_uniform=534.648  L_min_j=[0]  L_spread=[0]
  Iter  14/100  loss=4015.3621  (1.4s)
  [dbg] mean SINR_dB inside : 4.33134
  [dbg] mean SINR_dB outside: -9.35049
  [dbg] L_in=389.175  L_out=12.5285  L_uniform=526.926  L_min_j=[0]  L_spread=[0]
  Iter  15/100  loss=3944.4380  (1.3s)
  [dbg] mean SINR_dB inside : 4.49821
  [dbg] mean SINR_dB outside: -9.52283
  [dbg] L_in=383.026  L_out=13.4077  L_uniform=522.833  L_min_j=[0]  L_spread=[0]
  Iter  16/100  loss=3882.5454  (1.3s)
  [dbg] mean SINR_dB inside : 4.56247
  [dbg] mean SINR_dB outside: -9.11441
  [dbg] L_in=380.626  L_out=14.2449  L_uniform=521.18  L_min_j=[0]  L_spread=[0]
  Iter  17/100  loss=3858.3762  (1.4s)
  [dbg] mean SINR_dB inside : 4.75886
  [dbg] mean SINR_dB outside: -8.92985
  [dbg] L_in=366.288  L_out=15.4389  L_uniform=502.051  L_min_j=[0]  L_spread=[0]
  Iter  18/100  loss=3713.0823  (1.4s)
  [dbg] mean SINR_dB inside : 4.85985
  [dbg] mean SINR_dB outside: -9.13152
  [dbg] L_in=365.93  L_out=15.7919  L_uniform=506.232  L_min_j=[0]  L_spread=[0]
  Iter  19/100  loss=3709.9221  (1.3s)
  [dbg] mean SINR_dB inside : 4.77702
  [dbg] mean SINR_dB outside: -8.98128
  [dbg] L_in=371.89  L_out=16.1922  L_uniform=514.146  L_min_j=[0]  L_spread=[0]
  Iter  20/100  loss=3770.3110  (1.3s)
  [dbg] mean SINR_dB inside : 4.81351
  [dbg] mean SINR_dB outside: -8.64729
  [dbg] L_in=371.334  L_out=16.5937  L_uniform=514.77  L_min_j=[0]  L_spread=[0]
  Iter  21/100  loss=3764.8164  (1.3s)
  [dbg] mean SINR_dB inside : 5.01014
  [dbg] mean SINR_dB outside: -8.46939
  [dbg] L_in=361.282  L_out=17.8281  L_uniform=504.156  L_min_j=[0]  L_spread=[0]
  Iter  22/100  loss=3663.2336  (1.3s)
  [dbg] mean SINR_dB inside : 5.03569
  [dbg] mean SINR_dB outside: -8.36834
  [dbg] L_in=358.455  L_out=17.8188  L_uniform=499.726  L_min_j=[0]  L_spread=[0]
  Iter  23/100  loss=3634.5186  (1.1s)
  [dbg] mean SINR_dB inside : 5.18569
  [dbg] mean SINR_dB outside: -8.82209
  [dbg] L_in=353.087  L_out=17.5878  L_uniform=496.144  L_min_j=[0]  L_spread=[0]
  Iter  24/100  loss=3580.4849  (1.3s)
  [dbg] mean SINR_dB inside : 5.3171
  [dbg] mean SINR_dB outside: -8.429
  [dbg] L_in=346.755  L_out=18.2153  L_uniform=489.708  L_min_j=[0]  L_spread=[0]
  Iter  25/100  loss=3516.5247  (1.4s)
  [dbg] mean SINR_dB inside : 5.34141
  [dbg] mean SINR_dB outside: -8.12092
  [dbg] L_in=349.281  L_out=18.6994  L_uniform=495.915  L_min_j=[0]  L_spread=[0]
  Iter  26/100  loss=3542.3970  (1.4s)
  [dbg] mean SINR_dB inside : 5.16037
  [dbg] mean SINR_dB outside: -8.10445
  [dbg] L_in=356.585  L_out=19.466  L_uniform=501.905  L_min_j=[0]  L_spread=[0]
  Iter  27/100  loss=3616.0391  (1.3s)
  [dbg] mean SINR_dB inside : 5.42038
  [dbg] mean SINR_dB outside: -7.94324
  [dbg] L_in=344.592  L_out=20.1158  L_uniform=490.227  L_min_j=[0]  L_spread=[0]
  Iter  28/100  loss=3494.9395  (1.3s)
  [dbg] mean SINR_dB inside : 5.57763
  [dbg] mean SINR_dB outside: -7.81997
  [dbg] L_in=340.948  L_out=20.0444  L_uniform=490.345  L_min_j=[0]  L_spread=[0]
  Iter  29/100  loss=3458.5137  (1.3s)
  [dbg] mean SINR_dB inside : 5.43153
  [dbg] mean SINR_dB outside: -7.33195
  [dbg] L_in=346.549  L_out=20.1678  L_uniform=494.712  L_min_j=[0]  L_spread=[0]
  Iter  30/100  loss=3514.9619  (1.3s)
  [dbg] mean SINR_dB inside : 5.49451
  [dbg] mean SINR_dB outside: -7.21544
  [dbg] L_in=345.997  L_out=20.5433  L_uniform=496.554  L_min_j=[0]  L_spread=[0]
  Iter  31/100  loss=3509.6257  (1.3s)
  [dbg] mean SINR_dB inside : 5.70859
  [dbg] mean SINR_dB outside: -7.26245
  [dbg] L_in=336.462  L_out=20.4338  L_uniform=487.539  L_min_j=[0]  L_spread=[0]
  Iter  32/100  loss=3413.3716  (1.3s)
  [dbg] mean SINR_dB inside : 5.86543
  [dbg] mean SINR_dB outside: -7.06778
  [dbg] L_in=330.597  L_out=20.6633  L_uniform=483.09  L_min_j=[0]  L_spread=[0]
  Iter  33/100  loss=3354.2827  (1.3s)
  [dbg] mean SINR_dB inside : 5.81313
  [dbg] mean SINR_dB outside: -7.04119
  [dbg] L_in=332.189  L_out=20.9553  L_uniform=483.871  L_min_j=[0]  L_spread=[0]
  Iter  34/100  loss=3370.2739  (1.3s)
  [dbg] mean SINR_dB inside : 5.72978
  [dbg] mean SINR_dB outside: -6.87534
  [dbg] L_in=336.714  L_out=22.2886  L_uniform=489.064  L_min_j=[0]  L_spread=[0]
  Iter  35/100  loss=3416.0471  (1.3s)
  [dbg] mean SINR_dB inside : 5.87081
  [dbg] mean SINR_dB outside: -6.72456
  [dbg] L_in=329.649  L_out=22.4311  L_uniform=481.449  L_min_j=[0]  L_spread=[0]
  Iter  36/100  loss=3344.6338  (1.2s)
  [dbg] mean SINR_dB inside : 5.766
  [dbg] mean SINR_dB outside: -6.6636
  [dbg] L_in=337.068  L_out=22.9897  L_uniform=491.462  L_min_j=[0]  L_spread=[0]
  Iter  37/100  loss=3419.8230  (1.4s)
  [dbg] mean SINR_dB inside : 5.83443
  [dbg] mean SINR_dB outside: -6.86756
  [dbg] L_in=332.5  L_out=22.7512  L_uniform=485.54  L_min_j=[0]  L_spread=[0]
  Iter  38/100  loss=3373.5544  (1.4s)
  [dbg] mean SINR_dB inside : 6.04879
  [dbg] mean SINR_dB outside: -6.76682
  [dbg] L_in=321.133  L_out=23.0507  L_uniform=472.648  L_min_j=[0]  L_spread=[0]
  Iter  39/100  loss=3258.5930  (1.3s)
  [dbg] mean SINR_dB inside : 6.20072
  [dbg] mean SINR_dB outside: -6.63047
  [dbg] L_in=316.53  L_out=23.973  L_uniform=470.437  L_min_j=[0]  L_spread=[0]
  Iter  40/100  loss=3212.3462  (1.4s)
  [dbg] mean SINR_dB inside : 6.15006
  [dbg] mean SINR_dB outside: -6.6405
  [dbg] L_in=316.518  L_out=24.3187  L_uniform=468.096  L_min_j=[0]  L_spread=[0]
  Iter  41/100  loss=3211.9924  (1.4s)
  [dbg] mean SINR_dB inside : 6.2257
  [dbg] mean SINR_dB outside: -6.72727
  [dbg] L_in=315.86  L_out=24.0649  L_uniform=470.255  L_min_j=[0]  L_spread=[0]
  Iter  42/100  loss=3205.6277  (1.4s)
  [dbg] mean SINR_dB inside : 6.20454
  [dbg] mean SINR_dB outside: -6.55812
  [dbg] L_in=314.619  L_out=24.202  L_uniform=466.814  L_min_j=[0]  L_spread=[0]
  Iter  43/100  loss=3192.8723  (1.4s)
  [dbg] mean SINR_dB inside : 6.16241
  [dbg] mean SINR_dB outside: -6.65923
  [dbg] L_in=320.514  L_out=24.9866  L_uniform=476.706  L_min_j=[0]  L_spread=[0]
  Iter  44/100  loss=3252.8091  (1.3s)
  [dbg] mean SINR_dB inside : 6.30965
  [dbg] mean SINR_dB outside: -6.46576
  [dbg] L_in=312.692  L_out=25.1125  L_uniform=467.787  L_min_j=[0]  L_spread=[0]
  Iter  45/100  loss=3173.6941  (1.4s)
  [dbg] mean SINR_dB inside : 6.25806
  [dbg] mean SINR_dB outside: -6.6241
  [dbg] L_in=315.621  L_out=25.0967  L_uniform=471.305  L_min_j=[0]  L_spread=[0]
  Iter  46/100  loss=3203.3418  (1.4s)
  [dbg] mean SINR_dB inside : 6.35376
  [dbg] mean SINR_dB outside: -6.5399
  [dbg] L_in=311.606  L_out=25.0819  L_uniform=467.664  L_min_j=[0]  L_spread=[0]
  Iter  47/100  loss=3162.8293  (1.3s)
  [dbg] mean SINR_dB inside : 6.43111
  [dbg] mean SINR_dB outside: -6.34067
  [dbg] L_in=307.564  L_out=25.8366  L_uniform=463.065  L_min_j=[0]  L_spread=[0]
  Iter  48/100  loss=3121.9497  (1.3s)
  [dbg] mean SINR_dB inside : 6.49207
  [dbg] mean SINR_dB outside: -6.31958
  [dbg] L_in=304.259  L_out=25.916  L_uniform=459.204  L_min_j=[0]  L_spread=[0]
  Iter  49/100  loss=3088.5154  (1.3s)
  [dbg] mean SINR_dB inside : 6.5727
  [dbg] mean SINR_dB outside: -6.18416
  [dbg] L_in=305.797  L_out=25.5755  L_uniform=465.939  L_min_j=[0]  L_spread=[0]
  Iter  50/100  loss=3104.5676  (1.3s)
  [dbg] mean SINR_dB inside : 6.40448
  [dbg] mean SINR_dB outside: -6.28499
  [dbg] L_in=311.597  L_out=25.5502  L_uniform=469.987  L_min_j=[0]  L_spread=[0]
  Iter  51/100  loss=3162.9688  (1.3s)
  [dbg] mean SINR_dB inside : 6.42703
  [dbg] mean SINR_dB outside: -6.21095
  [dbg] L_in=312.968  L_out=25.9274  L_uniform=473.735  L_min_j=[0]  L_spread=[0]
  Iter  52/100  loss=3177.0574  (1.1s)
  [dbg] mean SINR_dB inside : 6.56017
  [dbg] mean SINR_dB outside: -6.18202
  [dbg] L_in=302.835  L_out=26.7359  L_uniform=459.527  L_min_j=[0]  L_spread=[0]
  Iter  53/100  loss=3074.3005  (1.1s)
  [dbg] mean SINR_dB inside : 6.67926
  [dbg] mean SINR_dB outside: -6.06244
  [dbg] L_in=295.337  L_out=26.5473  L_uniform=449.816  L_min_j=[0]  L_spread=[0]
  Iter  54/100  loss=2998.3501  (1.2s)
  [dbg] mean SINR_dB inside : 6.74474
  [dbg] mean SINR_dB outside: -6.29382
  [dbg] L_in=297.433  L_out=26.8541  L_uniform=456.986  L_min_j=[0]  L_spread=[0]
  Iter  55/100  loss=3020.0281  (1.4s)
  [dbg] mean SINR_dB inside : 6.69555
  [dbg] mean SINR_dB outside: -6.15647
  [dbg] L_in=300.339  L_out=26.6218  L_uniform=460.601  L_min_j=[0]  L_spread=[0]
  Iter  56/100  loss=3049.4504  (1.4s)
  [dbg] mean SINR_dB inside : 6.74812
  [dbg] mean SINR_dB outside: -5.95018
  [dbg] L_in=298.88  L_out=26.9467  L_uniform=460.029  L_min_j=[0]  L_spread=[0]
  Iter  57/100  loss=3034.8057  (1.4s)
  [dbg] mean SINR_dB inside : 6.62831
  [dbg] mean SINR_dB outside: -5.65058
  [dbg] L_in=304.163  L_out=26.7518  L_uniform=465.341  L_min_j=[0]  L_spread=[0]
  Iter  58/100  loss=3088.1660  (1.1s)
  [dbg] mean SINR_dB inside : 6.92512
  [dbg] mean SINR_dB outside: -5.5637
  [dbg] L_in=287.925  L_out=26.9907  L_uniform=446.049  L_min_j=[0]  L_spread=[0]
  Iter  59/100  loss=2923.8550  (1.4s)
  [dbg] mean SINR_dB inside : 6.71189
  [dbg] mean SINR_dB outside: -5.67842
  [dbg] L_in=303.042  L_out=27.0142  L_uniform=466.881  L_min_j=[0]  L_spread=[0]
  Iter  60/100  loss=3077.1125  (1.4s)
  [dbg] mean SINR_dB inside : 6.84628
  [dbg] mean SINR_dB outside: -5.77405
  [dbg] L_in=297.242  L_out=26.2646  L_uniform=461.348  L_min_j=[0]  L_spread=[0]
  Iter  61/100  loss=3018.5515  (1.3s)
  [dbg] mean SINR_dB inside : 6.92887
  [dbg] mean SINR_dB outside: -5.66863
  [dbg] L_in=289.841  L_out=27.0831  L_uniform=450.189  L_min_j=[0]  L_spread=[0]
  Iter  62/100  loss=2943.4338  (1.3s)
  [dbg] mean SINR_dB inside : 6.80078
  [dbg] mean SINR_dB outside: -5.77835
  [dbg] L_in=298.36  L_out=27.2412  L_uniform=461.495  L_min_j=[0]  L_spread=[0]
  Iter  63/100  loss=3029.7456  (1.4s)
  [dbg] mean SINR_dB inside : 6.89431
  [dbg] mean SINR_dB outside: -5.79481
  [dbg] L_in=291.319  L_out=26.6586  L_uniform=451.559  L_min_j=[0]  L_spread=[0]
  Iter  64/100  loss=2958.3445  (1.4s)
  [dbg] mean SINR_dB inside : 6.78827
  [dbg] mean SINR_dB outside: -6.10425
  [dbg] L_in=296.019  L_out=27.5167  L_uniform=456.281  L_min_j=[0]  L_spread=[0]
  Iter  65/100  loss=3005.8228  (1.1s)
  [dbg] mean SINR_dB inside : 6.95323
  [dbg] mean SINR_dB outside: -5.93928
  [dbg] L_in=292.01  L_out=27.2511  L_uniform=455.662  L_min_j=[0]  L_spread=[0]
  Iter  66/100  loss=2965.6636  (1.4s)
  [dbg] mean SINR_dB inside : 6.95987
  [dbg] mean SINR_dB outside: -5.99352
  [dbg] L_in=292.167  L_out=27.6292  L_uniform=456.174  L_min_j=[0]  L_spread=[0]
  Iter  67/100  loss=2967.2898  (1.4s)
  [dbg] mean SINR_dB inside : 6.96126
  [dbg] mean SINR_dB outside: -5.79005
  [dbg] L_in=287.947  L_out=26.8746  L_uniform=447.813  L_min_j=[0]  L_spread=[0]
  Iter  68/100  loss=2924.2522  (1.1s)
  [dbg] mean SINR_dB inside : 6.9491
  [dbg] mean SINR_dB outside: -5.96605
  [dbg] L_in=289.955  L_out=27.4214  L_uniform=451.383  L_min_j=[0]  L_spread=[0]
  Iter  69/100  loss=2944.6885  (1.3s)
  [dbg] mean SINR_dB inside : 6.88457
  [dbg] mean SINR_dB outside: -5.87001
  [dbg] L_in=293.177  L_out=27.5315  L_uniform=454.961  L_min_j=[0]  L_spread=[0]
  Iter  70/100  loss=2977.2620  (1.1s)
  [dbg] mean SINR_dB inside : 6.93366
  [dbg] mean SINR_dB outside: -5.93735
  [dbg] L_in=291.918  L_out=27.7871  L_uniform=454.7  L_min_j=[0]  L_spread=[0]
  Iter  71/100  loss=2964.6492  (1.4s)
  [dbg] mean SINR_dB inside : 7.02985
  [dbg] mean SINR_dB outside: -5.82762
  [dbg] L_in=285.298  L_out=27.2515  L_uniform=445.591  L_min_j=[0]  L_spread=[0]
  Iter  72/100  loss=2897.5432  (1.3s)
  [dbg] mean SINR_dB inside : 6.94597
  [dbg] mean SINR_dB outside: -6.07087
  [dbg] L_in=290.378  L_out=27.3032  L_uniform=452.054  L_min_j=[0]  L_spread=[0]
  Iter  73/100  loss=2948.9812  (1.1s)
  [dbg] mean SINR_dB inside : 6.93891
  [dbg] mean SINR_dB outside: -5.93303
  [dbg] L_in=291.395  L_out=27.6201  L_uniform=453.864  L_min_j=[0]  L_spread=[0]
  Iter  74/100  loss=2959.3406  (1.4s)
  [dbg] mean SINR_dB inside : 6.79265
  [dbg] mean SINR_dB outside: -5.80232
  [dbg] L_in=296.161  L_out=27.6399  L_uniform=456.829  L_min_j=[0]  L_spread=[0]
  Iter  75/100  loss=3007.2922  (1.3s)
  [dbg] mean SINR_dB inside : 6.87331
  [dbg] mean SINR_dB outside: -5.97865
  [dbg] L_in=291.874  L_out=27.2889  L_uniform=451.914  L_min_j=[0]  L_spread=[0]
  Iter  76/100  loss=2963.9363  (1.4s)
  [dbg] mean SINR_dB inside : 6.87495
  [dbg] mean SINR_dB outside: -5.77475
  [dbg] L_in=293.158  L_out=27.5738  L_uniform=454.564  L_min_j=[0]  L_spread=[0]
  Iter  77/100  loss=2977.0408  (1.1s)
  [dbg] mean SINR_dB inside : 7.00992
  [dbg] mean SINR_dB outside: -6.04005
  [dbg] L_in=288.743  L_out=27.2609  L_uniform=451.627  L_min_j=[0]  L_spread=[0]
  Iter  78/100  loss=2932.5903  (1.4s)
  [dbg] mean SINR_dB inside : 7.05231
  [dbg] mean SINR_dB outside: -5.86579
  [dbg] L_in=285.466  L_out=27.1789  L_uniform=446.945  L_min_j=[0]  L_spread=[0]
  Iter  79/100  loss=2899.3518  (1.3s)
  [dbg] mean SINR_dB inside : 6.96571
  [dbg] mean SINR_dB outside: -5.78415
  [dbg] L_in=287.986  L_out=27.2041  L_uniform=448.179  L_min_j=[0]  L_spread=[0]
  Iter  80/100  loss=2924.6760  (1.3s)
  [dbg] mean SINR_dB inside : 7.04827
  [dbg] mean SINR_dB outside: -5.86494
  [dbg] L_in=285.293  L_out=27.1178  L_uniform=446.465  L_min_j=[0]  L_spread=[0]
  Iter  81/100  loss=2897.5728  (1.1s)
  [dbg] mean SINR_dB inside : 7.02452
  [dbg] mean SINR_dB outside: -5.902
  [dbg] L_in=285.117  L_out=27.647  L_uniform=444.989  L_min_j=[0]  L_spread=[0]
  Iter  82/100  loss=2895.6736  (1.4s)
  [dbg] mean SINR_dB inside : 6.99373
  [dbg] mean SINR_dB outside: -5.75248
  [dbg] L_in=287.996  L_out=27.1541  L_uniform=449.391  L_min_j=[0]  L_spread=[0]
  Iter  83/100  loss=2924.9009  (1.4s)
  [dbg] mean SINR_dB inside : 6.95848
  [dbg] mean SINR_dB outside: -5.84058
  [dbg] L_in=289.689  L_out=27.3221  L_uniform=451.261  L_min_j=[0]  L_spread=[0]
  Iter  84/100  loss=2942.0156  (1.3s)
  [dbg] mean SINR_dB inside : 6.92026
  [dbg] mean SINR_dB outside: -5.89222
  [dbg] L_in=291.717  L_out=27.4433  L_uniform=453.619  L_min_j=[0]  L_spread=[0]
  Iter  85/100  loss=2962.5366  (1.4s)
  [dbg] mean SINR_dB inside : 6.96999
  [dbg] mean SINR_dB outside: -5.9254
  [dbg] L_in=287.914  L_out=27.5984  L_uniform=448.193  L_min_j=[0]  L_spread=[0]
  Iter  86/100  loss=2923.9573  (1.3s)
  [dbg] mean SINR_dB inside : 7.11544
  [dbg] mean SINR_dB outside: -5.93993
  [dbg] L_in=280.896  L_out=27.2665  L_uniform=440.564  L_min_j=[0]  L_spread=[0]
  Iter  87/100  loss=2853.0142  (1.4s)
  [dbg] mean SINR_dB inside : 7.02998
  [dbg] mean SINR_dB outside: -5.92958
  [dbg] L_in=282.271  L_out=28.1512  L_uniform=439.565  L_min_j=[0]  L_spread=[0]
  Iter  88/100  loss=2866.6655  (1.4s)
  [dbg] mean SINR_dB inside : 7.08547
  [dbg] mean SINR_dB outside: -5.9722
  [dbg] L_in=281.664  L_out=27.954  L_uniform=440.748  L_min_j=[0]  L_spread=[0]
  Iter  89/100  loss=2860.7188  (1.1s)
  [dbg] mean SINR_dB inside : 6.77916
  [dbg] mean SINR_dB outside: -5.77669
  [dbg] L_in=299.674  L_out=27.3176  L_uniform=463.35  L_min_j=[0]  L_spread=[0]
  Iter  90/100  loss=3043.0791  (1.1s)
  [dbg] mean SINR_dB inside : 7.14716
  [dbg] mean SINR_dB outside: -5.99788
  [dbg] L_in=281.832  L_out=26.9755  L_uniform=443.846  L_min_j=[0]  L_spread=[0]
  Iter  91/100  loss=2862.7061  (1.1s)
  [dbg] mean SINR_dB inside : 7.13302
  [dbg] mean SINR_dB outside: -5.7852
  [dbg] L_in=279.821  L_out=27.1994  L_uniform=439.189  L_min_j=[0]  L_spread=[0]
  Iter  92/100  loss=2842.1250  (1.1s)[0m[31m2026-05-24 23:57:56 WARN  [HDRFilm] Monochrome mode enabled, setting film output pixel format to 'luminance' (was rgb).

  [dbg] mean SINR_dB inside : 7.00926
  [dbg] mean SINR_dB outside: -6.05198
  [dbg] L_in=288.129  L_out=27.4279  L_uniform=450.44  L_min_j=[0]  L_spread=[0]
  Iter  93/100  loss=2926.3335  (1.1s)
  [dbg] mean SINR_dB inside : 7.09938
  [dbg] mean SINR_dB outside: -5.6831
  [dbg] L_in=284.039  L_out=27.5761  L_uniform=446.223  L_min_j=[0]  L_spread=[0]
  Iter  94/100  loss=2885.0110  (1.1s)
  [dbg] mean SINR_dB inside : 6.963
  [dbg] mean SINR_dB outside: -5.91315
  [dbg] L_in=290.645  L_out=26.8223  L_uniform=453.448  L_min_j=[0]  L_spread=[0]
  Iter  95/100  loss=2951.7954  (1.4s)
  [dbg] mean SINR_dB inside : 6.97691
  [dbg] mean SINR_dB outside: -5.92333
  [dbg] L_in=288.621  L_out=27.6305  L_uniform=449.998  L_min_j=[0]  L_spread=[0]
  Iter  96/100  loss=2931.2097  (1.4s)
  [dbg] mean SINR_dB inside : 6.94221
  [dbg] mean SINR_dB outside: -5.97831
  [dbg] L_in=292.993  L_out=27.4479  L_uniform=457.25  L_min_j=[0]  L_spread=[0]
  Iter  97/100  loss=2975.6533  (1.1s)
  [dbg] mean SINR_dB inside : 6.96758
  [dbg] mean SINR_dB outside: -5.91025
  [dbg] L_in=290.371  L_out=27.4272  L_uniform=453.078  L_min_j=[0]  L_spread=[0]
  Iter  98/100  loss=2949.0181  (1.4s)
  [dbg] mean SINR_dB inside : 6.87068
  [dbg] mean SINR_dB outside: -5.91406
  [dbg] L_in=294.96  L_out=27.5284  L_uniform=458.007  L_min_j=[0]  L_spread=[0]
  Iter  99/100  loss=2995.4004  (1.4s)
  [dbg] mean SINR_dB inside : 6.89257
  [dbg] mean SINR_dB outside: -6.01619
  [dbg] L_in=294.473  L_out=27.2452  L_uniform=457.901  L_min_j=[0]  L_spread=[0]
  Iter 100/100  loss=2990.5239  (1.4s)

======================================================================
OPTIMIZATION COMPLETE  (142.2s)
  bs_0: Az=153.0°, El=-9.2°, pos=(441.4, -255.5)
  bs_1: Az=313.0°, El=-6.8°, pos=(-408.9, 421.4)
  bs_2: Az=131.2°, El=-7.9°, pos=(207.1, -511.4)
  bs_3: Az=14.8°, El=-7.7°, pos=(-490.0, -230.1)
======================================================================

  Warm-up: 142.2s total, 1.42s/iter
  Run 2: Joint optimization (100 iter, BS positions frozen)
-700.0

======================================================================
MULTI-TX SIR OPTIMIZATION  (4 transmitters)
======================================================================
Pre-created 2073 receivers (700 inside + 1373 outside) across 4 base stations
Tx Position: [-592.2704467773438, -217.19412231445312, 50.0]
look_at_position: [-66.66666666666667, -66.66666666666667, 1.5]
Tx Position: [-158.08018493652344, -597.094482421875, 50.0]
look_at_position: [-66.66666666666667, -66.66666666666667, 1.5]
Tx Position: [562.7467041015625, -516.2476196289062, 50.0]
look_at_position: [-66.66666666666667, -66.66666666666667, 1.5]
Tx Position: [600.0, -66.66666412353516, 50.0]
look_at_position: [-66.66666666666667, -66.66666666666667, 1.5]
Tx Position: [464.6463623046875, 39.018062591552734, 50.0]
look_at_position: [-66.66666666666667, -66.66666666666667, 1.5]
Tx Position: [279.05682373046875, 76.53668975830078, 50.0]
look_at_position: [-66.66666666666667, -66.66666666666667, 1.5]
Tx Position: [199.40097045898438, 111.11404418945312, 50.0]
look_at_position: [-66.66666666666667, -66.66666666666667, 1.5]
Tx Position: [141.42135620117188, 141.42135620117188, 50.0]
look_at_position: [-66.66666666666667, -66.66666666666667, 1.5]
  [dbg] mean SINR_dB inside : -5.40659
  [dbg] mean SINR_dB outside: -19.9229
  [dbg] L_in=894.846  L_out=-136.395  L_uniform=962.877  L_min_j=0.5  L_spread=[0]
  Iter   1/100  loss=5891.1079  (11.7s)
  [dbg] mean SINR_dB inside : -1.49468
  [dbg] mean SINR_dB outside: -16.1173
  [dbg] L_in=666.85  L_out=-108.046  L_uniform=760.77  L_min_j=0.475021  L_spread=[0]
  Iter   2/100  loss=4330.4194  (3.4s)
  [dbg] mean SINR_dB inside : -0.975359
  [dbg] mean SINR_dB outside: -15.8495
  [dbg] L_in=639.631  L_out=-106.51  L_uniform=737.734  L_min_j=0.45171  L_spread=[0]
  Iter   3/100  loss=4125.7231  (3.4s)
  [dbg] mean SINR_dB inside : -0.452561
  [dbg] mean SINR_dB outside: -15.6017
  [dbg] L_in=609.584  L_out=-105.06  L_uniform=708.708  L_min_j=0.429215  L_spread=[0]
  Iter   4/100  loss=3896.9417  (3.2s)
  [dbg] mean SINR_dB inside : 0.13147
  [dbg] mean SINR_dB outside: -15.1139
  [dbg] L_in=578.829  L_out=-101.753  L_uniform=681.255  L_min_j=0.407442  L_spread=[0]
  Iter   5/100  loss=3681.2261  (3.3s)
  [dbg] mean SINR_dB inside : 0.194468
  [dbg] mean SINR_dB outside: -15.2081
  [dbg] L_in=576.203  L_out=-102.676  L_uniform=679.633  L_min_j=0.386548  L_spread=[0]
  Iter   6/100  loss=3650.8203  (3.2s)
  [dbg] mean SINR_dB inside : 0.65371
  [dbg] mean SINR_dB outside: -15.0862
  [dbg] L_in=550.631  L_out=-101.965  L_uniform=654.733  L_min_j=0.366701  L_spread=[0]
  Iter   7/100  loss=3450.8713  (3.2s)
  [dbg] mean SINR_dB inside : 0.920143
  [dbg] mean SINR_dB outside: -15.0358
  [dbg] L_in=539.575  L_out=-101.643  L_uniform=647.651  L_min_j=0.348107  L_spread=[0]
  Iter   8/100  loss=3364.9404  (3.1s)
  [dbg] mean SINR_dB inside : 1.10108
  [dbg] mean SINR_dB outside: -14.9366
  [dbg] L_in=529.5  L_out=-101.003  L_uniform=637.629  L_min_j=0.331161  L_spread=[0]
  Iter   9/100  loss=3289.7380  (3.1s)
  [dbg] mean SINR_dB inside : 1.27948
  [dbg] mean SINR_dB outside: -14.8824
  [dbg] L_in=523.231  L_out=-100.581  L_uniform=635.01  L_min_j=0.316061  L_spread=[0]
  Iter  10/100  loss=3243.5356  (3.2s)
  [dbg] mean SINR_dB inside : 1.75304
  [dbg] mean SINR_dB outside: -14.9848
  [dbg] L_in=496.608  L_out=-101.522  L_uniform=607.793  L_min_j=0.302854  L_spread=[0]
  Iter  11/100  loss=3018.4272  (3.5s)
  [dbg] mean SINR_dB inside : 1.96407
  [dbg] mean SINR_dB outside: -14.6412
  [dbg] L_in=486.747  L_out=-99.19  L_uniform=599.523  L_min_j=0.291469  L_spread=[0]
  Iter  12/100  loss=2962.0256  (3.4s)
  [dbg] mean SINR_dB inside : 2.15631
  [dbg] mean SINR_dB outside: -14.9606
  [dbg] L_in=476.374  L_out=-101.507  L_uniform=589.134  L_min_j=0.281604  L_spread=[0]
  Iter  13/100  loss=2854.8357  (3.9s)
  [dbg] mean SINR_dB inside : 2.09672
  [dbg] mean SINR_dB outside: -14.5692
  [dbg] L_in=483.938  L_out=-98.8253  L_uniform=601.058  L_min_j=0.273057  L_spread=[0]
  Iter  14/100  loss=2943.3596  (3.4s)
  [dbg] mean SINR_dB inside : 1.98881
  [dbg] mean SINR_dB outside: -14.8299
  [dbg] L_in=495.186  L_out=-100.819  L_uniform=617.732  L_min_j=0.265647  L_spread=[0]
  Iter  15/100  loss=3015.0681  (3.2s)
  [dbg] mean SINR_dB inside : 2.21796
  [dbg] mean SINR_dB outside: -14.8853
  [dbg] L_in=485.25  L_out=-101.327  L_uniform=610.182  L_min_j=0.259197  L_spread=[0]
  Iter  16/100  loss=2929.7498  (3.4s)
  [dbg] mean SINR_dB inside : 2.32013
  [dbg] mean SINR_dB outside: -14.518
  [dbg] L_in=482.331  L_out=-98.7531  L_uniform=609.803  L_min_j=0.253661  L_spread=[0]
  Iter  17/100  loss=2932.0940  (3.5s)
  [dbg] mean SINR_dB inside : 2.43814
  [dbg] mean SINR_dB outside: -14.7794
  [dbg] L_in=476.204  L_out=-100.679  L_uniform=603.832  L_min_j=0.24894  L_spread=[0]
  Iter  18/100  loss=2863.2212  (3.4s)
  [dbg] mean SINR_dB inside : 2.54859
  [dbg] mean SINR_dB outside: -14.5894
  [dbg] L_in=470.047  L_out=-99.2644  L_uniform=597.373  L_min_j=0.244863  L_spread=[0]
  Iter  19/100  loss=2827.4722  (3.6s)
  [dbg] mean SINR_dB inside : 2.55875
  [dbg] mean SINR_dB outside: -14.9448
  [dbg] L_in=475.048  L_out=-101.797  L_uniform=607.912  L_min_j=0.241477  L_spread=[0]
  Iter  20/100  loss=2843.2061  (3.4s)
  [dbg] mean SINR_dB inside : 2.82288
  [dbg] mean SINR_dB outside: -14.7772
  [dbg] L_in=455.633  L_out=-100.611  L_uniform=582.979  L_min_j=0.238697  L_spread=[0]
  Iter  21/100  loss=2697.2515  (3.4s)
  [dbg] mean SINR_dB inside : 2.59899
  [dbg] mean SINR_dB outside: -14.779
  [dbg] L_in=471.103  L_out=-100.674  L_uniform=602.148  L_min_j=0.236464  L_spread=[0]
  Iter  22/100  loss=2822.2964  (3.5s)
  [dbg] mean SINR_dB inside : 2.71341
  [dbg] mean SINR_dB outside: -14.8026
  [dbg] L_in=467.113  L_out=-100.826  L_uniform=600.196  L_min_j=0.234782  L_spread=[0]
  Iter  23/100  loss=2788.6636  (3.4s)
  [dbg] mean SINR_dB inside : 3.00141
  [dbg] mean SINR_dB outside: -14.4826
  [dbg] L_in=448.739  L_out=-98.6003  L_uniform=578.507  L_min_j=0.233613  L_spread=[0]
  Iter  24/100  loss=2661.7622  (3.4s)
  [dbg] mean SINR_dB inside : 2.99948
  [dbg] mean SINR_dB outside: -14.5102
  [dbg] L_in=447.433  L_out=-98.8107  L_uniform=575.795  L_min_j=0.232888  L_spread=[0]
  Iter  25/100  loss=2648.9387  (3.4s)
  [dbg] mean SINR_dB inside : 3.08609
  [dbg] mean SINR_dB outside: -14.3964
  [dbg] L_in=445.13  L_out=-97.9856  L_uniform=575.684  L_min_j=0.232558  L_spread=[0]
  Iter  26/100  loss=2638.7500  (3.4s)
  [dbg] mean SINR_dB inside : 2.75391
  [dbg] mean SINR_dB outside: -14.2935
  [dbg] L_in=469.086  L_out=-97.1296  L_uniform=606.271  L_min_j=0.23265  L_spread=[0]
  Iter  27/100  loss=2842.0205  (3.5s)
  [dbg] mean SINR_dB inside : 3.0692
  [dbg] mean SINR_dB outside: -14.4472
  [dbg] L_in=450.353  L_out=-98.2884  L_uniform=585.255  L_min_j=0.233101  L_spread=[0]
  Iter  28/100  loss=2678.4626  (3.4s)
  [dbg] mean SINR_dB inside : 3.08316
  [dbg] mean SINR_dB outside: -14.0586
  [dbg] L_in=447.383  L_out=-95.4569  L_uniform=580.038  L_min_j=0.233883  L_spread=[0]
  Iter  29/100  loss=2682.4971  (3.1s)
  [dbg] mean SINR_dB inside : 3.00516
  [dbg] mean SINR_dB outside: -14.1717
  [dbg] L_in=455.947  L_out=-96.2241  L_uniform=593.119  L_min_j=0.234891  L_spread=[0]
  Iter  30/100  loss=2744.6428  (3.1s)
  [dbg] mean SINR_dB inside : 3.37198
  [dbg] mean SINR_dB outside: -13.9253
  [dbg] L_in=431.754  L_out=-94.3092  L_uniform=563.674  L_min_j=0.236125  L_spread=[0]
  Iter  31/100  loss=2567.3103  (3.3s)
  [dbg] mean SINR_dB inside : 3.39053
  [dbg] mean SINR_dB outside: -13.8693
  [dbg] L_in=429.208  L_out=-93.9011  L_uniform=559.536  L_min_j=0.237581  L_spread=[0]
  Iter  32/100  loss=2550.6045  (3.3s)
  [dbg] mean SINR_dB inside : 3.19997
  [dbg] mean SINR_dB outside: -13.8253
  [dbg] L_in=439.081  L_out=-93.3482  L_uniform=569.487  L_min_j=0.239189  L_spread=[0]
  Iter  33/100  loss=2636.1116  (3.4s)
  [dbg] mean SINR_dB inside : 3.42815
  [dbg] mean SINR_dB outside: -13.6528
  [dbg] L_in=427.047  L_out=-91.9033  L_uniform=557.141  L_min_j=0.24096  L_spread=[0]
  Iter  34/100  loss=2553.0540  (3.3s)
  [dbg] mean SINR_dB inside : 3.517
  [dbg] mean SINR_dB outside: -13.7517
  [dbg] L_in=421.844  L_out=-92.6059  L_uniform=551.276  L_min_j=0.242922  L_spread=[0]
  Iter  35/100  loss=2503.8193  (3.3s)
  [dbg] mean SINR_dB inside : 3.5805
  [dbg] mean SINR_dB outside: -13.7137
  [dbg] L_in=417.265  L_out=-92.1267  L_uniform=545.351  L_min_j=0.244983  L_spread=[0]
  Iter  36/100  loss=2471.3894  (3.3s)
  [dbg] mean SINR_dB inside : 3.34605
  [dbg] mean SINR_dB outside: -13.5866
  [dbg] L_in=435.426  L_out=-91.271  L_uniform=569.699  L_min_j=0.247131  L_spread=[0]
  Iter  37/100  loss=2627.6646  (3.3s)
  [dbg] mean SINR_dB inside : 3.55007
  [dbg] mean SINR_dB outside: -13.6247
  [dbg] L_in=420.952  L_out=-91.4271  L_uniform=551.177  L_min_j=0.249318  L_spread=[0]
  Iter  38/100  loss=2508.4604  (3.3s)
  [dbg] mean SINR_dB inside : 3.71521
  [dbg] mean SINR_dB outside: -13.5358
  [dbg] L_in=412.197  L_out=-90.6191  L_uniform=542.048  L_min_j=0.251535  L_spread=[0]
  Iter  39/100  loss=2445.5930  (3.1s)
  [dbg] mean SINR_dB inside : 3.59777
  [dbg] mean SINR_dB outside: -13.5142
  [dbg] L_in=420.213  L_out=-90.4308  L_uniform=552.13  L_min_j=0.253785  L_spread=[0]
  Iter  40/100  loss=2512.6086  (3.3s)
  [dbg] mean SINR_dB inside : 3.68671
  [dbg] mean SINR_dB outside: -13.3795
  [dbg] L_in=416.498  L_out=-89.2172  L_uniform=549.206  L_min_j=0.256045  L_spread=[0]
  Iter  41/100  loss=2494.7344  (3.3s)
  [dbg] mean SINR_dB inside : 3.68568
  [dbg] mean SINR_dB outside: -13.3273
  [dbg] L_in=416.373  L_out=-88.8619  L_uniform=548.902  L_min_j=0.258323  L_spread=[0]
  Iter  42/100  loss=2497.2578  (3.3s)
  [dbg] mean SINR_dB inside : 3.86
  [dbg] mean SINR_dB outside: -13.3533
  [dbg] L_in=408.015  L_out=-89.0301  L_uniform=540.983  L_min_j=0.260619  L_spread=[0]
  Iter  43/100  loss=2427.9209  (3.3s)
  [dbg] mean SINR_dB inside : 4.10132
  [dbg] mean SINR_dB outside: -13.5638
  [dbg] L_in=396.552  L_out=-90.4748  L_uniform=530.133  L_min_j=0.262947  L_spread=[0]
  Iter  44/100  loss=2320.6787  (3.3s)
  [dbg] mean SINR_dB inside : 4.05541
  [dbg] mean SINR_dB outside: -13.1624
  [dbg] L_in=398.439  L_out=-87.6845  L_uniform=531.62  L_min_j=0.265252  L_spread=[0]
  Iter  45/100  loss=2363.8276  (3.2s)
  [dbg] mean SINR_dB inside : 4.09824
  [dbg] mean SINR_dB outside: -13.3197
  [dbg] L_in=399.644  L_out=-88.5726  L_uniform=536.171  L_min_j=0.267573  L_spread=[0]
  Iter  46/100  loss=2365.0435  (3.0s)
  [dbg] mean SINR_dB inside : 4.34288
  [dbg] mean SINR_dB outside: -13.091
  [dbg] L_in=383.716  L_out=-87.0551  L_uniform=516.439  L_min_j=0.269835  L_spread=[0]
  Iter  47/100  loss=2250.8215  (3.0s)
  [dbg] mean SINR_dB inside : 4.21412
  [dbg] mean SINR_dB outside: -12.9134
  [dbg] L_in=393.548  L_out=-85.8472  L_uniform=529.741  L_min_j=0.272125  L_spread=[0]
  Iter  48/100  loss=2342.8821  (3.2s)
  [dbg] mean SINR_dB inside : 4.25332
  [dbg] mean SINR_dB outside: -12.9083
  [dbg] L_in=392.753  L_out=-85.8445  L_uniform=530.095  L_min_j=0.27445  L_spread=[0]
  Iter  49/100  loss=2336.5859  (3.1s)
  [dbg] mean SINR_dB inside : 4.37005
  [dbg] mean SINR_dB outside: -12.9849
  [dbg] L_in=386.51  L_out=-86.374  L_uniform=523.376  L_min_j=0.276804  L_spread=[0]
  Iter  50/100  loss=2280.6785  (3.1s)
  [dbg] mean SINR_dB inside : 4.29499
  [dbg] mean SINR_dB outside: -13.1628
  [dbg] L_in=392.221  L_out=-87.6202  L_uniform=531.096  L_min_j=0.279177  L_spread=[0]
  Iter  51/100  loss=2314.6721  (3.1s)
  [dbg] mean SINR_dB inside : 4.45692
  [dbg] mean SINR_dB outside: -13.0256
  [dbg] L_in=381.794  L_out=-86.5439  L_uniform=518.227  L_min_j=0.281523  L_spread=[0]
  Iter  52/100  loss=2240.7385  (3.1s)
  [dbg] mean SINR_dB inside : 4.39867
  [dbg] mean SINR_dB outside: -13.1724
  [dbg] L_in=385.141  L_out=-87.5918  L_uniform=522.063  L_min_j=0.283855  L_spread=[0]
  Iter  53/100  loss=2257.4163  (3.1s)
  [dbg] mean SINR_dB inside : 4.51375
  [dbg] mean SINR_dB outside: -12.9322
  [dbg] L_in=384.525  L_out=-85.939  L_uniform=526.481  L_min_j=0.286172  L_spread=[0]
  Iter  54/100  loss=2269.4548  (3.1s)
  [dbg] mean SINR_dB inside : 4.70081
  [dbg] mean SINR_dB outside: -13.1134
  [dbg] L_in=368.18  L_out=-87.2413  L_uniform=502.923  L_min_j=0.288518  L_spread=[0]
  Iter  55/100  loss=2123.3228  (3.0s)
  [dbg] mean SINR_dB inside : 4.8663
  [dbg] mean SINR_dB outside: -13.0309
  [dbg] L_in=358.383  L_out=-86.5852  L_uniform=491.347  L_min_j=0.290846  L_spread=[0]
  Iter  56/100  loss=2050.3450  (3.1s)
  [dbg] mean SINR_dB inside : 4.6921
  [dbg] mean SINR_dB outside: -13.2082
  [dbg] L_in=371.634  L_out=-87.7114  L_uniform=509.416  L_min_j=0.293188  L_spread=[0]
  Iter  57/100  loss=2146.8982  (3.0s)
  [dbg] mean SINR_dB inside : 4.78755
  [dbg] mean SINR_dB outside: -13.3127
  [dbg] L_in=368.657  L_out=-88.4586  L_uniform=508.11  L_min_j=0.295509  L_spread=[0]
  Iter  58/100  loss=2115.4805  (2.8s)
  [dbg] mean SINR_dB inside : 4.85798
  [dbg] mean SINR_dB outside: -13.1072
  [dbg] L_in=366.5  L_out=-86.7683  L_uniform=507.197  L_min_j=0.297793  L_spread=[0]
  Iter  59/100  loss=2115.0339  (3.0s)
  [dbg] mean SINR_dB inside : 4.96535
  [dbg] mean SINR_dB outside: -13.3124
  [dbg] L_in=361.196  L_out=-88.1426  L_uniform=501.763  L_min_j=0.300055  L_spread=[0]
  Iter  60/100  loss=2058.3159  (3.0s)
  [dbg] mean SINR_dB inside : 4.87784
  [dbg] mean SINR_dB outside: -13.0459
  [dbg] L_in=365.452  L_out=-86.2171  L_uniform=506.066  L_min_j=0.302322  L_spread=[0]
  Iter  61/100  loss=2112.0491  (3.0s)
  [dbg] mean SINR_dB inside : 5.0491
  [dbg] mean SINR_dB outside: -12.9566
  [dbg] L_in=352.776  L_out=-85.6003  L_uniform=488.949  L_min_j=0.304525  L_spread=[0]
  Iter  62/100  loss=2015.1041  (3.0s)
  [dbg] mean SINR_dB inside : 5.20054
  [dbg] mean SINR_dB outside: -12.9091
  [dbg] L_in=343.29  L_out=-85.5466  L_uniform=477.212  L_min_j=0.306707  L_spread=[0]
  Iter  63/100  loss=1938.5745  (3.0s)
  [dbg] mean SINR_dB inside : 4.94662
  [dbg] mean SINR_dB outside: -12.8456
  [dbg] L_in=358.724  L_out=-85.0861  L_uniform=495.933  L_min_j=0.308843  L_spread=[0]
  Iter  64/100  loss=2068.5247  (3.0s)
  [dbg] mean SINR_dB inside : 4.99816
  [dbg] mean SINR_dB outside: -12.798
  [dbg] L_in=357.433  L_out=-84.8467  L_uniform=495.822  L_min_j=0.310901  L_spread=[0]
  Iter  65/100  loss=2060.5820  (3.0s)
  [dbg] mean SINR_dB inside : 5.25333
  [dbg] mean SINR_dB outside: -12.7548
  [dbg] L_in=341.865  L_out=-84.5302  L_uniform=476.877  L_min_j=0.312888  L_spread=[0]
  Iter  66/100  loss=1937.3031  (3.1s)
  [dbg] mean SINR_dB inside : 5.03971
  [dbg] mean SINR_dB outside: -12.9591
  [dbg] L_in=355.145  L_out=-86.2753  L_uniform=493.245  L_min_j=0.314782  L_spread=[0]
  Iter  67/100  loss=2027.7292  (3.0s)
  [dbg] mean SINR_dB inside : 5.0671
  [dbg] mean SINR_dB outside: -13.0127
  [dbg] L_in=353.141  L_out=-86.5497  L_uniform=490.548  L_min_j=0.316578  L_spread=[0]
  Iter  68/100  loss=2008.6885  (2.8s)
  [dbg] mean SINR_dB inside : 5.21217
  [dbg] mean SINR_dB outside: -12.9146
  [dbg] L_in=347.564  L_out=-85.8564  L_uniform=486.325  L_min_j=0.318311  L_spread=[0]
  Iter  69/100  loss=1970.5793  (3.1s)
  [dbg] mean SINR_dB inside : 5.21098
  [dbg] mean SINR_dB outside: -13.0179
  [dbg] L_in=348.139  L_out=-86.7413  L_uniform=487.42  L_min_j=0.320003  L_spread=[0]
  Iter  70/100  loss=1966.4376  (3.3s)
  [dbg] mean SINR_dB inside : 5.32843
  [dbg] mean SINR_dB outside: -12.9417
  [dbg] L_in=341.189  L_out=-86.2383  L_uniform=479.099  L_min_j=0.321663  L_spread=[0]
  Iter  71/100  loss=1915.0420  (3.0s)
  [dbg] mean SINR_dB inside : 5.06002
  [dbg] mean SINR_dB outside: -12.9496
  [dbg] L_in=357.084  L_out=-86.5176  L_uniform=498.104  L_min_j=0.323224  L_spread=[0]
  Iter  72/100  loss=2041.3080  (3.0s)
  [dbg] mean SINR_dB inside : 5.15796
  [dbg] mean SINR_dB outside: -13.1057
  [dbg] L_in=352.907  L_out=-87.4251  L_uniform=494.434  L_min_j=0.324652  L_spread=[0]
  Iter  73/100  loss=1998.4453  (3.3s)
  [dbg] mean SINR_dB inside : 5.10495
  [dbg] mean SINR_dB outside: -12.8899
  [dbg] L_in=353.247  L_out=-85.9837  L_uniform=492.58  L_min_j=0.326037  L_spread=[0]
  Iter  74/100  loss=2015.3989  (3.0s)
  [dbg] mean SINR_dB inside : 5.09265
  [dbg] mean SINR_dB outside: -12.8414
  [dbg] L_in=354.355  L_out=-85.7825  L_uniform=494.208  L_min_j=0.327333  L_spread=[0]
  Iter  75/100  loss=2026.4354  (2.8s)
  [dbg] mean SINR_dB inside : 5.1119
  [dbg] mean SINR_dB outside: -12.9418
  [dbg] L_in=354.696  L_out=-86.6112  L_uniform=495.809  L_min_j=0.328547  L_spread=[0]
  Iter  76/100  loss=2021.0338  (3.2s)
  [dbg] mean SINR_dB inside : 5.09418
  [dbg] mean SINR_dB outside: -12.6343
  [dbg] L_in=352.94  L_out=-84.4709  L_uniform=491.455  L_min_j=0.32967  L_spread=[0]
  Iter  77/100  loss=2027.9584  (3.0s)
  [dbg] mean SINR_dB inside : 5.02845
  [dbg] mean SINR_dB outside: -13.1605
  [dbg] L_in=356.179  L_out=-88.1943  L_uniform=494.783  L_min_j=0.33071  L_spread=[0]
  Iter  78/100  loss=2016.9705  (3.3s)
  [dbg] mean SINR_dB inside : 4.8824
  [dbg] mean SINR_dB outside: -13.2147
  [dbg] L_in=367.233  L_out=-88.7113  L_uniform=509.867  L_min_j=0.331689  L_spread=[0]
  Iter  79/100  loss=2101.7356  (3.0s)
  [dbg] mean SINR_dB inside : 5.28123
  [dbg] mean SINR_dB outside: -13.2864
  [dbg] L_in=343.231  L_out=-89.2148  L_uniform=480.946  L_min_j=0.332579  L_spread=[0]
  Iter  80/100  loss=1901.7955  (3.0s)
  [dbg] mean SINR_dB inside : 5.04782
  [dbg] mean SINR_dB outside: -12.8567
  [dbg] L_in=358.003  L_out=-86.0231  L_uniform=499.363  L_min_j=0.333384  L_spread=[0]
  Iter  81/100  loss=2053.7266  (3.3s)
  [dbg] mean SINR_dB inside : 5.0453
  [dbg] mean SINR_dB outside: -12.8291
  [dbg] L_in=358.758  L_out=-85.8767  L_uniform=500.754  L_min_j=0.334142  L_spread=[0]
  Iter  82/100  loss=2061.3745  (2.8s)
  [dbg] mean SINR_dB inside : 5.22021
  [dbg] mean SINR_dB outside: -12.9506
  [dbg] L_in=345.656  L_out=-86.7537  L_uniform=482.896  L_min_j=0.334826  L_spread=[0]
  Iter  83/100  loss=1946.0005  (2.8s)
  [dbg] mean SINR_dB inside : 5.13119
  [dbg] mean SINR_dB outside: -12.9742
  [dbg] L_in=355.755  L_out=-86.9334  L_uniform=498.853  L_min_j=0.335437  L_spread=[0]
  Iter  84/100  loss=2026.5950  (3.0s)
  [dbg] mean SINR_dB inside : 4.92406
  [dbg] mean SINR_dB outside: -12.793
  [dbg] L_in=364.919  L_out=-85.6667  L_uniform=507.25  L_min_j=0.335973  L_spread=[0]
  Iter  85/100  loss=2113.4097  (3.0s)
  [dbg] mean SINR_dB inside : 5.15695
  [dbg] mean SINR_dB outside: -12.9865
  [dbg] L_in=350.724  L_out=-86.9678  L_uniform=490.017  L_min_j=0.336451  L_spread=[0]
  Iter  86/100  loss=1985.1179  (3.0s)
  [dbg] mean SINR_dB inside : 5.14038
  [dbg] mean SINR_dB outside: -12.7667
  [dbg] L_in=352.555  L_out=-85.396  L_uniform=492.894  L_min_j=0.336875  L_spread=[0]
  Iter  87/100  loss=2015.7733  (2.8s)
  [dbg] mean SINR_dB inside : 5.12273
  [dbg] mean SINR_dB outside: -12.8269
  [dbg] L_in=353.008  L_out=-85.8387  L_uniform=492.951  L_min_j=0.33724  L_spread=[0]
  Iter  88/100  loss=2014.9702  (3.0s)
  [dbg] mean SINR_dB inside : 5.27933
  [dbg] mean SINR_dB outside: -12.8256
  [dbg] L_in=343.493  L_out=-85.8513  L_uniform=481.38  L_min_j=0.337557  L_spread=[0]
  Iter  89/100  loss=1937.5660  (2.9s)
  [dbg] mean SINR_dB inside : 4.88572
  [dbg] mean SINR_dB outside: -12.8336
  [dbg] L_in=367.447  L_out=-85.7972  L_uniform=510.456  L_min_j=0.337823  L_spread=[0]
  Iter  90/100  loss=2132.6497  (3.0s)
  [dbg] mean SINR_dB inside : 5.07959
  [dbg] mean SINR_dB outside: -12.8712
  [dbg] L_in=356.105  L_out=-86.0372  L_uniform=497.09  L_min_j=0.338044  L_spread=[0]
  Iter  91/100  loss=2038.1736  (2.8s)
  [dbg] mean SINR_dB inside : 5.06469
  [dbg] mean SINR_dB outside: -12.8618
  [dbg] L_in=356.901  L_out=-86.0319  L_uniform=497.965  L_min_j=0.338228  L_spread=[0]
  Iter  92/100  loss=2044.6842  (3.0s)
  [dbg] mean SINR_dB inside : 5.0952
  [dbg] mean SINR_dB outside: -12.989
  [dbg] L_in=354.339  L_out=-86.949  L_uniform=494.302  L_min_j=0.338374  L_spread=[0]
  Iter  93/100  loss=2014.6561  (2.8s)
  [dbg] mean SINR_dB inside : 5.25986
  [dbg] mean SINR_dB outside: -12.6951
  [dbg] L_in=344.897  L_out=-85.0369  L_uniform=483.263  L_min_j=0.33849  L_spread=[0]
  Iter  94/100  loss=1957.1356  (3.0s)
  [dbg] mean SINR_dB inside : 5.16423
  [dbg] mean SINR_dB outside: -12.8156
  [dbg] L_in=351.96  L_out=-85.7469  L_uniform=492.838  L_min_j=0.33858  L_spread=[0]
  Iter  95/100  loss=2007.4930  (2.8s)
  [dbg] mean SINR_dB inside : 5.10006
  [dbg] mean SINR_dB outside: -12.7696
  [dbg] L_in=353.576  L_out=-85.3424  L_uniform=493.008  L_min_j=0.338646  L_spread=[0]
  Iter  96/100  loss=2024.4840  (3.0s)
  [dbg] mean SINR_dB inside : 4.95705
  [dbg] mean SINR_dB outside: -12.7157
  [dbg] L_in=364.449  L_out=-84.9465  L_uniform=507.895  L_min_j=0.338692  L_spread=[0]
  Iter  97/100  loss=2116.9170  (3.0s)
  [dbg] mean SINR_dB inside : 5.01995
  [dbg] mean SINR_dB outside: -12.8011
  [dbg] L_in=360.084  L_out=-85.6119  L_uniform=502.189  L_min_j=0.338721  L_spread=[0]
  Iter  98/100  loss=2074.7751  (2.8s)
  [dbg] mean SINR_dB inside : 5.07166
  [dbg] mean SINR_dB outside: -12.7162
  [dbg] L_in=354.882  L_out=-84.9293  L_uniform=494.267  L_min_j=0.338738  L_spread=[0]
  Iter  99/100  loss=2039.1908  (3.0s)
  [dbg] mean SINR_dB inside : 5.11428
  [dbg] mean SINR_dB outside: -12.7173
  [dbg] L_in=354.312  L_out=-84.985  L_uniform=495.161  L_min_j=0.338746  L_spread=[0]
  Iter 100/100  loss=2034.1642  (3.0s)

======================================================================
OPTIMIZATION COMPLETE  (325.5s)
  bs_0: Az=156.8°, El=-10.9°, pos=(418.5, -271.8)
  bs_1: Az=316.2°, El=-10.1°, pos=(-376.0, 376.8)
  bs_2: Az=132.3°, El=-7.4°, pos=(120.5, -397.2)
  bs_3: Az=19.2°, El=-10.0°, pos=(-436.0, -157.1)
  jam_1 [OFF gate=0.360]: Az=16.3°, El=-90.0°, pos=(-629.4, -161.7, 23.8), pwr=19.3 dBm
  jam_2 [OFF gate=0.207]: Az=78.2°, El=-90.0°, pos=(-84.1, -635.0, 11.9), pwr=18.6 dBm
  jam_3 [OFF gate=0.390]: Az=147.4°, El=-90.0°, pos=(493.1, -619.2, 28.4), pwr=19.4 dBm
  jam_4 [OFF gate=0.151]: Az=177.9°, El=-90.0°, pos=(657.6, 22.2, 19.5), pwr=18.3 dBm
  jam_5 [ON  gate=0.627]: Az=189.4°, El=-90.0°, pos=(491.0, 129.3, 26.1), pwr=20.4 dBm
  jam_6 [OFF gate=0.262]: Az=201.5°, El=-90.0°, pos=(291.3, 165.1, 29.7), pwr=19.0 dBm
  jam_7 [OFF gate=0.312]: Az=211.6°, El=-90.0°, pos=(218.7, 121.3, 21.6), pwr=19.1 dBm
  jam_8 [OFF gate=0.400]: Az=224.2°, El=-90.0°, pos=(140.6, 171.7, 15.3), pwr=19.5 dBm
======================================================================

  Joint:   325.5s total, 3.25s/iter
  Evaluating...

======================================================================
BS PARAMETERS  —  BEFORE / AFTER
======================================================================
  Name           Param         Initial   Optimised       Delta
  ----------------------------------------------------------------
  bs_0           Azimuth      +153.02°    +156.77°      +3.75°
                 Elevation      -9.22°     -10.87°      -1.65°
                 X (m)          +441.4      +418.5       -22.9
                 Y (m)          -255.5      -271.8       -16.3
                 Power dBm      +35.00      +40.00       +5.00
  ----------------------------------------------------------------
  bs_1           Azimuth      +313.02°    +316.17°      +3.15°
                 Elevation      -6.82°     -10.11°      -3.29°
                 X (m)          -408.9      -376.0       +32.9
                 Y (m)          +421.4      +376.8       -44.7
                 Power dBm      +35.00      +39.76       +4.76
  ----------------------------------------------------------------
  bs_2           Azimuth      +131.20°    +132.32°      +1.12°
                 Elevation      -7.85°      -7.35°      +0.50°
                 X (m)          +207.1      +120.5       -86.6
                 Y (m)          -511.4      -397.2      +114.1
                 Power dBm      +35.00      +40.00       +5.00
  ----------------------------------------------------------------
  bs_3           Azimuth       +14.80°     +19.21°      +4.41°
                 Elevation      -7.71°      -9.97°      -2.26°
                 X (m)          -490.0      -436.0       +54.0
                 Y (m)          -230.1      -157.1       +73.0
                 Power dBm      +35.00      +40.00       +5.00
  ----------------------------------------------------------------
======================================================================

Computing RadioMap for optimized BS configuration...
Computing RadioMap for 1/8 active jammers...
[verify] jam_interference_map: mean=1.466e-11 W  | mean SINR shift (BS-only − BS+Jam) = +0.253 dB

======================================================================
BS-ONLY SINR CONTAINMENT  (gamma = +0.0 dB)
======================================================================
  bs_0:
    rho_leak  (outside >= gamma):  40.8%
    rho_hole  (inside  <  gamma):  14.7%
    SINR inside  mean / p10: +10.3 / -3.7 dB
    SINR outside mean / p10: -12.7 / -32.7 dB

  bs_1:
    rho_leak  (outside >= gamma):  40.8%
    rho_hole  (inside  <  gamma):  14.7%
    SINR inside  mean / p10: +10.3 / -3.7 dB
    SINR outside mean / p10: -12.7 / -32.7 dB

  bs_2:
    rho_leak  (outside >= gamma):  40.8%
    rho_hole  (inside  <  gamma):  14.7%
    SINR inside  mean / p10: +10.3 / -3.7 dB
    SINR outside mean / p10: -12.7 / -32.7 dB

  bs_3:
    rho_leak  (outside >= gamma):  40.8%
    rho_hole  (inside  <  gamma):  14.7%
    SINR inside  mean / p10: +10.3 / -3.7 dB
    SINR outside mean / p10: -12.7 / -32.7 dB

======================================================================
BS+JAMMER SINR CONTAINMENT  (gamma = +0.0 dB)
======================================================================
  bs_0:
    rho_leak  (outside >= gamma):  38.0%
    rho_hole  (inside  <  gamma):  14.7%
    SINR inside  mean / p10: +10.2 / -3.7 dB
    SINR outside mean / p10: -13.1 / -32.9 dB

  bs_1:
    rho_leak  (outside >= gamma):  38.0%
    rho_hole  (inside  <  gamma):  14.7%
    SINR inside  mean / p10: +10.2 / -3.7 dB
    SINR outside mean / p10: -13.1 / -32.9 dB

  bs_2:
    rho_leak  (outside >= gamma):  38.0%
    rho_hole  (inside  <  gamma):  14.7%
    SINR inside  mean / p10: +10.2 / -3.7 dB
    SINR outside mean / p10: -13.1 / -32.9 dB

  bs_3:
    rho_leak  (outside >= gamma):  38.0%
    rho_hole  (inside  <  gamma):  14.7%
    SINR inside  mean / p10: +10.2 / -3.7 dB
    SINR outside mean / p10: -13.1 / -32.9 dB

======================================================================

  Saved → ../results/duke/l_shape_large_n700

[ 16/16] START l_shape_large_n1000
Creating polygon
  Zone cells: 1517971
  bs_0: (397.1, -214.0, 50.0)
  bs_1: (-363.4, 377.5, 50.0)
  bs_2: (303.7, -394.0, 50.0)
  bs_3: (-397.0, -113.7, 50.0)
  Jammers: 8 evenly placed at 200 m standoff
  Run 1: BS warm-up (100 iter, inside coverage only)
-700.0

======================================================================
MULTI-TX SIR OPTIMIZATION  (4 transmitters)
======================================================================
Tx Position: [397.1407775878906, -213.98716735839844, 50.0]
look_at_position: [0.0, 0.0, 1.5]
Tx Position: [-363.3701171875, 377.5477294921875, 50.0]
look_at_position: [0.0, 0.0, 1.5]
Tx Position: [303.7311096191406, -394.0397644042969, 50.0]
look_at_position: [0.0, 0.0, 1.5]
Tx Position: [-397.02996826171875, -113.72566986083984, 50.0]
look_at_position: [0.0, 0.0, 1.5]
  [dbg] mean SINR_dB inside : 2.13836
  [dbg] mean SINR_dB outside: -10.747
  [dbg] L_in=469.597  L_out=3.01472  L_uniform=574.605  L_min_j=[0]  L_spread=[0]
  Iter   1/100  loss=4753.4312  (14.5s)
  [dbg] mean SINR_dB inside : 2.41582
  [dbg] mean SINR_dB outside: -11.3502
  [dbg] L_in=463.792  L_out=3.44179  L_uniform=577.842  L_min_j=[0]  L_spread=[0]
  Iter   2/100  loss=4695.6997  (2.0s)
  [dbg] mean SINR_dB inside : 2.84247
  [dbg] mean SINR_dB outside: -12.062
  [dbg] L_in=458.194  L_out=3.87219  L_uniform=589.192  L_min_j=[0]  L_spread=[0]
  Iter   3/100  loss=4640.8555  (1.7s)
  [dbg] mean SINR_dB inside : 2.78375
  [dbg] mean SINR_dB outside: -12.4497
  [dbg] L_in=466.926  L_out=4.37462  L_uniform=603.624  L_min_j=[0]  L_spread=[0]
  Iter   4/100  loss=4729.6177  (2.0s)
  [dbg] mean SINR_dB inside : 3.13183
  [dbg] mean SINR_dB outside: -12.1405
  [dbg] L_in=446.744  L_out=4.74751  L_uniform=581.411  L_min_j=[0]  L_spread=[0]
  Iter   5/100  loss=4525.5806  (1.7s)
  [dbg] mean SINR_dB inside : 3.00779
  [dbg] mean SINR_dB outside: -11.7391
  [dbg] L_in=455.953  L_out=5.57524  L_uniform=593.423  L_min_j=[0]  L_spread=[0]
  Iter   6/100  loss=4618.8721  (1.7s)
  [dbg] mean SINR_dB inside : 3.20357
  [dbg] mean SINR_dB outside: -11.547
  [dbg] L_in=446.65  L_out=6.24597  L_uniform=584.963  L_min_j=[0]  L_spread=[0]
  Iter   7/100  loss=4525.0000  (1.7s)
  [dbg] mean SINR_dB inside : 3.38232
  [dbg] mean SINR_dB outside: -11.3274
  [dbg] L_in=434.228  L_out=7.07076  L_uniform=569.32  L_min_j=[0]  L_spread=[0]
  Iter   8/100  loss=4399.2085  (1.6s)
  [dbg] mean SINR_dB inside : 3.44285
  [dbg] mean SINR_dB outside: -11.1483
  [dbg] L_in=433.405  L_out=7.9294  L_uniform=570.782  L_min_j=[0]  L_spread=[0]
  Iter   9/100  loss=4391.1240  (1.7s)
  [dbg] mean SINR_dB inside : 3.4608
  [dbg] mean SINR_dB outside: -11.3099
  [dbg] L_in=435.745  L_out=8.5001  L_uniform=576.376  L_min_j=[0]  L_spread=[0]
  Iter  10/100  loss=4415.0898  (1.6s)
  [dbg] mean SINR_dB inside : 3.52354
  [dbg] mean SINR_dB outside: -11.0658
  [dbg] L_in=432.574  L_out=9.57631  L_uniform=573.234  L_min_j=[0]  L_spread=[0]
  Iter  11/100  loss=4383.0654  (1.6s)
  [dbg] mean SINR_dB inside : 3.5953
  [dbg] mean SINR_dB outside: -11.1469
  [dbg] L_in=424.913  L_out=10.5378  L_uniform=561.557  L_min_j=[0]  L_spread=[0]
  Iter  12/100  loss=4305.2808  (1.7s)
  [dbg] mean SINR_dB inside : 3.633
  [dbg] mean SINR_dB outside: -10.6063
  [dbg] L_in=427.715  L_out=11.4083  L_uniform=569.064  L_min_j=[0]  L_spread=[0]
  Iter  13/100  loss=4334.0513  (1.6s)
  [dbg] mean SINR_dB inside : 3.73512
  [dbg] mean SINR_dB outside: -10.5105
  [dbg] L_in=430.304  L_out=12.2646  L_uniform=579.409  L_min_j=[0]  L_spread=[0]
  Iter  14/100  loss=4360.9849  (1.7s)
  [dbg] mean SINR_dB inside : 4.02629
  [dbg] mean SINR_dB outside: -10.1153
  [dbg] L_in=403.626  L_out=13.1033  L_uniform=540.677  L_min_j=[0]  L_spread=[0]
  Iter  15/100  loss=4090.3242  (1.6s)
  [dbg] mean SINR_dB inside : 3.92926
  [dbg] mean SINR_dB outside: -10.0918
  [dbg] L_in=414.085  L_out=13.6474  L_uniform=556.743  L_min_j=[0]  L_spread=[0]
  Iter  16/100  loss=4196.5195  (1.6s)
  [dbg] mean SINR_dB inside : 4.0801
  [dbg] mean SINR_dB outside: -9.72513
  [dbg] L_in=405.5  L_out=14.0901  L_uniform=547.122  L_min_j=[0]  L_spread=[0]
  Iter  17/100  loss=4109.7168  (1.4s)
  [dbg] mean SINR_dB inside : 4.30895
  [dbg] mean SINR_dB outside: -9.85565
  [dbg] L_in=391.99  L_out=14.5668  L_uniform=531.439  L_min_j=[0]  L_spread=[0]
  Iter  18/100  loss=3973.0396  (1.7s)
  [dbg] mean SINR_dB inside : 4.31861
  [dbg] mean SINR_dB outside: -9.94126
  [dbg] L_in=392.449  L_out=15.0483  L_uniform=532.834  L_min_j=[0]  L_spread=[0]
  Iter  19/100  loss=3977.7747  (1.4s)
  [dbg] mean SINR_dB inside : 4.45598
  [dbg] mean SINR_dB outside: -9.99426
  [dbg] L_in=387.675  L_out=15.0966  L_uniform=530.038  L_min_j=[0]  L_spread=[0]
  Iter  20/100  loss=3929.7495  (1.7s)
  [dbg] mean SINR_dB inside : 4.49174
  [dbg] mean SINR_dB outside: -10.1042
  [dbg] L_in=386.475  L_out=15.3237  L_uniform=529.388  L_min_j=[0]  L_spread=[0]
  Iter  21/100  loss=3917.6934  (1.6s)
  [dbg] mean SINR_dB inside : 4.683
  [dbg] mean SINR_dB outside: -9.83396
  [dbg] L_in=378.117  L_out=15.6568  L_uniform=522.026  L_min_j=[0]  L_spread=[0]
  Iter  22/100  loss=3833.3772  (1.6s)
  [dbg] mean SINR_dB inside : 5.08983
  [dbg] mean SINR_dB outside: -9.56496
  [dbg] L_in=358.699  L_out=16.086  L_uniform=502.802  L_min_j=[0]  L_spread=[0]
  Iter  23/100  loss=3637.2666  (1.6s)
  [dbg] mean SINR_dB inside : 5.13238
  [dbg] mean SINR_dB outside: -9.68888
  [dbg] L_in=356.085  L_out=16.3946  L_uniform=499.613  L_min_j=[0]  L_spread=[0]
  Iter  24/100  loss=3610.8071  (1.5s)
  [dbg] mean SINR_dB inside : 5.09837
  [dbg] mean SINR_dB outside: -9.23188
  [dbg] L_in=358.014  L_out=16.7755  L_uniform=501.864  L_min_j=[0]  L_spread=[0]
  Iter  25/100  loss=3630.3298  (1.5s)
  [dbg] mean SINR_dB inside : 5.06051
  [dbg] mean SINR_dB outside: -9.08714
  [dbg] L_in=366.765  L_out=17.1047  L_uniform=517.545  L_min_j=[0]  L_spread=[0]
  Iter  26/100  loss=3719.3999  (1.6s)
  [dbg] mean SINR_dB inside : 5.31299
  [dbg] mean SINR_dB outside: -9.04292
  [dbg] L_in=352.538  L_out=17.18  L_uniform=501.102  L_min_j=[0]  L_spread=[0]
  Iter  27/100  loss=3575.4946  (1.6s)
  [dbg] mean SINR_dB inside : 5.09715
  [dbg] mean SINR_dB outside: -9.36176
  [dbg] L_in=366.95  L_out=17.5404  L_uniform=519.644  L_min_j=[0]  L_spread=[0]
  Iter  28/100  loss=3721.4658  (1.6s)
  [dbg] mean SINR_dB inside : 5.2103
  [dbg] mean SINR_dB outside: -9.57042
  [dbg] L_in=361.725  L_out=17.301  L_uniform=514.645  L_min_j=[0]  L_spread=[0]
  Iter  29/100  loss=3668.7146  (1.6s)
  [dbg] mean SINR_dB inside : 5.27392
  [dbg] mean SINR_dB outside: -9.10854
  [dbg] L_in=361.828  L_out=17.3048  L_uniform=517.831  L_min_j=[0]  L_spread=[0]
  Iter  30/100  loss=3670.0635  (1.7s)
  [dbg] mean SINR_dB inside : 5.36873
  [dbg] mean SINR_dB outside: -8.72637
  [dbg] L_in=356.659  L_out=17.7606  L_uniform=512.012  L_min_j=[0]  L_spread=[0]
  Iter  31/100  loss=3617.7932  (1.6s)
  [dbg] mean SINR_dB inside : 5.44776
  [dbg] mean SINR_dB outside: -8.70078
  [dbg] L_in=352.157  L_out=17.5174  L_uniform=506.768  L_min_j=[0]  L_spread=[0]
  Iter  32/100  loss=3572.2498  (1.7s)
  [dbg] mean SINR_dB inside : 5.51784
  [dbg] mean SINR_dB outside: -8.93669
  [dbg] L_in=348.902  L_out=17.831  L_uniform=503.56  L_min_j=[0]  L_spread=[0]
  Iter  33/100  loss=3539.3777  (1.6s)
  [dbg] mean SINR_dB inside : 5.59366
  [dbg] mean SINR_dB outside: -8.6554
  [dbg] L_in=346.254  L_out=18.0722  L_uniform=501.791  L_min_j=[0]  L_spread=[0]
  Iter  34/100  loss=3512.7161  (1.6s)
  [dbg] mean SINR_dB inside : 5.71781
  [dbg] mean SINR_dB outside: -8.43338
  [dbg] L_in=341.295  L_out=17.8543  L_uniform=497.693  L_min_j=[0]  L_spread=[0]
  Iter  35/100  loss=3462.7148  (1.6s)
  [dbg] mean SINR_dB inside : 5.64881
  [dbg] mean SINR_dB outside: -8.44366
  [dbg] L_in=346.116  L_out=18.8055  L_uniform=504.108  L_min_j=[0]  L_spread=[0]
  Iter  36/100  loss=3511.5659  (1.6s)
  [dbg] mean SINR_dB inside : 5.60239
  [dbg] mean SINR_dB outside: -8.41184
  [dbg] L_in=349.405  L_out=19.6103  L_uniform=508.534  L_min_j=[0]  L_spread=[0]
  Iter  37/100  loss=3544.9077  (1.6s)
  [dbg] mean SINR_dB inside : 5.7196
  [dbg] mean SINR_dB outside: -8.51717
  [dbg] L_in=340.991  L_out=19.6053  L_uniform=497.216  L_min_j=[0]  L_spread=[0]
  Iter  38/100  loss=3459.6326  (1.7s)
  [dbg] mean SINR_dB inside : 5.83655
  [dbg] mean SINR_dB outside: -8.27758
  [dbg] L_in=339.8  L_out=19.8898  L_uniform=500.247  L_min_j=[0]  L_spread=[0]
  Iter  39/100  loss=3448.0291  (1.6s)
  [dbg] mean SINR_dB inside : 5.87643
  [dbg] mean SINR_dB outside: -8.17776
  [dbg] L_in=336.833  L_out=20.4827  L_uniform=496.181  L_min_j=[0]  L_spread=[0]
  Iter  40/100  loss=3417.9473  (1.6s)
  [dbg] mean SINR_dB inside : 5.83442
  [dbg] mean SINR_dB outside: -8.15334
  [dbg] L_in=339.692  L_out=20.4374  L_uniform=499.969  L_min_j=[0]  L_spread=[0]
  Iter  41/100  loss=3446.9128  (1.6s)
  [dbg] mean SINR_dB inside : 5.7756
  [dbg] mean SINR_dB outside: -8.0058
  [dbg] L_in=341.163  L_out=21.0715  L_uniform=500.211  L_min_j=[0]  L_spread=[0]
  Iter  42/100  loss=3461.6516  (1.6s)
  [dbg] mean SINR_dB inside : 5.88013
  [dbg] mean SINR_dB outside: -7.92063
  [dbg] L_in=338.529  L_out=21.3833  L_uniform=499.825  L_min_j=[0]  L_spread=[0]
  Iter  43/100  loss=3435.2715  (1.6s)
  [dbg] mean SINR_dB inside : 5.94972
  [dbg] mean SINR_dB outside: -7.81143
  [dbg] L_in=334.714  L_out=21.146  L_uniform=495.392  L_min_j=[0]  L_spread=[0]
  Iter  44/100  loss=3396.6799  (1.7s)
  [dbg] mean SINR_dB inside : 6.01721
  [dbg] mean SINR_dB outside: -7.7091
  [dbg] L_in=333.378  L_out=21.8824  L_uniform=495.875  L_min_j=[0]  L_spread=[0]
  Iter  45/100  loss=3383.3711  (1.5s)
  [dbg] mean SINR_dB inside : 5.95519
  [dbg] mean SINR_dB outside: -7.38313
  [dbg] L_in=335.777  L_out=22.171  L_uniform=497.892  L_min_j=[0]  L_spread=[0]
  Iter  46/100  loss=3407.5620  (1.6s)
  [dbg] mean SINR_dB inside : 5.77272
  [dbg] mean SINR_dB outside: -7.50863
  [dbg] L_in=345.21  L_out=22.7244  L_uniform=508.254  L_min_j=[0]  L_spread=[0]
  Iter  47/100  loss=3502.9297  (1.5s)
  [dbg] mean SINR_dB inside : 6.13955
  [dbg] mean SINR_dB outside: -7.47669
  [dbg] L_in=327.375  L_out=23.0274  L_uniform=489.533  L_min_j=[0]  L_spread=[0]
  Iter  48/100  loss=3322.7075  (1.6s)
  [dbg] mean SINR_dB inside : 6.13019
  [dbg] mean SINR_dB outside: -7.41408
  [dbg] L_in=328.488  L_out=23.114  L_uniform=491.369  L_min_j=[0]  L_spread=[0]
  Iter  49/100  loss=3334.0149  (1.4s)
  [dbg] mean SINR_dB inside : 6.29039
  [dbg] mean SINR_dB outside: -7.30713
  [dbg] L_in=318.904  L_out=23.248  L_uniform=479.539  L_min_j=[0]  L_spread=[0]
  Iter  50/100  loss=3236.9988  (1.7s)
  [dbg] mean SINR_dB inside : 6.35861
  [dbg] mean SINR_dB outside: -7.42634
  [dbg] L_in=319.374  L_out=23.1325  L_uniform=483.576  L_min_j=[0]  L_spread=[0]
  Iter  51/100  loss=3242.0991  (1.6s)
  [dbg] mean SINR_dB inside : 6.26567
  [dbg] mean SINR_dB outside: -7.43006
  [dbg] L_in=323.487  L_out=23.1552  L_uniform=487.571  L_min_j=[0]  L_spread=[0]
  Iter  52/100  loss=3283.6301  (1.6s)
  [dbg] mean SINR_dB inside : 6.32369
  [dbg] mean SINR_dB outside: -7.3159
  [dbg] L_in=321.681  L_out=23.4944  L_uniform=486.597  L_min_j=[0]  L_spread=[0]
  Iter  53/100  loss=3265.4678  (1.6s)
  [dbg] mean SINR_dB inside : 6.47283
  [dbg] mean SINR_dB outside: -7.48043
  [dbg] L_in=314.938  L_out=23.4784  L_uniform=479.962  L_min_j=[0]  L_spread=[0]
  Iter  54/100  loss=3197.3755  (1.6s)
  [dbg] mean SINR_dB inside : 6.44372
  [dbg] mean SINR_dB outside: -7.53631
  [dbg] L_in=317.705  L_out=23.9066  L_uniform=484.133  L_min_j=[0]  L_spread=[0]
  Iter  55/100  loss=3225.4656  (1.7s)
  [dbg] mean SINR_dB inside : 6.55375
  [dbg] mean SINR_dB outside: -7.41612
  [dbg] L_in=310.287  L_out=23.5739  L_uniform=474.308  L_min_j=[0]  L_spread=[0]
  Iter  56/100  loss=3150.3008  (1.6s)
  [dbg] mean SINR_dB inside : 6.58052
  [dbg] mean SINR_dB outside: -7.24758
  [dbg] L_in=310.604  L_out=24.2264  L_uniform=476.172  L_min_j=[0]  L_spread=[0]
  Iter  57/100  loss=3153.6560  (1.4s)
  [dbg] mean SINR_dB inside : 6.52768
  [dbg] mean SINR_dB outside: -7.20226
  [dbg] L_in=315.674  L_out=24.2842  L_uniform=483.94  L_min_j=[0]  L_spread=[0]
  Iter  58/100  loss=3205.1384  (1.6s)
  [dbg] mean SINR_dB inside : 6.65664
  [dbg] mean SINR_dB outside: -7.18585
  [dbg] L_in=304.487  L_out=24.2195  L_uniform=467.316  L_min_j=[0]  L_spread=[0]
  Iter  59/100  loss=3091.6023  (1.4s)
  [dbg] mean SINR_dB inside : 6.76681
  [dbg] mean SINR_dB outside: -7.2113
  [dbg] L_in=301.179  L_out=24.487  L_uniform=465.618  L_min_j=[0]  L_spread=[0]
  Iter  60/100  loss=3058.3540  (1.7s)
  [dbg] mean SINR_dB inside : 6.71698
  [dbg] mean SINR_dB outside: -7.31358
  [dbg] L_in=305.141  L_out=24.0036  L_uniform=471.406  L_min_j=[0]  L_spread=[0]
  Iter  61/100  loss=3098.5552  (1.6s)
  [dbg] mean SINR_dB inside : 6.77785
  [dbg] mean SINR_dB outside: -7.03464
  [dbg] L_in=302.13  L_out=24.4529  L_uniform=468.025  L_min_j=[0]  L_spread=[0]
  Iter  62/100  loss=3068.1040  (1.7s)
  [dbg] mean SINR_dB inside : 6.72289
  [dbg] mean SINR_dB outside: -7.00396
  [dbg] L_in=306.084  L_out=24.302  L_uniform=473.52  L_min_j=[0]  L_spread=[0]
  Iter  63/100  loss=3108.1946  (1.7s)
  [dbg] mean SINR_dB inside : 6.67828
  [dbg] mean SINR_dB outside: -6.94412
  [dbg] L_in=306.683  L_out=24.6028  L_uniform=472.773  L_min_j=[0]  L_spread=[0]
  Iter  64/100  loss=3114.1042  (2.3s)
  [dbg] mean SINR_dB inside : 6.85697
  [dbg] mean SINR_dB outside: -6.77925
  [dbg] L_in=298.642  L_out=24.9233  L_uniform=464.708  L_min_j=[0]  L_spread=[0]
  Iter  65/100  loss=3032.8860  (1.8s)
  [dbg] mean SINR_dB inside : 6.64672
  [dbg] mean SINR_dB outside: -6.78428
  [dbg] L_in=309.54  L_out=24.7873  L_uniform=477.098  L_min_j=[0]  L_spread=[0]
  Iter  66/100  loss=3143.1089  (1.7s)
  [dbg] mean SINR_dB inside : 6.82448
  [dbg] mean SINR_dB outside: -6.71876
  [dbg] L_in=303.162  L_out=25.0588  L_uniform=472.25  L_min_j=[0]  L_spread=[0]
  Iter  67/100  loss=3078.8455  (1.7s)
  [dbg] mean SINR_dB inside : 6.88271
  [dbg] mean SINR_dB outside: -6.73595
  [dbg] L_in=299.898  L_out=25.3204  L_uniform=468.371  L_min_j=[0]  L_spread=[0]
  Iter  68/100  loss=3045.8206  (1.7s)
  [dbg] mean SINR_dB inside : 6.85773
  [dbg] mean SINR_dB outside: -6.58393
  [dbg] L_in=301.132  L_out=25.2519  L_uniform=469.763  L_min_j=[0]  L_spread=[0]
  Iter  69/100  loss=3058.2944  (1.7s)
  [dbg] mean SINR_dB inside : 6.76993
  [dbg] mean SINR_dB outside: -6.6962
  [dbg] L_in=306.026  L_out=25.0695  L_uniform=475.615  L_min_j=[0]  L_spread=[0]
  Iter  70/100  loss=3107.8257  (1.4s)
  [dbg] mean SINR_dB inside : 6.90478
  [dbg] mean SINR_dB outside: -6.69128
  [dbg] L_in=298.814  L_out=25.2432  L_uniform=467.238  L_min_j=[0]  L_spread=[0]
  Iter  71/100  loss=3034.8687  (1.4s)
  [dbg] mean SINR_dB inside : 6.9229
  [dbg] mean SINR_dB outside: -6.75265
  [dbg] L_in=298.226  L_out=25.432  L_uniform=466.903  L_min_j=[0]  L_spread=[0]
  Iter  72/100  loss=3028.9507  (1.7s)
  [dbg] mean SINR_dB inside : 6.85519
  [dbg] mean SINR_dB outside: -6.88052
  [dbg] L_in=301.256  L_out=25.4406  L_uniform=469.969  L_min_j=[0]  L_spread=[0]
  Iter  73/100  loss=3059.5581  (1.4s)
  [dbg] mean SINR_dB inside : 6.90434
  [dbg] mean SINR_dB outside: -6.83636
  [dbg] L_in=298.47  L_out=25.0727  L_uniform=466.502  L_min_j=[0]  L_spread=[0]
  Iter  74/100  loss=3031.3506  (1.6s)
  [dbg] mean SINR_dB inside : 6.85012
  [dbg] mean SINR_dB outside: -6.70208
  [dbg] L_in=302.899  L_out=25.4385  L_uniform=473.01  L_min_j=[0]  L_spread=[0]
  Iter  75/100  loss=3076.2920  (1.6s)
  [dbg] mean SINR_dB inside : 6.95349
  [dbg] mean SINR_dB outside: -6.56684
  [dbg] L_in=297.22  L_out=25.3553  L_uniform=466.255  L_min_j=[0]  L_spread=[0]
  Iter  76/100  loss=3018.8247  (1.7s)
  [dbg] mean SINR_dB inside : 7.0264
  [dbg] mean SINR_dB outside: -6.72803
  [dbg] L_in=293.715  L_out=25.4441  L_uniform=462.466  L_min_j=[0]  L_spread=[0]
  Iter  77/100  loss=2983.4011  (1.4s)
  [dbg] mean SINR_dB inside : 6.84735
  [dbg] mean SINR_dB outside: -6.71379
  [dbg] L_in=301.224  L_out=25.294  L_uniform=469.552  L_min_j=[0]  L_spread=[0]
  Iter  78/100  loss=3059.1968  (1.4s)
  [dbg] mean SINR_dB inside : 7.02242
  [dbg] mean SINR_dB outside: -6.82597
  [dbg] L_in=293.525  L_out=25.7714  L_uniform=461.867  L_min_j=[0]  L_spread=[0]
  Iter  79/100  loss=2981.4412  (1.4s)
  [dbg] mean SINR_dB inside : 7.07955
  [dbg] mean SINR_dB outside: -6.84125
  [dbg] L_in=291.372  L_out=25.2715  L_uniform=460.091  L_min_j=[0]  L_spread=[0]
  Iter  80/100  loss=2959.7283  (1.7s)
  [dbg] mean SINR_dB inside : 6.89645
  [dbg] mean SINR_dB outside: -6.80397
  [dbg] L_in=302.269  L_out=25.1532  L_uniform=473.877  L_min_j=[0]  L_spread=[0]
  Iter  81/100  loss=3070.0818  (1.6s)
  [dbg] mean SINR_dB inside : 7.0107
  [dbg] mean SINR_dB outside: -6.80295
  [dbg] L_in=296.944  L_out=25.1302  L_uniform=468.128  L_min_j=[0]  L_spread=[0]
  Iter  82/100  loss=3016.2573  (1.4s)
  [dbg] mean SINR_dB inside : 6.86448
  [dbg] mean SINR_dB outside: -6.56811
  [dbg] L_in=305.896  L_out=25.5538  L_uniform=479.635  L_min_j=[0]  L_spread=[0]
  Iter  83/100  loss=3106.9192  (1.5s)
  [dbg] mean SINR_dB inside : 6.91225
  [dbg] mean SINR_dB outside: -6.67429
  [dbg] L_in=301.759  L_out=25.4617  L_uniform=473.492  L_min_j=[0]  L_spread=[0]
  Iter  84/100  loss=3064.9417  (1.4s)
  [dbg] mean SINR_dB inside : 6.98046
  [dbg] mean SINR_dB outside: -6.76448
  [dbg] L_in=298.327  L_out=25.5294  L_uniform=469.612  L_min_j=[0]  L_spread=[0]
  Iter  85/100  loss=3030.2300  (1.7s)
  [dbg] mean SINR_dB inside : 6.88644
  [dbg] mean SINR_dB outside: -6.57328
  [dbg] L_in=302.026  L_out=25.5613  L_uniform=472.865  L_min_j=[0]  L_spread=[0]
  Iter  86/100  loss=3067.5476  (1.6s)
  [dbg] mean SINR_dB inside : 7.1177
  [dbg] mean SINR_dB outside: -6.79147
  [dbg] L_in=293.365  L_out=25.8165  L_uniform=465.815  L_min_j=[0]  L_spread=[0]
  Iter  87/100  loss=2980.2324  (1.6s)
  [dbg] mean SINR_dB inside : 7.01902
  [dbg] mean SINR_dB outside: -6.59606
  [dbg] L_in=295.832  L_out=25.9124  L_uniform=466.337  L_min_j=[0]  L_spread=[0]
  Iter  88/100  loss=3004.9487  (1.6s)
  [dbg] mean SINR_dB inside : 7.0504
  [dbg] mean SINR_dB outside: -6.73998
  [dbg] L_in=296.254  L_out=25.3233  L_uniform=468.588  L_min_j=[0]  L_spread=[0]
  Iter  89/100  loss=3009.4033  (1.4s)
  [dbg] mean SINR_dB inside : 7.00349
  [dbg] mean SINR_dB outside: -6.74218
  [dbg] L_in=297.77  L_out=25.7203  L_uniform=469.53  L_min_j=[0]  L_spread=[0]
  Iter  90/100  loss=3024.6536  (1.4s)
  [dbg] mean SINR_dB inside : 7.05682
  [dbg] mean SINR_dB outside: -6.73482
  [dbg] L_in=292.438  L_out=25.5785  L_uniform=461.255  L_min_j=[0]  L_spread=[0]
  Iter  91/100  loss=2970.5078  (1.7s)
  [dbg] mean SINR_dB inside : 6.93496
  [dbg] mean SINR_dB outside: -6.73953
  [dbg] L_in=302.672  L_out=25.287  L_uniform=476.371  L_min_j=[0]  L_spread=[0]
  Iter  92/100  loss=3074.3611  (1.7s)
  [dbg] mean SINR_dB inside : 7.12133
  [dbg] mean SINR_dB outside: -6.6788
  [dbg] L_in=291.835  L_out=25.4408  L_uniform=462.892  L_min_j=[0]  L_spread=[0]
  Iter  93/100  loss=2964.6418  (1.6s)
  [dbg] mean SINR_dB inside : 7.0494
  [dbg] mean SINR_dB outside: -6.65458
  [dbg] L_in=294.901  L_out=25.5184  L_uniform=465.821  L_min_j=[0]  L_spread=[0]
  Iter  94/100  loss=2995.5901  (1.4s)
  [dbg] mean SINR_dB inside : 6.95363
  [dbg] mean SINR_dB outside: -6.66062
  [dbg] L_in=299.702  L_out=25.4155  L_uniform=471.192  L_min_j=[0]  L_spread=[0]
  Iter  95/100  loss=3044.1353  (1.6s)
  [dbg] mean SINR_dB inside : 6.96142
  [dbg] mean SINR_dB outside: -6.53541
  [dbg] L_in=298.663  L_out=25.7159  L_uniform=469.407  L_min_j=[0]  L_spread=[0]
  Iter  96/100  loss=3033.5740  (1.6s)
  [dbg] mean SINR_dB inside : 7.13162
  [dbg] mean SINR_dB outside: -6.75839
  [dbg] L_in=289.469  L_out=25.4546  L_uniform=458.516  L_min_j=[0]  L_spread=[0]
  Iter  97/100  loss=2940.5403  (1.7s)
  [dbg] mean SINR_dB inside : 6.9584
  [dbg] mean SINR_dB outside: -6.56109
  [dbg] L_in=299.589  L_out=25.3867  L_uniform=471.164  L_min_j=[0]  L_spread=[0]
  Iter  98/100  loss=3043.0078  (1.7s)
  [dbg] mean SINR_dB inside : 7.02289
  [dbg] mean SINR_dB outside: -6.77988
  [dbg] L_in=298.18  L_out=25.3542  L_uniform=471.266  L_min_j=[0]  L_spread=[0]
  Iter  99/100  loss=3028.9250  (1.6s)
  [dbg] mean SINR_dB inside : 6.97212
  [dbg] mean SINR_dB outside: -6.8323
  [dbg] L_in=298.014  L_out=25.5114  L_uniform=468.644  L_min_j=[0]  L_spread=[0][0m[31m2026-05-25 00:06:58 WARN  [HDRFilm] Monochrome mode enabled, setting film output pixel format to 'luminance' (was rgb).

  Iter 100/100  loss=3027.0042  (1.4s)

======================================================================
OPTIMIZATION COMPLETE  (174.9s)
  bs_0: Az=153.2°, El=-9.3°, pos=(443.9, -261.7)
  bs_1: Az=313.2°, El=-6.2°, pos=(-421.7, 417.2)
  bs_2: Az=131.2°, El=-7.3°, pos=(198.0, -518.5)
  bs_3: Az=15.0°, El=-7.6°, pos=(-486.8, -217.7)
======================================================================

  Warm-up: 174.9s total, 1.75s/iter
  Run 2: Joint optimization (100 iter, BS positions frozen)
-700.0

======================================================================
MULTI-TX SIR OPTIMIZATION  (4 transmitters)
======================================================================
Pre-created 2962 receivers (1000 inside + 1962 outside) across 4 base stations
Tx Position: [-592.2704467773438, -217.19412231445312, 50.0]
look_at_position: [-66.66666666666667, -66.66666666666667, 1.5]
Tx Position: [-158.08018493652344, -597.094482421875, 50.0]
look_at_position: [-66.66666666666667, -66.66666666666667, 1.5]
Tx Position: [562.7467041015625, -516.2476196289062, 50.0]
look_at_position: [-66.66666666666667, -66.66666666666667, 1.5]
Tx Position: [600.0, -66.66666412353516, 50.0]
look_at_position: [-66.66666666666667, -66.66666666666667, 1.5]
Tx Position: [464.6463623046875, 39.018062591552734, 50.0]
look_at_position: [-66.66666666666667, -66.66666666666667, 1.5]
Tx Position: [279.05682373046875, 76.53668975830078, 50.0]
look_at_position: [-66.66666666666667, -66.66666666666667, 1.5]
Tx Position: [199.40097045898438, 111.11404418945312, 50.0]
look_at_position: [-66.66666666666667, -66.66666666666667, 1.5]
Tx Position: [141.42135620117188, 141.42135620117188, 50.0]
look_at_position: [-66.66666666666667, -66.66666666666667, 1.5]
  [dbg] mean SINR_dB inside : -5.7196
  [dbg] mean SINR_dB outside: -20.6166
  [dbg] L_in=922.664  L_out=-140.244  L_uniform=996.874  L_min_j=0.5  L_spread=[0]
  Iter   1/100  loss=6078.5557  (14.2s)
  [dbg] mean SINR_dB inside : -1.57798
  [dbg] mean SINR_dB outside: -16.2497
  [dbg] L_in=678.405  L_out=-107.284  L_uniform=778.792  L_min_j=0.475021  L_spread=[0]
  Iter   2/100  loss=4432.2739  (4.1s)
  [dbg] mean SINR_dB inside : -0.726549
  [dbg] mean SINR_dB outside: -15.9747
  [dbg] L_in=625.331  L_out=-106.144  L_uniform=723.988  L_min_j=0.451846  L_spread=[0]
  Iter   3/100  loss=4013.6045  (4.1s)
  [dbg] mean SINR_dB inside : -0.416825
  [dbg] mean SINR_dB outside: -15.7896
  [dbg] L_in=608.947  L_out=-105.259  L_uniform=709.537  L_min_j=0.429362  L_spread=[0]
  Iter   4/100  loss=3889.9414  (3.9s)
  [dbg] mean SINR_dB inside : -0.264712
  [dbg] mean SINR_dB outside: -15.1511
  [dbg] L_in=603.904  L_out=-100.962  L_uniform=708.375  L_min_j=0.407587  L_spread=[0]
  Iter   5/100  loss=3892.4426  (4.0s)
  [dbg] mean SINR_dB inside : -0.0782714
  [dbg] mean SINR_dB outside: -15.4378
  [dbg] L_in=597.766  L_out=-103.051  L_uniform=706.973  L_min_j=0.386762  L_spread=[0]
  Iter   6/100  loss=3822.3188  (3.9s)
  [dbg] mean SINR_dB inside : 0.284612
  [dbg] mean SINR_dB outside: -15.5069
  [dbg] L_in=578.342  L_out=-103.754  L_uniform=689.095  L_min_j=0.367047  L_spread=[0]
  Iter   7/100  loss=3658.1099  (3.9s)
  [dbg] mean SINR_dB inside : 0.517045
  [dbg] mean SINR_dB outside: -15.1974
  [dbg] L_in=567.632  L_out=-101.928  L_uniform=680.967  L_min_j=0.348666  L_spread=[0]
  Iter   8/100  loss=3589.8723  (3.9s)
  [dbg] mean SINR_dB inside : 0.907868
  [dbg] mean SINR_dB outside: -15.0102
  [dbg] L_in=546.268  L_out=-100.825  L_uniform=660.348  L_min_j=0.331829  L_spread=[0]
  Iter   9/100  loss=3427.9333  (3.8s)
  [dbg] mean SINR_dB inside : 1.07796
  [dbg] mean SINR_dB outside: -15.1618
  [dbg] L_in=545.853  L_out=-101.988  L_uniform=669.044  L_min_j=0.316853  L_spread=[0]
  Iter  10/100  loss=3413.8530  (3.8s)
  [dbg] mean SINR_dB inside : 1.36374
  [dbg] mean SINR_dB outside: -14.8626
  [dbg] L_in=521.922  L_out=-100.046  L_uniform=637.058  L_min_j=0.303614  L_spread=[0]
  Iter  11/100  loss=3238.6282  (4.3s)
  [dbg] mean SINR_dB inside : 1.51646
  [dbg] mean SINR_dB outside: -14.7465
  [dbg] L_in=515.721  L_out=-99.4249  L_uniform=633.071  L_min_j=0.292178  L_spread=[0]
  Iter  12/100  loss=3194.8267  (4.4s)
  [dbg] mean SINR_dB inside : 1.52604
  [dbg] mean SINR_dB outside: -14.8078
  [dbg] L_in=516.579  L_out=-100.03  L_uniform=635.313  L_min_j=0.282394  L_spread=[0]
  Iter  13/100  loss=3195.8623  (4.4s)
  [dbg] mean SINR_dB inside : 1.81189
  [dbg] mean SINR_dB outside: -14.5842
  [dbg] L_in=500.272  L_out=-98.4491  L_uniform=618.323  L_min_j=0.273932  L_spread=[0]
  Iter  14/100  loss=3079.5151  (4.3s)
  [dbg] mean SINR_dB inside : 1.63118
  [dbg] mean SINR_dB outside: -14.7746
  [dbg] L_in=515.135  L_out=-100.029  L_uniform=638.19  L_min_j=0.26666  L_spread=[0]
  Iter  15/100  loss=3184.6050  (4.4s)
  [dbg] mean SINR_dB inside : 1.8279
  [dbg] mean SINR_dB outside: -14.7471
  [dbg] L_in=505.562  L_out=-99.9653  L_uniform=629.771  L_min_j=0.260445  L_spread=[0]
  Iter  16/100  loss=3107.8210  (4.1s)
  [dbg] mean SINR_dB inside : 2.08098
  [dbg] mean SINR_dB outside: -14.7153
  [dbg] L_in=491.929  L_out=-99.6485  L_uniform=616.193  L_min_j=0.255125  L_spread=[0]
  Iter  17/100  loss=3000.5649  (4.1s)
  [dbg] mean SINR_dB inside : 2.06823
  [dbg] mean SINR_dB outside: -14.4308
  [dbg] L_in=499.105  L_out=-97.4766  L_uniform=629.858  L_min_j=0.25063  L_spread=[0]
  Iter  18/100  loss=3081.0593  (4.3s)
  [dbg] mean SINR_dB inside : 2.12797
  [dbg] mean SINR_dB outside: -14.4792
  [dbg] L_in=490.098  L_out=-97.8923  L_uniform=615.058  L_min_j=0.246911  L_spread=[0]
  Iter  19/100  loss=3003.3694  (4.4s)
  [dbg] mean SINR_dB inside : 2.06134
  [dbg] mean SINR_dB outside: -14.4745
  [dbg] L_in=495.176  L_out=-97.9151  L_uniform=621.628  L_min_j=0.243852  L_spread=[0]
  Iter  20/100  loss=3044.4189  (4.3s)
  [dbg] mean SINR_dB inside : 2.08084
  [dbg] mean SINR_dB outside: -14.302
  [dbg] L_in=498.142  L_out=-96.7338  L_uniform=628.608  L_min_j=0.241391  L_spread=[0]
  Iter  21/100  loss=3080.6572  (4.1s)
  [dbg] mean SINR_dB inside : 2.36183
  [dbg] mean SINR_dB outside: -14.4313
  [dbg] L_in=478.489  L_out=-97.6779  L_uniform=604.35  L_min_j=0.239512  L_spread=[0]
  Iter  22/100  loss=2911.5676  (4.3s)
  [dbg] mean SINR_dB inside : 2.37592
  [dbg] mean SINR_dB outside: -14.4017
  [dbg] L_in=480.506  L_out=-97.5609  L_uniform=609.133  L_min_j=0.238195  L_spread=[0]
  Iter  23/100  loss=2929.3533  (4.3s)
  [dbg] mean SINR_dB inside : 2.53705
  [dbg] mean SINR_dB outside: -14.4505
  [dbg] L_in=470.576  L_out=-97.7835  L_uniform=597.823  L_min_j=0.237409  L_spread=[0]
  Iter  24/100  loss=2846.5530  (4.3s)
  [dbg] mean SINR_dB inside : 2.55594
  [dbg] mean SINR_dB outside: -14.35
  [dbg] L_in=475.095  L_out=-97.023  L_uniform=607.857  L_min_j=0.237134  L_spread=[0]
  Iter  25/100  loss=2891.3142  (4.1s)
  [dbg] mean SINR_dB inside : 2.8114
  [dbg] mean SINR_dB outside: -14.4714
  [dbg] L_in=462.261  L_out=-97.7484  L_uniform=595.635  L_min_j=0.237294  L_spread=[0]
  Iter  26/100  loss=2780.1685  (4.3s)
  [dbg] mean SINR_dB inside : 2.7148
  [dbg] mean SINR_dB outside: -14.4802
  [dbg] L_in=468.58  L_out=-97.8572  L_uniform=603.202  L_min_j=0.237907  L_spread=[0]
  Iter  27/100  loss=2830.3877  (4.3s)
  [dbg] mean SINR_dB inside : 2.8398
  [dbg] mean SINR_dB outside: -14.6211
  [dbg] L_in=463.639  L_out=-98.8373  L_uniform=599.875  L_min_j=0.23893  L_spread=[0]
  Iter  28/100  loss=2780.7263  (4.3s)
  [dbg] mean SINR_dB inside : 2.8757
  [dbg] mean SINR_dB outside: -14.4723
  [dbg] L_in=462.137  L_out=-97.75  L_uniform=598.746  L_min_j=0.240313  L_spread=[0]
  Iter  29/100  loss=2779.4727  (4.0s)
  [dbg] mean SINR_dB inside : 3.02944
  [dbg] mean SINR_dB outside: -14.5208
  [dbg] L_in=452.062  L_out=-98.043  L_uniform=586.606  L_min_j=0.241946  L_spread=[0]
  Iter  30/100  loss=2694.7285  (5.2s)
  [dbg] mean SINR_dB inside : 2.97234
  [dbg] mean SINR_dB outside: -14.5068
  [dbg] L_in=457.497  L_out=-97.7842  L_uniform=594.507  L_min_j=0.243772  L_spread=[0]
  Iter  31/100  loss=2741.5862  (4.1s)
  [dbg] mean SINR_dB inside : 2.93782
  [dbg] mean SINR_dB outside: -14.4235
  [dbg] L_in=463.463  L_out=-96.7639  L_uniform=604.641  L_min_j=0.245775  L_spread=[0]
  Iter  32/100  loss=2800.5281  (3.9s)
  [dbg] mean SINR_dB inside : 3.07997
  [dbg] mean SINR_dB outside: -14.4555
  [dbg] L_in=455.942  L_out=-97.0106  L_uniform=596.99  L_min_j=0.247957  L_spread=[0]
  Iter  33/100  loss=2737.1316  (3.9s)
  [dbg] mean SINR_dB inside : 3.15397
  [dbg] mean SINR_dB outside: -14.2537
  [dbg] L_in=452.054  L_out=-95.2371  L_uniform=593.047  L_min_j=0.250281  L_spread=[0]
  Iter  34/100  loss=2723.3643  (4.0s)
  [dbg] mean SINR_dB inside : 3.30643
  [dbg] mean SINR_dB outside: -14.3327
  [dbg] L_in=442.004  L_out=-95.764  L_uniform=580.805  L_min_j=0.252701  L_spread=[0]
  Iter  35/100  loss=2636.4683  (3.9s)
  [dbg] mean SINR_dB inside : 3.37206
  [dbg] mean SINR_dB outside: -14.1369
  [dbg] L_in=437.427  L_out=-94.4162  L_uniform=575.018  L_min_j=0.255235  L_spread=[0]
  Iter  36/100  loss=2612.7532  (3.9s)
  [dbg] mean SINR_dB inside : 3.28608
  [dbg] mean SINR_dB outside: -14.2059
  [dbg] L_in=445.368  L_out=-95.0524  L_uniform=586.488  L_min_j=0.25783  L_spread=[0]
  Iter  37/100  loss=2671.0718  (4.0s)
  [dbg] mean SINR_dB inside : 3.37909
  [dbg] mean SINR_dB outside: -14.3209
  [dbg] L_in=440.234  L_out=-95.8918  L_uniform=580.996  L_min_j=0.26049  L_spread=[0]
  Iter  38/100  loss=2621.0530  (3.9s)
  [dbg] mean SINR_dB inside : 3.2923
  [dbg] mean SINR_dB outside: -14.4127
  [dbg] L_in=447.646  L_out=-96.3647  L_uniform=591.364  L_min_j=0.263182  L_spread=[0]
  Iter  39/100  loss=2676.6545  (3.9s)
  [dbg] mean SINR_dB inside : 3.38856
  [dbg] mean SINR_dB outside: -14.3445
  [dbg] L_in=442.301  L_out=-95.8678  L_uniform=585.617  L_min_j=0.265949  L_spread=[0]
  Iter  40/100  loss=2638.2920  (3.9s)
  [dbg] mean SINR_dB inside : 3.41629
  [dbg] mean SINR_dB outside: -14.2238
  [dbg] L_in=442.697  L_out=-95.0423  L_uniform=587.833  L_min_j=0.268744  L_spread=[0]
  Iter  41/100  loss=2649.9365  (4.5s)
  [dbg] mean SINR_dB inside : 3.54183
  [dbg] mean SINR_dB outside: -14.2057
  [dbg] L_in=434.075  L_out=-95.0341  L_uniform=576.995  L_min_j=0.271594  L_spread=[0]
  Iter  42/100  loss=2579.9583  (3.9s)
  [dbg] mean SINR_dB inside : 3.75114
  [dbg] mean SINR_dB outside: -14.1893
  [dbg] L_in=420.149  L_out=-94.9117  L_uniform=559.757  L_min_j=0.274453  L_spread=[0]
  Iter  43/100  loss=2468.0486  (3.9s)
  [dbg] mean SINR_dB inside : 3.66256
  [dbg] mean SINR_dB outside: -13.8497
  [dbg] L_in=426.977  L_out=-92.6183  L_uniform=568.936  L_min_j=0.277353  L_spread=[0]
  Iter  44/100  loss=2546.5269  (3.9s)
  [dbg] mean SINR_dB inside : 3.49413
  [dbg] mean SINR_dB outside: -13.997
  [dbg] L_in=442.53  L_out=-93.6509  L_uniform=591.483  L_min_j=0.280237  L_spread=[0]
  Iter  45/100  loss=2662.8813  (4.0s)
  [dbg] mean SINR_dB inside : 3.69828
  [dbg] mean SINR_dB outside: -13.8951
  [dbg] L_in=427.014  L_out=-92.9299  L_uniform=570.823  L_min_j=0.283085  L_spread=[0]
  Iter  46/100  loss=2543.8977  (3.9s)
  [dbg] mean SINR_dB inside : 3.76052
  [dbg] mean SINR_dB outside: -13.606
  [dbg] L_in=423.29  L_out=-90.9834  L_uniform=566.523  L_min_j=0.285978  L_spread=[0]
  Iter  47/100  loss=2533.1389  (3.9s)
  [dbg] mean SINR_dB inside : 3.90268
  [dbg] mean SINR_dB outside: -14.0307
  [dbg] L_in=416.18  L_out=-93.9108  L_uniform=559.463  L_min_j=0.288887  L_spread=[0]
  Iter  48/100  loss=2446.2812  (3.9s)
  [dbg] mean SINR_dB inside : 4.02451
  [dbg] mean SINR_dB outside: -13.9075
  [dbg] L_in=408.897  L_out=-93.14  L_uniform=550.999  L_min_j=0.291846  L_spread=[0]
  Iter  49/100  loss=2394.8745  (3.9s)
  [dbg] mean SINR_dB inside : 3.97506
  [dbg] mean SINR_dB outside: -13.7737
  [dbg] L_in=414.382  L_out=-92.2084  L_uniform=559.496  L_min_j=0.294814  L_spread=[0]
  Iter  50/100  loss=2448.9189  (3.7s)
  [dbg] mean SINR_dB inside : 3.84079
  [dbg] mean SINR_dB outside: -13.7301
  [dbg] L_in=422.501  L_out=-91.8199  L_uniform=568.997  L_min_j=0.29781  L_spread=[0]
  Iter  51/100  loss=2518.7051  (3.9s)
  [dbg] mean SINR_dB inside : 4.06335
  [dbg] mean SINR_dB outside: -13.6633
  [dbg] L_in=409.576  L_out=-91.3677  L_uniform=554.299  L_min_j=0.300813  L_spread=[0]
  Iter  52/100  loss=2418.3599  (3.9s)
  [dbg] mean SINR_dB inside : 4.0711
  [dbg] mean SINR_dB outside: -13.687
  [dbg] L_in=408.363  L_out=-91.5495  L_uniform=552.259  L_min_j=0.303804  L_spread=[0]
  Iter  53/100  loss=2406.6335  (3.9s)
  [dbg] mean SINR_dB inside : 4.09789
  [dbg] mean SINR_dB outside: -13.5381
  [dbg] L_in=409.446  L_out=-90.349  L_uniform=555.765  L_min_j=0.30677  L_spread=[0]
  Iter  54/100  loss=2427.6562  (3.7s)
  [dbg] mean SINR_dB inside : 4.34688
  [dbg] mean SINR_dB outside: -13.6052
  [dbg] L_in=394.634  L_out=-90.8215  L_uniform=538.48  L_min_j=0.309725  L_spread=[0]
  Iter  55/100  loss=2302.7019  (3.9s)
  [dbg] mean SINR_dB inside : 4.29522
  [dbg] mean SINR_dB outside: -13.7694
  [dbg] L_in=396.339  L_out=-91.9524  L_uniform=539.338  L_min_j=0.312652  L_spread=[0]
  Iter  56/100  loss=2305.1213  (3.9s)
  [dbg] mean SINR_dB inside : 4.09166
  [dbg] mean SINR_dB outside: -13.6448
  [dbg] L_in=411.053  L_out=-91.0689  L_uniform=558.678  L_min_j=0.315536  L_spread=[0]
  Iter  57/100  loss=2433.6047  (3.9s)
  [dbg] mean SINR_dB inside : 4.32136
  [dbg] mean SINR_dB outside: -13.5598
  [dbg] L_in=398.508  L_out=-90.4099  L_uniform=544.97  L_min_j=0.318353  L_spread=[0]
  Iter  58/100  loss=2338.4604  (3.9s)
  [dbg] mean SINR_dB inside : 4.27875
  [dbg] mean SINR_dB outside: -13.573
  [dbg] L_in=400.176  L_out=-90.5152  L_uniform=546.205  L_min_j=0.321102  L_spread=[0]
  Iter  59/100  loss=2350.8743  (3.9s)
  [dbg] mean SINR_dB inside : 4.2987
  [dbg] mean SINR_dB outside: -13.6672
  [dbg] L_in=400.579  L_out=-91.0687  L_uniform=548  L_min_j=0.323767  L_spread=[0]
  Iter  60/100  loss=2348.7461  (3.7s)
  [dbg] mean SINR_dB inside : 4.43632
  [dbg] mean SINR_dB outside: -13.4845
  [dbg] L_in=393.688  L_out=-89.8679  L_uniform=541  L_min_j=0.326353  L_spread=[0]
  Iter  61/100  loss=2304.9287  (3.9s)
  [dbg] mean SINR_dB inside : 4.31479
  [dbg] mean SINR_dB outside: -13.2787
  [dbg] L_in=400.895  L_out=-88.2668  L_uniform=549.436  L_min_j=0.32886  L_spread=[0]
  Iter  62/100  loss=2379.4348  (3.9s)
  [dbg] mean SINR_dB inside : 4.3462
  [dbg] mean SINR_dB outside: -13.4526
  [dbg] L_in=398.496  L_out=-89.4652  L_uniform=546.186  L_min_j=0.331287  L_spread=[0]
  Iter  63/100  loss=2347.9329  (3.7s)
  [dbg] mean SINR_dB inside : 4.4459
  [dbg] mean SINR_dB outside: -13.4955
  [dbg] L_in=391.994  L_out=-89.6818  L_uniform=538.091  L_min_j=0.33363  L_spread=[0]
  Iter  64/100  loss=2292.9424  (3.9s)
  [dbg] mean SINR_dB inside : 4.38046
  [dbg] mean SINR_dB outside: -13.4637
  [dbg] L_in=397.161  L_out=-89.4402  L_uniform=545.206  L_min_j=0.335882  L_spread=[0]
  Iter  65/100  loss=2337.4041  (3.7s)
  [dbg] mean SINR_dB inside : 4.38103
  [dbg] mean SINR_dB outside: -13.3155
  [dbg] L_in=399.51  L_out=-88.3157  L_uniform=549.935  L_min_j=0.338038  L_spread=[0]
  Iter  66/100  loss=2367.9182  (3.7s)
  [dbg] mean SINR_dB inside : 4.49089
  [dbg] mean SINR_dB outside: -13.3336
  [dbg] L_in=393.561  L_out=-88.525  L_uniform=543.435  L_min_j=0.340095  L_spread=[0]
  Iter  67/100  loss=2317.5833  (3.7s)
  [dbg] mean SINR_dB inside : 4.57788
  [dbg] mean SINR_dB outside: -13.2796
  [dbg] L_in=385.17  L_out=-88.0894  L_uniform=530.914  L_min_j=0.342055  L_spread=[0]
  Iter  68/100  loss=2253.5610  (3.9s)
  [dbg] mean SINR_dB inside : 4.52616
  [dbg] mean SINR_dB outside: -13.1245
  [dbg] L_in=389.028  L_out=-86.9251  L_uniform=536.102  L_min_j=0.343919  L_spread=[0]
  Iter  69/100  loss=2296.5830  (3.9s)
  [dbg] mean SINR_dB inside : 4.36447
  [dbg] mean SINR_dB outside: -13.3384
  [dbg] L_in=400.141  L_out=-88.2857  L_uniform=550.389  L_min_j=0.345676  L_spread=[0]
  Iter  70/100  loss=2373.3101  (3.7s)
  [dbg] mean SINR_dB inside : 4.33145
  [dbg] mean SINR_dB outside: -13.2511
  [dbg] L_in=402.611  L_out=-87.6963  L_uniform=553.701  L_min_j=0.347329  L_spread=[0]
  Iter  71/100  loss=2399.2986  (3.6s)
  [dbg] mean SINR_dB inside : 4.51355
  [dbg] mean SINR_dB outside: -13.1626
  [dbg] L_in=393.27  L_out=-87.0189  L_uniform=543.974  L_min_j=0.348888  L_spread=[0]
  Iter  72/100  loss=2330.3704  (3.6s)
  [dbg] mean SINR_dB inside : 4.57151
  [dbg] mean SINR_dB outside: -13.4618
  [dbg] L_in=389.863  L_out=-89.2129  L_uniform=540.003  L_min_j=0.350374  L_spread=[0]
  Iter  73/100  loss=2280.7729  (3.9s)
  [dbg] mean SINR_dB inside : 4.51777
  [dbg] mean SINR_dB outside: -13.3596
  [dbg] L_in=392.081  L_out=-88.4  L_uniform=541.801  L_min_j=0.351766  L_spread=[0]
  Iter  74/100  loss=2306.8311  (3.9s)
  [dbg] mean SINR_dB inside : 4.61888
  [dbg] mean SINR_dB outside: -13.2595
  [dbg] L_in=386.909  L_out=-87.6409  L_uniform=536.396  L_min_j=0.353063  L_spread=[0]
  Iter  75/100  loss=2272.5061  (3.7s)
  [dbg] mean SINR_dB inside : 4.68643
  [dbg] mean SINR_dB outside: -13.2942
  [dbg] L_in=383.653  L_out=-88.0399  L_uniform=533.177  L_min_j=0.354281  L_spread=[0]
  Iter  76/100  loss=2242.1450  (3.6s)
  [dbg] mean SINR_dB inside : 4.76382
  [dbg] mean SINR_dB outside: -13.3293
  [dbg] L_in=377.359  L_out=-88.1192  L_uniform=524.357  L_min_j=0.355415  L_spread=[0]
  Iter  77/100  loss=2190.1179  (3.6s)
  [dbg] mean SINR_dB inside : 4.69818
  [dbg] mean SINR_dB outside: -13.3368
  [dbg] L_in=382.176  L_out=-88.2332  L_uniform=530.794  L_min_j=0.35646  L_spread=[0]
  Iter  78/100  loss=2228.1565  (3.7s)
  [dbg] mean SINR_dB inside : 4.77819
  [dbg] mean SINR_dB outside: -13.4174
  [dbg] L_in=376.943  L_out=-88.7072  L_uniform=524.21  L_min_j=0.357429  L_spread=[0]
  Iter  79/100  loss=2180.8918  (3.9s)
  [dbg] mean SINR_dB inside : 4.67586
  [dbg] mean SINR_dB outside: -13.2141
  [dbg] L_in=383.354  L_out=-87.3372  L_uniform=532.067  L_min_j=0.358332  L_spread=[0]
  Iter  80/100  loss=2246.6641  (3.9s)
  [dbg] mean SINR_dB inside : 4.66407
  [dbg] mean SINR_dB outside: -13.3485
  [dbg] L_in=383.704  L_out=-88.1774  L_uniform=532.192  L_min_j=0.359163  L_spread=[0]
  Iter  81/100  loss=2241.0752  (3.6s)
  [dbg] mean SINR_dB inside : 4.7092
  [dbg] mean SINR_dB outside: -13.4293
  [dbg] L_in=382.45  L_out=-88.9172  L_uniform=531.879  L_min_j=0.359922  L_spread=[0]
  Iter  82/100  loss=2223.6167  (3.7s)
  [dbg] mean SINR_dB inside : 4.72552
  [dbg] mean SINR_dB outside: -13.2091
  [dbg] L_in=381.298  L_out=-87.1787  L_uniform=530.372  L_min_j=0.36061  L_spread=[0]
  Iter  83/100  loss=2231.6350  (4.9s)
  [dbg] mean SINR_dB inside : 4.60105
  [dbg] mean SINR_dB outside: -13.3471
  [dbg] L_in=391.061  L_out=-88.2278  L_uniform=543.836  L_min_j=0.361232  L_spread=[0]
  Iter  84/100  loss=2300.5906  (3.6s)
  [dbg] mean SINR_dB inside : 4.78241
  [dbg] mean SINR_dB outside: -13.1103
  [dbg] L_in=377.642  L_out=-86.536  L_uniform=525.812  L_min_j=0.361785  L_spread=[0]
  Iter  85/100  loss=2208.3540  (3.9s)
  [dbg] mean SINR_dB inside : 4.71122
  [dbg] mean SINR_dB outside: -13.2628
  [dbg] L_in=383.078  L_out=-87.5966  L_uniform=533.242  L_min_j=0.362275  L_spread=[0]
  Iter  86/100  loss=2241.9788  (3.9s)
  [dbg] mean SINR_dB inside : 4.60068
  [dbg] mean SINR_dB outside: -13.3779
  [dbg] L_in=386.235  L_out=-88.4728  L_uniform=534.166  L_min_j=0.362704  L_spread=[0]
  Iter  87/100  loss=2258.5659  (3.7s)
  [dbg] mean SINR_dB inside : 4.71413
  [dbg] mean SINR_dB outside: -13.412
  [dbg] L_in=380.529  L_out=-88.6509  L_uniform=528.282  L_min_j=0.363079  L_spread=[0]
  Iter  88/100  loss=2210.5486  (3.9s)
  [dbg] mean SINR_dB inside : 4.68783
  [dbg] mean SINR_dB outside: -13.3144
  [dbg] L_in=380.464  L_out=-88.1234  L_uniform=526.871  L_min_j=0.363401  L_spread=[0]
  Iter  89/100  loss=2215.1636  (3.8s)
  [dbg] mean SINR_dB inside : 4.75733
  [dbg] mean SINR_dB outside: -13.2466
  [dbg] L_in=379.513  L_out=-87.6158  L_uniform=528.341  L_min_j=0.363673  L_spread=[0]
  Iter  90/100  loss=2212.7795  (3.6s)
  [dbg] mean SINR_dB inside : 4.60723
  [dbg] mean SINR_dB outside: -13.2733
  [dbg] L_in=386.12  L_out=-87.7033  L_uniform=534.26  L_min_j=0.363902  L_spread=[0]
  Iter  91/100  loss=2265.3557  (3.6s)
  [dbg] mean SINR_dB inside : 4.72109
  [dbg] mean SINR_dB outside: -13.1848
  [dbg] L_in=380.919  L_out=-87.0144  L_uniform=529.396  L_min_j=0.364091  L_spread=[0]
  Iter  92/100  loss=2230.1458  (3.6s)
  [dbg] mean SINR_dB inside : 4.70711
  [dbg] mean SINR_dB outside: -13.2741
  [dbg] L_in=379.648  L_out=-87.7794  L_uniform=526.175  L_min_j=0.364245  L_spread=[0]
  Iter  93/100  loss=2212.0039  (3.6s)
  [dbg] mean SINR_dB inside : 4.57213
  [dbg] mean SINR_dB outside: -13.4573
  [dbg] L_in=390.01  L_out=-89.0816  L_uniform=540.334  L_min_j=0.364365  L_spread=[0]
  Iter  94/100  loss=2283.2937  (3.6s)
  [dbg] mean SINR_dB inside : 4.80377
  [dbg] mean SINR_dB outside: -13.157
  [dbg] L_in=375.296  L_out=-86.8742  L_uniform=522.159  L_min_j=0.364458  L_spread=[0]
  Iter  95/100  loss=2185.8413  (3.7s)
  [dbg] mean SINR_dB inside : 4.72171
  [dbg] mean SINR_dB outside: -13.3958
  [dbg] L_in=380.459  L_out=-88.6341  L_uniform=528.507  L_min_j=0.364527  L_spread=[0]
  Iter  96/100  loss=2210.1802  (3.6s)
  [dbg] mean SINR_dB inside : 4.61215
  [dbg] mean SINR_dB outside: -13.38
  [dbg] L_in=389.211  L_out=-88.4404  L_uniform=540.689  L_min_j=0.364575  L_spread=[0]
  Iter  97/100  loss=2283.3530  (3.6s)
  [dbg] mean SINR_dB inside : 4.73579
  [dbg] mean SINR_dB outside: -13.2065
  [dbg] L_in=378.231  L_out=-87.3256  L_uniform=524.733  L_min_j=0.364606  L_spread=[0]
  Iter  98/100  loss=2205.0627  (3.6s)
  [dbg] mean SINR_dB inside : 4.73926
  [dbg] mean SINR_dB outside: -13.3735
  [dbg] L_in=379.617  L_out=-88.4798  L_uniform=527.676  L_min_j=0.364623  L_spread=[0]
  Iter  99/100  loss=2204.9058  (3.6s)
  [dbg] mean SINR_dB inside : 4.76553
  [dbg] mean SINR_dB outside: -13.3438
  [dbg] L_in=378.729  L_out=-88.2101  L_uniform=527.172  L_min_j=0.364631  L_spread=[0]
  Iter 100/100  loss=2200.4482  (3.6s)

======================================================================
OPTIMIZATION COMPLETE  (404.7s)
  bs_0: Az=156.5°, El=-10.6°, pos=(419.5, -273.3)
  bs_1: Az=317.0°, El=-9.3°, pos=(-376.8, 373.6)
  bs_2: Az=133.6°, El=-7.0°, pos=(125.5, -399.9)
  bs_3: Az=19.2°, El=-9.4°, pos=(-435.0, -161.0)
  jam_1 [OFF gate=0.434]: Az=17.2°, El=-90.0°, pos=(-616.7, -165.9, 20.5), pwr=19.5 dBm
  jam_2 [OFF gate=0.226]: Az=78.2°, El=-90.0°, pos=(-143.8, -653.2, 18.5), pwr=18.7 dBm
  jam_3 [ON  gate=0.602]: Az=147.3°, El=-90.0°, pos=(458.3, -620.3, 34.4), pwr=20.3 dBm
  jam_4 [OFF gate=0.134]: Az=177.8°, El=-90.0°, pos=(668.3, 29.3, 15.6), pwr=18.2 dBm
  jam_5 [ON  gate=0.528]: Az=189.1°, El=-90.0°, pos=(483.2, 121.7, 22.5), pwr=19.9 dBm
  jam_6 [OFF gate=0.336]: Az=201.1°, El=-90.0°, pos=(261.4, 165.8, 23.2), pwr=19.3 dBm
  jam_7 [OFF gate=0.295]: Az=212.4°, El=-90.0°, pos=(186.3, 167.5, 17.2), pwr=19.1 dBm
  jam_8 [OFF gate=0.361]: Az=224.5°, El=-90.0°, pos=(165.8, 176.8, 17.5), pwr=19.4 dBm
======================================================================

  Joint:   404.7s total, 4.05s/iter
  Evaluating...

======================================================================
BS PARAMETERS  —  BEFORE / AFTER
======================================================================
  Name           Param         Initial   Optimised       Delta
  ----------------------------------------------------------------
  bs_0           Azimuth      +153.21°    +156.52°      +3.32°
                 Elevation      -9.30°     -10.62°      -1.32°
                 X (m)          +443.9      +419.5       -24.4
                 Y (m)          -261.7      -273.3       -11.5
                 Power dBm      +35.00      +40.00       +5.00
  ----------------------------------------------------------------
  bs_1           Azimuth      +313.18°    +316.97°      +3.79°
                 Elevation      -6.20°      -9.33°      -3.12°
                 X (m)          -421.7      -376.8       +44.9
                 Y (m)          +417.2      +373.6       -43.7
                 Power dBm      +35.00      +39.78       +4.78
  ----------------------------------------------------------------
  bs_2           Azimuth      +131.20°    +133.63°      +2.43°
                 Elevation      -7.27°      -7.00°      +0.27°
                 X (m)          +198.0      +125.5       -72.6
                 Y (m)          -518.5      -399.9      +118.6
                 Power dBm      +35.00      +40.00       +5.00
  ----------------------------------------------------------------
  bs_3           Azimuth       +14.96°     +19.22°      +4.26°
                 Elevation      -7.64°      -9.40°      -1.77°
                 X (m)          -486.8      -435.0       +51.9
                 Y (m)          -217.7      -161.0       +56.6
                 Power dBm      +35.00      +40.00       +5.00
  ----------------------------------------------------------------
======================================================================

Computing RadioMap for optimized BS configuration...
Computing RadioMap for 2/8 active jammers...
[verify] jam_interference_map: mean=2.559e-11 W  | mean SINR shift (BS-only − BS+Jam) = +0.471 dB

======================================================================
BS-ONLY SINR CONTAINMENT  (gamma = +0.0 dB)
======================================================================
  bs_0:
    rho_leak  (outside >= gamma):  39.0%
    rho_hole  (inside  <  gamma):  15.4%
    SINR inside  mean / p10: +9.8 / -4.3 dB
    SINR outside mean / p10: -14.8 / -34.9 dB

  bs_1:
    rho_leak  (outside >= gamma):  39.0%
    rho_hole  (inside  <  gamma):  15.4%
    SINR inside  mean / p10: +9.8 / -4.3 dB
    SINR outside mean / p10: -14.8 / -34.9 dB

  bs_2:
    rho_leak  (outside >= gamma):  39.0%
    rho_hole  (inside  <  gamma):  15.4%
    SINR inside  mean / p10: +9.8 / -4.3 dB
    SINR outside mean / p10: -14.8 / -34.9 dB

  bs_3:
    rho_leak  (outside >= gamma):  39.0%
    rho_hole  (inside  <  gamma):  15.4%
    SINR inside  mean / p10: +9.8 / -4.3 dB
    SINR outside mean / p10: -14.8 / -34.9 dB

======================================================================
BS+JAMMER SINR CONTAINMENT  (gamma = +0.0 dB)
======================================================================
  bs_0:
    rho_leak  (outside >= gamma):  35.7%
    rho_hole  (inside  <  gamma):  15.6%
    SINR inside  mean / p10: +9.7 / -4.4 dB
    SINR outside mean / p10: -15.6 / -35.5 dB

  bs_1:
    rho_leak  (outside >= gamma):  35.7%
    rho_hole  (inside  <  gamma):  15.6%
    SINR inside  mean / p10: +9.7 / -4.4 dB
    SINR outside mean / p10: -15.6 / -35.5 dB

  bs_2:
    rho_leak  (outside >= gamma):  35.7%
    rho_hole  (inside  <  gamma):  15.6%
    SINR inside  mean / p10: +9.7 / -4.4 dB
    SINR outside mean / p10: -15.6 / -35.5 dB

  bs_3:
    rho_leak  (outside >= gamma):  35.7%
    rho_hole  (inside  <  gamma):  15.6%
    SINR inside  mean / p10: +9.7 / -4.4 dB
    SINR outside mean / p10: -15.6 / -35.5 dB

======================================================================

  Saved → ../results/duke/l_shape_large_n1000

Done. 16 runs processed.
Loaded 16 result(s) from ../results/duke

Run                                    In μ  In p10  In p90   Out μ    leak    hole  wu s/it  jt s/it   tot s
--------------------------------------------------------------------------------------------------------------
circle_large_n300                      9.74   -2.41   22.54  -19.85  0.2513  0.1395     1.03     2.16   319.2
circle_large_n500                     10.39   -2.18   23.43  -18.90  0.2627  0.1340     1.24     2.82   405.3
circle_large_n700                      9.78   -2.29   22.42  -19.49  0.2654  0.1371     1.57     3.24   480.4
circle_large_n1000                     9.91   -2.43   23.21  -19.65  0.2496  0.1385     1.77     3.87   564.7
l_shape_large_n300                    10.29   -3.63   25.31  -13.44  0.3807  0.1464     1.05     2.28   333.6
l_shape_large_n500                    10.09   -3.49   24.99  -15.17  0.3776  0.1454     1.27     2.79   406.4
l_shape_large_n700                    10.24   -3.73   24.84  -13.14  0.3797  0.1472     1.42     3.25   467.6
l_shape_large_n1000                    9.69   -4.36   24.56  -15.55  0.3570  0.1555     1.75     4.05   579.5
splat_large_n300                       7.87  -11.85   24.21  -25.78  0.3063  0.2119     1.12     2.42   353.6
splat_large_n500                       8.06  -11.37   24.65  -25.43  0.3098  0.2083     1.51     3.23   473.3
splat_large_n700                       6.83  -14.42   23.59  -25.46  0.3326  0.2239     1.86     4.09   595.0
splat_large_n1000                      7.76  -12.07   24.13  -25.41  0.3272  0.2143     2.30     5.10   739.1
square_large_n300                      7.91  -13.71   24.48   -6.09  0.4593  0.2286     0.90     2.01   290.4
square_large_n500                      7.71  -13.81   23.99   -6.47  0.4509  0.2282     1.18     2.47   365.1
square_large_n700                      7.92  -13.22   24.47   -8.23  0.4299  0.2256     1.28     2.76   404.4
square_large_n1000                     7.30  -14.07   23.84   -7.36  0.4365  0.2381     1.55     3.40   494.8

Analysis plots saved to: /home/shr25/service_aware_geometric_optimization/results/duke/analysis
[0m